
          -------------------------------------------------------
          Amber 22 PMEMD                              2022
          -------------------------------------------------------

| PMEMD implementation of SANDER, Release 22

|  Compiled date/time: Thu Apr 14 23:06:37 2022
| Run on 03/23/2025 at 09:42:18

|   Executable path: /usr/local/amber22/bin/pmemd.cuda
| Working directory: /home/zuh/Working/nizakat/FMDV-VLP/FMDV/prod
|          Hostname: Unknown
  [-O]verwriting output

File Assignments:
|   MDIN: prod.in                                                               
|  MDOUT: prod2.out                                                             
| INPCRD: prod1.rst                                                             
|   PARM: comp_solvated.prmtop                                                  
| RESTRT: prod2.rst                                                             
|   REFC: refc                                                                  
|  MDVEL: mdvel                                                                 
|   MDEN: mden                                                                  
|  MDCRD: prod2.mdcrd                                                           
| MDINFO: mdinfo                                                                
|  MDFRC: mdfrc                                                                 


 Here is the input file:

heat ras-raf                                                                   
 &cntrl                                                                        
  imin=0,irest=1,ntx=5,                                                        
  nstlim=25000000,dt=0.002,                                                    
  ntc=2,ntf=2,                                                                 
  cut=8.0, ntb=2, ntp=1, taup=2.0,                                             
  ntpr=50000, ntwx=50000,                                                      
  ntt=3, gamma_ln=2.0,                                                         
  temp0=300.0, ig=-1,                                                          
 /                                                                             
                                                                               


Note: ig = -1. Setting random seed to   635638 based on wallclock time in 
      microseconds.
| irandom = 1, using AMBER's internal random number generator (default).
 
|--------------------- INFORMATION ----------------------
| GPU (CUDA) Version of PMEMD in use: NVIDIA GPU IN USE.
|                    Version 18.0.0
| 
|                      03/25/2018
| 
| Implementation by:
|                    Ross C. Walker     (SDSC)
|                    Scott Le Grand     (nVIDIA)
| 
| Version 18 performance extensions by:
|                    David Cerutti     (Rutgers)
| 
| Precision model in use:
|      [SPFP] - Single Precision Forces, 64-bit Fixed Point
|               Accumulation. (Default)
| 
|--------------------------------------------------------
 
|----------------- CITATION INFORMATION -----------------
|
|    When publishing work that utilized the CUDA version
|    of AMBER, please cite the following in addition to
|    the regular AMBER citations:
|
|  - Romelia Salomon-Ferrer; Andreas W. Goetz; Duncan
|    Poole; Scott Le Grand; Ross C. Walker "Routine
|    microsecond molecular dynamics simulations with
|    AMBER - Part II: Particle Mesh Ewald", J. Chem.
|    Theory Comput., 2013, 9 (9), pp3878-3888,
|    DOI: 10.1021/ct400314y.
|
|  - Andreas W. Goetz; Mark J. Williamson; Dong Xu;
|    Duncan Poole; Scott Le Grand; Ross C. Walker
|    "Routine microsecond molecular dynamics simulations
|    with AMBER - Part I: Generalized Born", J. Chem.
|    Theory Comput., 2012, 8 (5), pp1542-1555.
|
|  - Scott Le Grand; Andreas W. Goetz; Ross C. Walker
|    "SPFP: Speed without compromise - a mixed precision
|    model for GPU accelerated molecular dynamics
|    simulations.", Comp. Phys. Comm., 2013, 184
|    pp374-380, DOI: 10.1016/j.cpc.2012.09.022
|
|--------------------------------------------------------
 
|------------------- GPU DEVICE INFO --------------------
|
|            CUDA_VISIBLE_DEVICES: not set
|   CUDA Capable Devices Detected:      1
|           CUDA Device ID in use:      0
|                CUDA Device Name: NVIDIA GeForce RTX 3060
|     CUDA Device Global Mem Size:  12036 MB
| CUDA Device Num Multiprocessors:     28
|           CUDA Device Core Freq:   1.81 GHz
|
|--------------------------------------------------------
 
 
| Conditional Compilation Defines Used:
| PUBFFT
| BINTRAJ
| CUDA
| EMIL

| Largest sphere to fit in unit cell has radius =    66.786

| New format PARM file being parsed.
| Version =    1.000 Date = 03/19/25 Time = 11:55:27

| Note: 1-4 EEL scale factors are being read from the topology file.

| Note: 1-4 VDW scale factors are being read from the topology file.
| Duplicated    0 dihedrals

| Duplicated    0 dihedrals

--------------------------------------------------------------------------------
   1.  RESOURCE   USE: 
--------------------------------------------------------------------------------

 getting box info from netcdf restart file
 NATOM  =  428063 NTYPES =      16 NBONH =  401133 MBONA  =   27565
 NTHETH =   59490 MTHETA =   37620 NPHIH =  118745 MPHIA  =   73110
 NHPARM =       0 NPARM  =       0 NNB   =  793424 NRES   =  128436
 NBONA  =   27565 NTHETA =   37620 NPHIA =   73110 NUMBND =      43
 NUMANG =      89 NPTRA  =      39 NATYP =      31 NPHB   =       0
 IFBOX  =       1 NMXRS  =      24 IFCAP =       0 NEXTRA =       0
 NCOPY  =       0

| Coordinate Index Table dimensions:    42   37   29
| Direct force subcell size =     4.5604    4.5817    4.6059

     BOX TYPE: RECTILINEAR

--------------------------------------------------------------------------------
   2.  CONTROL  DATA  FOR  THE  RUN
--------------------------------------------------------------------------------

default_name                                                                    

General flags:
     imin    =       0, nmropt  =       0

Nature and format of input:
     ntx     =       5, irest   =       1, ntrx    =       1

Nature and format of output:
     ntxo    =       2, ntpr    =   50000, ntrx    =       1, ntwr    =25000000
     iwrap   =       0, ntwx    =   50000, ntwv    =       0, ntwe    =       0
     ioutfm  =       1, ntwprt  =       0, idecomp =       0, rbornstat=      0

Potential function:
     ntf     =       2, ntb     =       2, igb     =       0, nsnb    =      25
     ipol    =       0, gbsa    =       0, iesp    =       0
     dielc   =   1.00000, cut     =   8.00000, intdiel =   1.00000

Frozen or restrained atoms:
     ibelly  =       0, ntr     =       0

Molecular dynamics:
     nstlim  =  25000000, nscm    =      1000, nrespa  =         1
     t       =   0.00000, dt      =   0.00200, vlimit  =  -1.00000

Langevin dynamics temperature regulation:
     ig      =  635638
     temp0   = 300.00000, tempi   =   0.00000, gamma_ln=   2.00000

Pressure regulation:
     ntp     =       1
     pres0   =   1.00000, comp    =  44.60000, taup    =   2.00000

SHAKE:
     ntc     =       2, jfastw  =       0
     tol     =   0.00001

| Intermolecular bonds treatment:
|     no_intermolecular_bonds =       1

| Energy averages sample interval:
|     ene_avg_sampling =   50000

Ewald parameters:
     verbose =       0, ew_type =       0, nbflag  =       1, use_pme =       1
     vdwmeth =       1, eedmeth =       1, netfrc  =       1
     Box X =  191.538   Box Y =  169.524   Box Z =  133.572
     Alpha =   90.000   Beta  =   90.000   Gamma =   90.000
     NFFT1 =  192       NFFT2 =  180       NFFT3 =  128
     Cutoff=    8.000   Tol   =0.100E-04
     Ewald Coefficient =  0.34864
     Interpolation order =    4

--------------------------------------------------------------------------------
   3.  ATOMIC COORDINATES AND VELOCITIES
--------------------------------------------------------------------------------

default_name                                                                    
 begin time read from input coords = 50575.000 ps

 
 Number of triangulated 3-point waters found:   124946

     Sum of charges from parm topology file =  -0.00000163
     Forcing neutrality...

| Dynamic Memory, Types Used:
| Reals            16580047
| Integers         18005616

| Nonbonded Pairs Initial Allocation:    71497222

| GPU memory information (estimate):
| KB of GPU memory in use:   1430397
| KB of CPU memory in use:    609255

--------------------------------------------------------------------------------
   4.  RESULTS
--------------------------------------------------------------------------------


 NSTEP =    50000   TIME(PS) =   50675.000  TEMP(K) =   299.25  PRESS =   122.3
 Etot   =  -1017843.7676  EKtot   =    262560.2188  EPtot      =  -1280403.9864
 BOND   =     10452.4587  ANGLE   =     27832.7112  DIHED      =     33028.8092
 1-4 NB =     12395.1568  1-4 EEL =    135010.2858  VDWAALS    =    153318.8317
 EELEC  =  -1652442.2398  EHBOND  =         0.0000  RESTRAINT  =         0.0000
 EKCMT  =    112055.8875  VIRIAL  =    100615.5898  VOLUME     =   4333894.5010
                                                    Density    =         1.0090
 ------------------------------------------------------------------------------


 NSTEP =   100000   TIME(PS) =   50775.000  TEMP(K) =   300.07  PRESS =   -45.8
 Etot   =  -1017134.5030  EKtot   =    263284.7500  EPtot      =  -1280419.2530
 BOND   =     10545.9871  ANGLE   =     27849.1542  DIHED      =     33239.2322
 1-4 NB =     12412.6233  1-4 EEL =    135215.7253  VDWAALS    =    151662.5133
 EELEC  =  -1651344.4883  EHBOND  =         0.0000  RESTRAINT  =         0.0000
 EKCMT  =    112084.4712  VIRIAL  =    116368.0284  VOLUME     =   4332681.4674
                                                    Density    =         1.0093
 ------------------------------------------------------------------------------


 NSTEP =   150000   TIME(PS) =   50875.000  TEMP(K) =   299.80  PRESS =   130.2
 Etot   =  -1017037.8841  EKtot   =    263046.8125  EPtot      =  -1280084.6966
 BOND   =     10558.7549  ANGLE   =     27897.3484  DIHED      =     32843.6288
 1-4 NB =     12397.8507  1-4 EEL =    135200.7939  VDWAALS    =    153205.0092
 EELEC  =  -1652188.0825  EHBOND  =         0.0000  RESTRAINT  =         0.0000
 EKCMT  =    112228.5888  VIRIAL  =    100042.6453  VOLUME     =   4335458.8748
                                                    Density    =         1.0086
 ------------------------------------------------------------------------------


 NSTEP =   200000   TIME(PS) =   50975.000  TEMP(K) =   299.80  PRESS =    80.4
 Etot   =  -1015965.4623  EKtot   =    263042.7500  EPtot      =  -1279008.2123
 BOND   =     10526.7778  ANGLE   =     27879.2516  DIHED      =     33075.3571
 1-4 NB =     12283.5440  1-4 EEL =    135007.5346  VDWAALS    =    152354.7409
 EELEC  =  -1650135.4182  EHBOND  =         0.0000  RESTRAINT  =         0.0000
 EKCMT  =    112184.4110  VIRIAL  =    104661.2502  VOLUME     =   4334690.0932
                                                    Density    =         1.0088
 ------------------------------------------------------------------------------


 NSTEP =   250000   TIME(PS) =   51075.000  TEMP(K) =   300.16  PRESS =   -10.6
 Etot   =  -1016761.4069  EKtot   =    263357.1875  EPtot      =  -1280118.5944
 BOND   =     10273.5755  ANGLE   =     27955.4834  DIHED      =     32813.4893
 1-4 NB =     12526.0487  1-4 EEL =    135197.2282  VDWAALS    =    152466.4283
 EELEC  =  -1651350.8478  EHBOND  =         0.0000  RESTRAINT  =         0.0000
 EKCMT  =    111872.3257  VIRIAL  =    112867.2204  VOLUME     =   4336757.8317
                                                    Density    =         1.0083
 ------------------------------------------------------------------------------


 NSTEP =   300000   TIME(PS) =   51175.000  TEMP(K) =   300.45  PRESS =   -23.9
 Etot   =  -1016928.0947  EKtot   =    263614.5312  EPtot      =  -1280542.6260
 BOND   =     10428.7379  ANGLE   =     27705.2328  DIHED      =     32816.2612
 1-4 NB =     12443.1007  1-4 EEL =    135170.2410  VDWAALS    =    153090.4830
 EELEC  =  -1652196.6825  EHBOND  =         0.0000  RESTRAINT  =         0.0000
 EKCMT  =    112094.7427  VIRIAL  =    114334.6394  VOLUME     =   4337337.6296
                                                    Density    =         1.0082
 ------------------------------------------------------------------------------


 NSTEP =   350000   TIME(PS) =   51275.000  TEMP(K) =   299.92  PRESS =    32.5
 Etot   =  -1017111.0944  EKtot   =    263148.1562  EPtot      =  -1280259.2507
 BOND   =     10485.7953  ANGLE   =     27779.5304  DIHED      =     33092.9756
 1-4 NB =     12351.8199  1-4 EEL =    135012.2300  VDWAALS    =    152264.2897
 EELEC  =  -1651245.8916  EHBOND  =         0.0000  RESTRAINT  =         0.0000
 EKCMT  =    112395.1516  VIRIAL  =    109353.3301  VOLUME     =   4334349.1006
                                                    Density    =         1.0089
 ------------------------------------------------------------------------------


 NSTEP =   400000   TIME(PS) =   51375.000  TEMP(K) =   299.59  PRESS =    24.7
 Etot   =  -1016602.8037  EKtot   =    262857.0938  EPtot      =  -1279459.8975
 BOND   =     10404.8646  ANGLE   =     27981.6919  DIHED      =     33003.3461
 1-4 NB =     12447.7369  1-4 EEL =    135098.0420  VDWAALS    =    151767.0846
 EELEC  =  -1650162.6635  EHBOND  =         0.0000  RESTRAINT  =         0.0000
 EKCMT  =    111716.5676  VIRIAL  =    109401.5526  VOLUME     =   4336523.7504
                                                    Density    =         1.0084
 ------------------------------------------------------------------------------


 NSTEP =   450000   TIME(PS) =   51475.000  TEMP(K) =   300.64  PRESS =   -42.3
 Etot   =  -1016259.8076  EKtot   =    263778.4375  EPtot      =  -1280038.2451
 BOND   =     10498.4532  ANGLE   =     27821.3137  DIHED      =     32994.9871
 1-4 NB =     12407.9502  1-4 EEL =    135238.6614  VDWAALS    =    152670.4312
 EELEC  =  -1651670.0419  EHBOND  =         0.0000  RESTRAINT  =         0.0000
 EKCMT  =    112579.3640  VIRIAL  =    116537.3909  VOLUME     =   4336867.0960
                                                    Density    =         1.0083
 ------------------------------------------------------------------------------


 NSTEP =   500000   TIME(PS) =   51575.000  TEMP(K) =   300.12  PRESS =    64.1
 Etot   =  -1016997.6655  EKtot   =    263322.9375  EPtot      =  -1280320.6030
 BOND   =     10551.8939  ANGLE   =     27723.3703  DIHED      =     32869.1881
 1-4 NB =     12310.2916  1-4 EEL =    135031.4068  VDWAALS    =    152618.6640
 EELEC  =  -1651425.4177  EHBOND  =         0.0000  RESTRAINT  =         0.0000
 EKCMT  =    112020.5940  VIRIAL  =    106027.0441  VOLUME     =   4333327.8977
                                                    Density    =         1.0091
 ------------------------------------------------------------------------------


 NSTEP =   550000   TIME(PS) =   51675.000  TEMP(K) =   299.85  PRESS =   -53.1
 Etot   =  -1016718.3199  EKtot   =    263090.7812  EPtot      =  -1279809.1012
 BOND   =     10472.0583  ANGLE   =     28077.1672  DIHED      =     32859.1744
 1-4 NB =     12387.1447  1-4 EEL =    134930.0892  VDWAALS    =    152597.8191
 EELEC  =  -1651132.5542  EHBOND  =         0.0000  RESTRAINT  =         0.0000
 EKCMT  =    112254.9735  VIRIAL  =    117220.5466  VOLUME     =   4333472.2094
                                                    Density    =         1.0091
 ------------------------------------------------------------------------------


 NSTEP =   600000   TIME(PS) =   51775.000  TEMP(K) =   299.58  PRESS =    38.4
 Etot   =  -1016616.6967  EKtot   =    262849.8125  EPtot      =  -1279466.5092
 BOND   =     10535.6889  ANGLE   =     28029.7920  DIHED      =     33008.9548
 1-4 NB =     12339.6476  1-4 EEL =    135077.4792  VDWAALS    =    153263.8148
 EELEC  =  -1651721.8865  EHBOND  =         0.0000  RESTRAINT  =         0.0000
 EKCMT  =    111861.7032  VIRIAL  =    108265.7795  VOLUME     =   4334534.8463
                                                    Density    =         1.0088
 ------------------------------------------------------------------------------


 NSTEP =   650000   TIME(PS) =   51875.000  TEMP(K) =   299.82  PRESS =    67.2
 Etot   =  -1017553.2193  EKtot   =    263061.1250  EPtot      =  -1280614.3443
 BOND   =     10514.9641  ANGLE   =     27986.2748  DIHED      =     32870.6502
 1-4 NB =     12398.2297  1-4 EEL =    135030.6359  VDWAALS    =    152913.5078
 EELEC  =  -1652328.6070  EHBOND  =         0.0000  RESTRAINT  =         0.0000
 EKCMT  =    111920.1772  VIRIAL  =    105635.5634  VOLUME     =   4330750.9725
                                                    Density    =         1.0097
 ------------------------------------------------------------------------------


 NSTEP =   700000   TIME(PS) =   51975.000  TEMP(K) =   300.63  PRESS =    -6.1
 Etot   =  -1015523.3444  EKtot   =    263773.4062  EPtot      =  -1279296.7507
 BOND   =     10514.5323  ANGLE   =     28184.8951  DIHED      =     32985.1196
 1-4 NB =     12353.4661  1-4 EEL =    135163.8191  VDWAALS    =    153003.8841
 EELEC  =  -1651502.4670  EHBOND  =         0.0000  RESTRAINT  =         0.0000
 EKCMT  =    112364.3740  VIRIAL  =    112932.6481  VOLUME     =   4335594.3441
                                                    Density    =         1.0086
 ------------------------------------------------------------------------------


 NSTEP =   750000   TIME(PS) =   52075.000  TEMP(K) =   300.08  PRESS =    12.2
 Etot   =  -1017768.1793  EKtot   =    263291.8750  EPtot      =  -1281060.0543
 BOND   =     10473.0149  ANGLE   =     27805.5417  DIHED      =     32912.9389
 1-4 NB =     12385.1955  1-4 EEL =    135250.4403  VDWAALS    =    153421.3280
 EELEC  =  -1653308.5136  EHBOND  =         0.0000  RESTRAINT  =         0.0000
 EKCMT  =    112232.3875  VIRIAL  =    111092.3617  VOLUME     =   4334544.7802
                                                    Density    =         1.0088
 ------------------------------------------------------------------------------


 NSTEP =   800000   TIME(PS) =   52175.000  TEMP(K) =   299.62  PRESS =     8.0
 Etot   =  -1017744.1976  EKtot   =    262889.6250  EPtot      =  -1280633.8226
 BOND   =     10411.0390  ANGLE   =     27736.1649  DIHED      =     32885.2589
 1-4 NB =     12427.9280  1-4 EEL =    135159.0177  VDWAALS    =    152568.1891
 EELEC  =  -1651821.4203  EHBOND  =         0.0000  RESTRAINT  =         0.0000
 EKCMT  =    111704.1813  VIRIAL  =    110956.5560  VOLUME     =   4335644.1773
                                                    Density    =         1.0086
 ------------------------------------------------------------------------------


 NSTEP =   850000   TIME(PS) =   52275.000  TEMP(K) =   299.33  PRESS =     9.7
 Etot   =  -1017426.4964  EKtot   =    262635.9062  EPtot      =  -1280062.4027
 BOND   =     10486.2714  ANGLE   =     27884.0618  DIHED      =     33029.8707
 1-4 NB =     12374.7612  1-4 EEL =    135242.8655  VDWAALS    =    153243.4546
 EELEC  =  -1652323.6880  EHBOND  =         0.0000  RESTRAINT  =         0.0000
 EKCMT  =    111612.2090  VIRIAL  =    110706.4453  VOLUME     =   4333457.0671
                                                    Density    =         1.0091
 ------------------------------------------------------------------------------


 NSTEP =   900000   TIME(PS) =   52375.000  TEMP(K) =   300.49  PRESS =    13.2
 Etot   =  -1017221.6810  EKtot   =    263646.7812  EPtot      =  -1280868.4623
 BOND   =     10503.0131  ANGLE   =     27652.2186  DIHED      =     32915.3634
 1-4 NB =     12368.5219  1-4 EEL =    135141.9937  VDWAALS    =    152391.3823
 EELEC  =  -1651840.9551  EHBOND  =         0.0000  RESTRAINT  =         0.0000
 EKCMT  =    112169.3609  VIRIAL  =    110936.0686  VOLUME     =   4334919.5062
                                                    Density    =         1.0087
 ------------------------------------------------------------------------------


 NSTEP =   950000   TIME(PS) =   52475.000  TEMP(K) =   299.91  PRESS =    29.7
 Etot   =  -1016549.7330  EKtot   =    263144.6562  EPtot      =  -1279694.3892
 BOND   =     10503.1720  ANGLE   =     27682.6053  DIHED      =     33000.6734
 1-4 NB =     12359.2912  1-4 EEL =    135187.0080  VDWAALS    =    152906.2655
 EELEC  =  -1651333.4047  EHBOND  =         0.0000  RESTRAINT  =         0.0000
 EKCMT  =    112144.7253  VIRIAL  =    109358.4596  VOLUME     =   4338249.2930
                                                    Density    =         1.0080
 ------------------------------------------------------------------------------


 NSTEP =  1000000   TIME(PS) =   52575.000  TEMP(K) =   300.63  PRESS =    -0.1
 Etot   =  -1016234.3010  EKtot   =    263771.7500  EPtot      =  -1280006.0510
 BOND   =     10466.4423  ANGLE   =     27969.2233  DIHED      =     32977.7338
 1-4 NB =     12328.0950  1-4 EEL =    135132.5801  VDWAALS    =    152480.4557
 EELEC  =  -1651360.5813  EHBOND  =         0.0000  RESTRAINT  =         0.0000
 EKCMT  =    112302.1916  VIRIAL  =    112313.8739  VOLUME     =   4334650.4935
                                                    Density    =         1.0088
 ------------------------------------------------------------------------------


 NSTEP =  1050000   TIME(PS) =   52675.000  TEMP(K) =   300.54  PRESS =   -73.5
 Etot   =  -1016071.3943  EKtot   =    263692.3438  EPtot      =  -1279763.7380
 BOND   =     10530.0521  ANGLE   =     27852.9188  DIHED      =     32919.4225
 1-4 NB =     12309.6922  1-4 EEL =    135112.7024  VDWAALS    =    153027.1288
 EELEC  =  -1651515.6548  EHBOND  =         0.0000  RESTRAINT  =         0.0000
 EKCMT  =    112310.4683  VIRIAL  =    119188.2570  VOLUME     =   4333807.0431
                                                    Density    =         1.0090
 ------------------------------------------------------------------------------


 NSTEP =  1100000   TIME(PS) =   52775.000  TEMP(K) =   299.30  PRESS =    -6.7
 Etot   =  -1018173.5403  EKtot   =    262603.1250  EPtot      =  -1280776.6653
 BOND   =     10386.1592  ANGLE   =     27954.4755  DIHED      =     32945.9447
 1-4 NB =     12399.7461  1-4 EEL =    135224.2788  VDWAALS    =    152888.0702
 EELEC  =  -1652575.3400  EHBOND  =         0.0000  RESTRAINT  =         0.0000
 EKCMT  =    111930.0692  VIRIAL  =    112552.5677  VOLUME     =   4334117.2354
                                                    Density    =         1.0089
 ------------------------------------------------------------------------------


 NSTEP =  1150000   TIME(PS) =   52875.000  TEMP(K) =   299.58  PRESS =    42.0
 Etot   =  -1016752.9552  EKtot   =    262850.5000  EPtot      =  -1279603.4552
 BOND   =     10489.3428  ANGLE   =     28124.2781  DIHED      =     32959.5718
 1-4 NB =     12306.0895  1-4 EEL =    135408.0498  VDWAALS    =    152872.1340
 EELEC  =  -1651762.9212  EHBOND  =         0.0000  RESTRAINT  =         0.0000
 EKCMT  =    112096.0986  VIRIAL  =    108167.9503  VOLUME     =   4334900.2419
                                                    Density    =         1.0087
 ------------------------------------------------------------------------------


 NSTEP =  1200000   TIME(PS) =   52975.000  TEMP(K) =   299.47  PRESS =   -86.7
 Etot   =  -1017164.6946  EKtot   =    262753.1250  EPtot      =  -1279917.8196
 BOND   =     10557.7683  ANGLE   =     27752.2041  DIHED      =     33034.0293
 1-4 NB =     12409.9358  1-4 EEL =    135200.6119  VDWAALS    =    152514.3020
 EELEC  =  -1651386.6711  EHBOND  =         0.0000  RESTRAINT  =         0.0000
 EKCMT  =    111741.2573  VIRIAL  =    119856.2490  VOLUME     =   4336921.4506
                                                    Density    =         1.0083
 ------------------------------------------------------------------------------


 NSTEP =  1250000   TIME(PS) =   53075.000  TEMP(K) =   300.57  PRESS =   -22.6
 Etot   =  -1016196.2000  EKtot   =    263720.0938  EPtot      =  -1279916.2937
 BOND   =     10387.5157  ANGLE   =     28023.7183  DIHED      =     33116.2122
 1-4 NB =     12383.5561  1-4 EEL =    135137.2987  VDWAALS    =    152121.9841
 EELEC  =  -1651086.5787  EHBOND  =         0.0000  RESTRAINT  =         0.0000
 EKCMT  =    112442.4797  VIRIAL  =    114558.4517  VOLUME     =   4332538.4062
                                                    Density    =         1.0093
 ------------------------------------------------------------------------------


 NSTEP =  1300000   TIME(PS) =   53175.000  TEMP(K) =   300.10  PRESS =    74.7
 Etot   =  -1016306.3361  EKtot   =    263312.0000  EPtot      =  -1279618.3361
 BOND   =     10531.2259  ANGLE   =     27712.0569  DIHED      =     32937.1159
 1-4 NB =     12362.1992  1-4 EEL =    134921.1481  VDWAALS    =    153473.0445
 EELEC  =  -1651555.1266  EHBOND  =         0.0000  RESTRAINT  =         0.0000
 EKCMT  =    112200.3797  VIRIAL  =    105207.2871  VOLUME     =   4335516.0635
                                                    Density    =         1.0086
 ------------------------------------------------------------------------------


 NSTEP =  1350000   TIME(PS) =   53275.000  TEMP(K) =   299.80  PRESS =    51.2
 Etot   =  -1017403.9571  EKtot   =    263046.0000  EPtot      =  -1280449.9571
 BOND   =     10485.7532  ANGLE   =     27925.0187  DIHED      =     32993.7518
 1-4 NB =     12315.3247  1-4 EEL =    135100.4494  VDWAALS    =    153529.7829
 EELEC  =  -1652800.0380  EHBOND  =         0.0000  RESTRAINT  =         0.0000
 EKCMT  =    111856.6993  VIRIAL  =    107070.2421  VOLUME     =   4332070.9016
                                                    Density    =         1.0094
 ------------------------------------------------------------------------------


 NSTEP =  1400000   TIME(PS) =   53375.000  TEMP(K) =   300.04  PRESS =   -18.0
 Etot   =  -1016105.4203  EKtot   =    263252.1250  EPtot      =  -1279357.5453
 BOND   =     10482.2774  ANGLE   =     27679.7737  DIHED      =     32876.3832
 1-4 NB =     12472.6833  1-4 EEL =    135600.8551  VDWAALS    =    152664.3454
 EELEC  =  -1651133.8635  EHBOND  =         0.0000  RESTRAINT  =         0.0000
 EKCMT  =    112391.5020  VIRIAL  =    114076.2429  VOLUME     =   4336343.3646
                                                    Density    =         1.0084
 ------------------------------------------------------------------------------


 NSTEP =  1450000   TIME(PS) =   53475.000  TEMP(K) =   299.82  PRESS =    15.7
 Etot   =  -1017805.5847  EKtot   =    263059.0312  EPtot      =  -1280864.6160
 BOND   =     10529.8709  ANGLE   =     27807.4632  DIHED      =     32900.5032
 1-4 NB =     12454.5960  1-4 EEL =    135134.8461  VDWAALS    =    152754.3055
 EELEC  =  -1652446.2008  EHBOND  =         0.0000  RESTRAINT  =         0.0000
 EKCMT  =    112364.3025  VIRIAL  =    110896.9224  VOLUME     =   4332429.8979
                                                    Density    =         1.0093
 ------------------------------------------------------------------------------


 NSTEP =  1500000   TIME(PS) =   53575.000  TEMP(K) =   299.12  PRESS =   -65.4
 Etot   =  -1017944.9960  EKtot   =    262444.0938  EPtot      =  -1280389.0897
 BOND   =     10476.5557  ANGLE   =     27750.7280  DIHED      =     32914.2132
 1-4 NB =     12390.2794  1-4 EEL =    134974.1934  VDWAALS    =    151029.2351
 EELEC  =  -1649924.2946  EHBOND  =         0.0000  RESTRAINT  =         0.0000
 EKCMT  =    111899.2799  VIRIAL  =    118019.5321  VOLUME     =   4334282.7371
                                                    Density    =         1.0089
 ------------------------------------------------------------------------------


 NSTEP =  1550000   TIME(PS) =   53675.000  TEMP(K) =   299.90  PRESS =   -33.6
 Etot   =  -1017889.5045  EKtot   =    263132.9688  EPtot      =  -1281022.4733
 BOND   =     10460.4984  ANGLE   =     27769.7481  DIHED      =     32961.8591
 1-4 NB =     12344.6994  1-4 EEL =    135385.9743  VDWAALS    =    153133.3541
 EELEC  =  -1653078.6067  EHBOND  =         0.0000  RESTRAINT  =         0.0000
 EKCMT  =    112144.4857  VIRIAL  =    115294.2861  VOLUME     =   4338369.4871
                                                    Density    =         1.0079
 ------------------------------------------------------------------------------


 NSTEP =  1600000   TIME(PS) =   53775.000  TEMP(K) =   300.33  PRESS =    77.0
 Etot   =  -1017012.6694  EKtot   =    263509.3750  EPtot      =  -1280522.0444
 BOND   =     10417.5414  ANGLE   =     27849.9155  DIHED      =     32970.8562
 1-4 NB =     12452.5992  1-4 EEL =    135406.0361  VDWAALS    =    153684.7153
 EELEC  =  -1653303.7080  EHBOND  =         0.0000  RESTRAINT  =         0.0000
 EKCMT  =    112441.5756  VIRIAL  =    105235.4382  VOLUME     =   4335727.1423
                                                    Density    =         1.0085
 ------------------------------------------------------------------------------


 NSTEP =  1650000   TIME(PS) =   53875.000  TEMP(K) =   300.23  PRESS =    29.5
 Etot   =  -1016339.0283  EKtot   =    263423.0000  EPtot      =  -1279762.0283
 BOND   =     10454.7903  ANGLE   =     27676.0180  DIHED      =     32959.4615
 1-4 NB =     12380.7100  1-4 EEL =    135313.6064  VDWAALS    =    152543.9831
 EELEC  =  -1651090.5978  EHBOND  =         0.0000  RESTRAINT  =         0.0000
 EKCMT  =    112040.8254  VIRIAL  =    109275.2118  VOLUME     =   4335064.8072
                                                    Density    =         1.0087
 ------------------------------------------------------------------------------


 NSTEP =  1700000   TIME(PS) =   53975.000  TEMP(K) =   300.90  PRESS =    44.1
 Etot   =  -1015999.2568  EKtot   =    264006.2500  EPtot      =  -1280005.5068
 BOND   =     10365.6502  ANGLE   =     28011.5770  DIHED      =     33017.2320
 1-4 NB =     12320.0125  1-4 EEL =    134837.4496  VDWAALS    =    152120.7114
 EELEC  =  -1650678.1395  EHBOND  =         0.0000  RESTRAINT  =         0.0000
 EKCMT  =    112609.8054  VIRIAL  =    108484.4570  VOLUME     =   4337136.8752
                                                    Density    =         1.0082
 ------------------------------------------------------------------------------


 NSTEP =  1750000   TIME(PS) =   54075.000  TEMP(K) =   300.31  PRESS =     8.7
 Etot   =  -1016991.4434  EKtot   =    263489.0625  EPtot      =  -1280480.5059
 BOND   =     10399.4444  ANGLE   =     27927.9725  DIHED      =     32889.4608
 1-4 NB =     12386.3059  1-4 EEL =    135137.9221  VDWAALS    =    152334.6833
 EELEC  =  -1651556.2949  EHBOND  =         0.0000  RESTRAINT  =         0.0000
 EKCMT  =    112266.9638  VIRIAL  =    111453.0217  VOLUME     =   4333670.2052
                                                    Density    =         1.0090
 ------------------------------------------------------------------------------


 NSTEP =  1800000   TIME(PS) =   54175.000  TEMP(K) =   299.84  PRESS =    -7.1
 Etot   =  -1017978.8890  EKtot   =    263075.6562  EPtot      =  -1281054.5452
 BOND   =     10511.5566  ANGLE   =     27724.3669  DIHED      =     32917.1718
 1-4 NB =     12426.2199  1-4 EEL =    135469.0139  VDWAALS    =    152507.0865
 EELEC  =  -1652609.9608  EHBOND  =         0.0000  RESTRAINT  =         0.0000
 EKCMT  =    112165.1723  VIRIAL  =    112830.7386  VOLUME     =   4333766.7797
                                                    Density    =         1.0090
 ------------------------------------------------------------------------------


 NSTEP =  1850000   TIME(PS) =   54275.000  TEMP(K) =   300.07  PRESS =    42.0
 Etot   =  -1016846.8702  EKtot   =    263277.4062  EPtot      =  -1280124.2764
 BOND   =     10368.6758  ANGLE   =     27962.9087  DIHED      =     32903.7734
 1-4 NB =     12404.3347  1-4 EEL =    135265.0899  VDWAALS    =    152336.4618
 EELEC  =  -1651365.5207  EHBOND  =         0.0000  RESTRAINT  =         0.0000
 EKCMT  =    112038.6927  VIRIAL  =    108105.4101  VOLUME     =   4333386.5679
                                                    Density    =         1.0091
 ------------------------------------------------------------------------------


 NSTEP =  1900000   TIME(PS) =   54375.000  TEMP(K) =   299.97  PRESS =   -26.6
 Etot   =  -1016163.8724  EKtot   =    263194.4688  EPtot      =  -1279358.3411
 BOND   =     10474.1662  ANGLE   =     27787.2001  DIHED      =     32972.5659
 1-4 NB =     12379.1355  1-4 EEL =    135094.5614  VDWAALS    =    151706.7371
 EELEC  =  -1649772.7072  EHBOND  =         0.0000  RESTRAINT  =         0.0000
 EKCMT  =    112076.9241  VIRIAL  =    114563.6464  VOLUME     =   4335472.7981
                                                    Density    =         1.0086
 ------------------------------------------------------------------------------


 NSTEP =  1950000   TIME(PS) =   54475.000  TEMP(K) =   299.95  PRESS =   -99.1
 Etot   =  -1016777.5467  EKtot   =    263176.7500  EPtot      =  -1279954.2967
 BOND   =     10521.2567  ANGLE   =     27949.8208  DIHED      =     33083.0165
 1-4 NB =     12310.2684  1-4 EEL =    135136.9585  VDWAALS    =    151683.8381
 EELEC  =  -1650639.4558  EHBOND  =         0.0000  RESTRAINT  =         0.0000
 EKCMT  =    111896.8312  VIRIAL  =    121177.7466  VOLUME     =   4336126.7421
                                                    Density    =         1.0085
 ------------------------------------------------------------------------------


 NSTEP =  2000000   TIME(PS) =   54575.000  TEMP(K) =   299.97  PRESS =   -62.0
 Etot   =  -1016430.1457  EKtot   =    263194.8125  EPtot      =  -1279624.9582
 BOND   =     10452.3438  ANGLE   =     27764.1377  DIHED      =     32935.5460
 1-4 NB =     12408.4864  1-4 EEL =    135222.9999  VDWAALS    =    152027.7476
 EELEC  =  -1650436.2196  EHBOND  =         0.0000  RESTRAINT  =         0.0000
 EKCMT  =    111889.3713  VIRIAL  =    117690.8236  VOLUME     =   4335247.7521
                                                    Density    =         1.0087
 ------------------------------------------------------------------------------


 NSTEP =  2050000   TIME(PS) =   54675.000  TEMP(K) =   299.80  PRESS =   -81.2
 Etot   =  -1019157.9277  EKtot   =    263042.5312  EPtot      =  -1282200.4589
 BOND   =     10464.2516  ANGLE   =     27899.6621  DIHED      =     32905.1636
 1-4 NB =     12386.1740  1-4 EEL =    135061.6808  VDWAALS    =    152697.0613
 EELEC  =  -1653614.4522  EHBOND  =         0.0000  RESTRAINT  =         0.0000
 EKCMT  =    112157.4793  VIRIAL  =    119756.6904  VOLUME     =   4333250.9280
                                                    Density    =         1.0091
 ------------------------------------------------------------------------------


 NSTEP =  2100000   TIME(PS) =   54775.000  TEMP(K) =   300.02  PRESS =   -73.9
 Etot   =  -1016998.4260  EKtot   =    263234.1250  EPtot      =  -1280232.5510
 BOND   =     10396.6399  ANGLE   =     27687.3369  DIHED      =     33015.8637
 1-4 NB =     12297.0256  1-4 EEL =    135383.9311  VDWAALS    =    152383.0372
 EELEC  =  -1651396.3856  EHBOND  =         0.0000  RESTRAINT  =         0.0000
 EKCMT  =    112134.7012  VIRIAL  =    119048.1327  VOLUME     =   4333900.5843
                                                    Density    =         1.0090
 ------------------------------------------------------------------------------


 NSTEP =  2150000   TIME(PS) =   54875.000  TEMP(K) =   300.32  PRESS =    30.8
 Etot   =  -1015501.3225  EKtot   =    263496.8125  EPtot      =  -1278998.1350
 BOND   =     10600.6944  ANGLE   =     27705.9357  DIHED      =     33012.3483
 1-4 NB =     12398.0246  1-4 EEL =    135036.1141  VDWAALS    =    152624.6930
 EELEC  =  -1650375.9451  EHBOND  =         0.0000  RESTRAINT  =         0.0000
 EKCMT  =    112483.4832  VIRIAL  =    109600.9663  VOLUME     =   4337621.1860
                                                    Density    =         1.0081
 ------------------------------------------------------------------------------


 NSTEP =  2200000   TIME(PS) =   54975.000  TEMP(K) =   300.24  PRESS =   -36.5
 Etot   =  -1017089.5608  EKtot   =    263433.3438  EPtot      =  -1280522.9046
 BOND   =     10446.3358  ANGLE   =     27790.0180  DIHED      =     33022.0152
 1-4 NB =     12375.5094  1-4 EEL =    135237.5522  VDWAALS    =    152346.3037
 EELEC  =  -1651740.6388  EHBOND  =         0.0000  RESTRAINT  =         0.0000
 EKCMT  =    111933.6054  VIRIAL  =    115347.3167  VOLUME     =   4335672.4710
                                                    Density    =         1.0086
 ------------------------------------------------------------------------------


 NSTEP =  2250000   TIME(PS) =   55075.000  TEMP(K) =   300.13  PRESS =   -85.2
 Etot   =  -1017800.8348  EKtot   =    263335.8750  EPtot      =  -1281136.7098
 BOND   =     10450.4550  ANGLE   =     27804.9725  DIHED      =     32948.4847
 1-4 NB =     12383.0482  1-4 EEL =    135220.6015  VDWAALS    =    152929.8945
 EELEC  =  -1652874.1663  EHBOND  =         0.0000  RESTRAINT  =         0.0000
 EKCMT  =    112271.6516  VIRIAL  =    120241.6955  VOLUME     =   4333750.9981
                                                    Density    =         1.0090
 ------------------------------------------------------------------------------


 NSTEP =  2300000   TIME(PS) =   55175.000  TEMP(K) =   300.00  PRESS =    75.8
 Etot   =  -1016948.8074  EKtot   =    263220.6250  EPtot      =  -1280169.4324
 BOND   =     10359.5090  ANGLE   =     27889.4137  DIHED      =     32966.7236
 1-4 NB =     12391.0726  1-4 EEL =    135133.5106  VDWAALS    =    153116.0579
 EELEC  =  -1652025.7200  EHBOND  =         0.0000  RESTRAINT  =         0.0000
 EKCMT  =    112103.9463  VIRIAL  =    105014.2334  VOLUME     =   4333891.8294
                                                    Density    =         1.0090
 ------------------------------------------------------------------------------


 NSTEP =  2350000   TIME(PS) =   55275.000  TEMP(K) =   299.80  PRESS =     4.6
 Etot   =  -1017730.9880  EKtot   =    263041.8438  EPtot      =  -1280772.8318
 BOND   =     10338.2575  ANGLE   =     28056.3344  DIHED      =     32841.3701
 1-4 NB =     12387.1265  1-4 EEL =    135404.7292  VDWAALS    =    152943.4367
 EELEC  =  -1652744.0861  EHBOND  =         0.0000  RESTRAINT  =         0.0000
 EKCMT  =    112145.6122  VIRIAL  =    111716.9222  VOLUME     =   4333389.3169
                                                    Density    =         1.0091
 ------------------------------------------------------------------------------


 NSTEP =  2400000   TIME(PS) =   55375.000  TEMP(K) =   299.96  PRESS =    25.7
 Etot   =  -1017239.4168  EKtot   =    263181.0938  EPtot      =  -1280420.5106
 BOND   =     10549.2835  ANGLE   =     27906.2962  DIHED      =     33161.4052
 1-4 NB =     12364.9220  1-4 EEL =    135159.8118  VDWAALS    =    152005.5637
 EELEC  =  -1651567.7930  EHBOND  =         0.0000  RESTRAINT  =         0.0000
 EKCMT  =    112070.7597  VIRIAL  =    109669.1619  VOLUME     =   4333323.3052
                                                    Density    =         1.0091
 ------------------------------------------------------------------------------


 NSTEP =  2450000   TIME(PS) =   55475.000  TEMP(K) =   300.21  PRESS =    21.6
 Etot   =  -1016510.3899  EKtot   =    263408.1250  EPtot      =  -1279918.5149
 BOND   =     10488.1505  ANGLE   =     28003.1105  DIHED      =     32927.0524
 1-4 NB =     12314.5679  1-4 EEL =    134875.2680  VDWAALS    =    152284.8423
 EELEC  =  -1650811.5066  EHBOND  =         0.0000  RESTRAINT  =         0.0000
 EKCMT  =    112011.4397  VIRIAL  =    109989.5652  VOLUME     =   4335557.0851
                                                    Density    =         1.0086
 ------------------------------------------------------------------------------


 NSTEP =  2500000   TIME(PS) =   55575.000  TEMP(K) =   299.95  PRESS =   -32.4
 Etot   =  -1017038.8706  EKtot   =    263173.2812  EPtot      =  -1280212.1519
 BOND   =     10272.6311  ANGLE   =     27893.3554  DIHED      =     32926.9321
 1-4 NB =     12388.2814  1-4 EEL =    135034.2923  VDWAALS    =    152831.1719
 EELEC  =  -1651558.8160  EHBOND  =         0.0000  RESTRAINT  =         0.0000
 EKCMT  =    112101.5046  VIRIAL  =    115134.2736  VOLUME     =   4335885.2315
                                                    Density    =         1.0085
 ------------------------------------------------------------------------------


 NSTEP =  2550000   TIME(PS) =   55675.000  TEMP(K) =   300.52  PRESS =   -43.0
 Etot   =  -1015640.8182  EKtot   =    263680.2812  EPtot      =  -1279321.0994
 BOND   =     10506.3779  ANGLE   =     28013.5954  DIHED      =     32859.1846
 1-4 NB =     12404.7675  1-4 EEL =    135047.3383  VDWAALS    =    151918.5596
 EELEC  =  -1650070.9229  EHBOND  =         0.0000  RESTRAINT  =         0.0000
 EKCMT  =    112416.0058  VIRIAL  =    116441.0248  VOLUME     =   4336869.5889
                                                    Density    =         1.0083
 ------------------------------------------------------------------------------


 NSTEP =  2600000   TIME(PS) =   55775.000  TEMP(K) =   299.59  PRESS =    48.3
 Etot   =  -1017322.1684  EKtot   =    262856.6562  EPtot      =  -1280178.8247
 BOND   =     10422.7106  ANGLE   =     27981.7659  DIHED      =     32937.9454
 1-4 NB =     12389.9580  1-4 EEL =    135021.2825  VDWAALS    =    153614.7574
 EELEC  =  -1652547.2444  EHBOND  =         0.0000  RESTRAINT  =         0.0000
 EKCMT  =    112030.7574  VIRIAL  =    107506.5701  VOLUME     =   4336787.5081
                                                    Density    =         1.0083
 ------------------------------------------------------------------------------


 NSTEP =  2650000   TIME(PS) =   55875.000  TEMP(K) =   300.45  PRESS =    44.6
 Etot   =  -1016502.5330  EKtot   =    263619.2500  EPtot      =  -1280121.7830
 BOND   =     10617.4868  ANGLE   =     27869.9109  DIHED      =     32825.3140
 1-4 NB =     12280.1676  1-4 EEL =    135352.2634  VDWAALS    =    152731.9606
 EELEC  =  -1651798.8863  EHBOND  =         0.0000  RESTRAINT  =         0.0000
 EKCMT  =    112499.1244  VIRIAL  =    108328.0103  VOLUME     =   4336042.2904
                                                    Density    =         1.0085
 ------------------------------------------------------------------------------


 NSTEP =  2700000   TIME(PS) =   55975.000  TEMP(K) =   299.89  PRESS =    57.6
 Etot   =  -1016373.2593  EKtot   =    263120.5312  EPtot      =  -1279493.7906
 BOND   =     10456.2572  ANGLE   =     27853.6962  DIHED      =     32966.7365
 1-4 NB =     12444.4464  1-4 EEL =    135299.4991  VDWAALS    =    152931.6180
 EELEC  =  -1651446.0441  EHBOND  =         0.0000  RESTRAINT  =         0.0000
 EKCMT  =    112166.3936  VIRIAL  =    106774.9652  VOLUME     =   4335431.1973
                                                    Density    =         1.0086
 ------------------------------------------------------------------------------


 NSTEP =  2750000   TIME(PS) =   56075.000  TEMP(K) =   299.44  PRESS =     8.4
 Etot   =  -1017130.6332  EKtot   =    262732.5938  EPtot      =  -1279863.2270
 BOND   =     10513.1704  ANGLE   =     27957.8154  DIHED      =     32933.8196
 1-4 NB =     12333.2542  1-4 EEL =    135148.6744  VDWAALS    =    152171.2782
 EELEC  =  -1650921.2393  EHBOND  =         0.0000  RESTRAINT  =         0.0000
 EKCMT  =    111706.8586  VIRIAL  =    110923.5535  VOLUME     =   4336442.3971
                                                    Density    =         1.0084
 ------------------------------------------------------------------------------


 NSTEP =  2800000   TIME(PS) =   56175.000  TEMP(K) =   300.61  PRESS =    28.4
 Etot   =  -1017216.6020  EKtot   =    263751.2812  EPtot      =  -1280967.8833
 BOND   =     10305.7104  ANGLE   =     27935.0971  DIHED      =     32993.4849
 1-4 NB =     12405.2839  1-4 EEL =    135198.4502  VDWAALS    =    152781.4874
 EELEC  =  -1652587.3972  EHBOND  =         0.0000  RESTRAINT  =         0.0000
 EKCMT  =    112311.1706  VIRIAL  =    109652.7481  VOLUME     =   4332968.1751
                                                    Density    =         1.0092
 ------------------------------------------------------------------------------


 NSTEP =  2850000   TIME(PS) =   56275.000  TEMP(K) =   299.76  PRESS =    11.9
 Etot   =  -1017076.6298  EKtot   =    263011.7188  EPtot      =  -1280088.3485
 BOND   =     10608.6831  ANGLE   =     27875.1314  DIHED      =     32845.7902
 1-4 NB =     12325.0059  1-4 EEL =    135143.1871  VDWAALS    =    152771.9074
 EELEC  =  -1651658.0537  EHBOND  =         0.0000  RESTRAINT  =         0.0000
 EKCMT  =    112233.5979  VIRIAL  =    111121.2910  VOLUME     =   4330868.7617
                                                    Density    =         1.0097
 ------------------------------------------------------------------------------


 NSTEP =  2900000   TIME(PS) =   56375.000  TEMP(K) =   300.07  PRESS =   -15.5
 Etot   =  -1016369.5992  EKtot   =    263282.3750  EPtot      =  -1279651.9742
 BOND   =     10329.3988  ANGLE   =     27917.8499  DIHED      =     32851.6941
 1-4 NB =     12336.0861  1-4 EEL =    135234.5937  VDWAALS    =    152594.4441
 EELEC  =  -1650916.0408  EHBOND  =         0.0000  RESTRAINT  =         0.0000
 EKCMT  =    112174.7125  VIRIAL  =    113620.7092  VOLUME     =   4334361.2463
                                                    Density    =         1.0089
 ------------------------------------------------------------------------------


 NSTEP =  2950000   TIME(PS) =   56475.000  TEMP(K) =   300.07  PRESS =   -66.5
 Etot   =  -1017062.3566  EKtot   =    263279.3438  EPtot      =  -1280341.7004
 BOND   =     10456.0855  ANGLE   =     27813.6626  DIHED      =     33005.5066
 1-4 NB =     12352.3244  1-4 EEL =    135283.7496  VDWAALS    =    152023.4613
 EELEC  =  -1651276.4904  EHBOND  =         0.0000  RESTRAINT  =         0.0000
 EKCMT  =    112197.0376  VIRIAL  =    118417.6496  VOLUME     =   4334218.4428
                                                    Density    =         1.0089
 ------------------------------------------------------------------------------


 NSTEP =  3000000   TIME(PS) =   56575.000  TEMP(K) =   299.47  PRESS =   -54.1
 Etot   =  -1017546.5201  EKtot   =    262753.4688  EPtot      =  -1280299.9888
 BOND   =     10344.3185  ANGLE   =     27965.7578  DIHED      =     32892.3491
 1-4 NB =     12397.5860  1-4 EEL =    135346.7168  VDWAALS    =    152125.7261
 EELEC  =  -1651372.4431  EHBOND  =         0.0000  RESTRAINT  =         0.0000
 EKCMT  =    112048.1721  VIRIAL  =    117111.7816  VOLUME     =   4335427.7032
                                                    Density    =         1.0086
 ------------------------------------------------------------------------------


 NSTEP =  3050000   TIME(PS) =   56675.000  TEMP(K) =   300.36  PRESS =   -87.1
 Etot   =  -1015701.6600  EKtot   =    263531.9688  EPtot      =  -1279233.6287
 BOND   =     10558.6649  ANGLE   =     27915.3002  DIHED      =     32998.6673
 1-4 NB =     12363.5517  1-4 EEL =    135260.2014  VDWAALS    =    151670.3936
 EELEC  =  -1650000.4078  EHBOND  =         0.0000  RESTRAINT  =         0.0000
 EKCMT  =    112314.1016  VIRIAL  =    120468.2153  VOLUME     =   4337339.0465
                                                    Density    =         1.0082
 ------------------------------------------------------------------------------


 NSTEP =  3100000   TIME(PS) =   56775.000  TEMP(K) =   301.13  PRESS =   -36.3
 Etot   =  -1015424.6885  EKtot   =    264213.5938  EPtot      =  -1279638.2822
 BOND   =     10372.7386  ANGLE   =     27920.9359  DIHED      =     32806.3995
 1-4 NB =     12411.7423  1-4 EEL =    135176.2335  VDWAALS    =    152253.7465
 EELEC  =  -1650580.0786  EHBOND  =         0.0000  RESTRAINT  =         0.0000
 EKCMT  =    112474.0239  VIRIAL  =    115875.1651  VOLUME     =   4334864.7023
                                                    Density    =         1.0087
 ------------------------------------------------------------------------------


 NSTEP =  3150000   TIME(PS) =   56875.000  TEMP(K) =   299.47  PRESS =   -28.1
 Etot   =  -1017783.3480  EKtot   =    262753.3438  EPtot      =  -1280536.6917
 BOND   =     10542.4995  ANGLE   =     27907.7654  DIHED      =     32873.8662
 1-4 NB =     12344.4167  1-4 EEL =    135183.7988  VDWAALS    =    151713.4473
 EELEC  =  -1651102.4856  EHBOND  =         0.0000  RESTRAINT  =         0.0000
 EKCMT  =    111827.5050  VIRIAL  =    114454.0846  VOLUME     =   4334407.3238
                                                    Density    =         1.0089
 ------------------------------------------------------------------------------


 NSTEP =  3200000   TIME(PS) =   56975.000  TEMP(K) =   300.05  PRESS =    15.7
 Etot   =  -1016773.4492  EKtot   =    263267.3750  EPtot      =  -1280040.8242
 BOND   =     10308.5321  ANGLE   =     28021.3941  DIHED      =     32839.8644
 1-4 NB =     12352.6727  1-4 EEL =    135090.8452  VDWAALS    =    152495.5428
 EELEC  =  -1651149.6755  EHBOND  =         0.0000  RESTRAINT  =         0.0000
 EKCMT  =    112086.2621  VIRIAL  =    110613.6346  VOLUME     =   4334779.4144
                                                    Density    =         1.0088
 ------------------------------------------------------------------------------


 NSTEP =  3250000   TIME(PS) =   57075.000  TEMP(K) =   299.33  PRESS =   -26.9
 Etot   =  -1017687.7373  EKtot   =    262628.2812  EPtot      =  -1280316.0186
 BOND   =     10420.5405  ANGLE   =     27746.3452  DIHED      =     32848.3317
 1-4 NB =     12310.6359  1-4 EEL =    135037.2207  VDWAALS    =    152124.7987
 EELEC  =  -1650803.8913  EHBOND  =         0.0000  RESTRAINT  =         0.0000
 EKCMT  =    111984.5604  VIRIAL  =    114504.8603  VOLUME     =   4336476.1963
                                                    Density    =         1.0084
 ------------------------------------------------------------------------------


 NSTEP =  3300000   TIME(PS) =   57175.000  TEMP(K) =   299.87  PRESS =     5.0
 Etot   =  -1017344.7615  EKtot   =    263109.6875  EPtot      =  -1280454.4490
 BOND   =     10574.5318  ANGLE   =     27987.1257  DIHED      =     32906.7482
 1-4 NB =     12393.4152  1-4 EEL =    134931.1355  VDWAALS    =    153092.2171
 EELEC  =  -1652339.6225  EHBOND  =         0.0000  RESTRAINT  =         0.0000
 EKCMT  =    111893.2765  VIRIAL  =    111424.9710  VOLUME     =   4335426.0168
                                                    Density    =         1.0086
 ------------------------------------------------------------------------------


 NSTEP =  3350000   TIME(PS) =   57275.000  TEMP(K) =   299.74  PRESS =   -14.8
 Etot   =  -1018150.2289  EKtot   =    262996.1875  EPtot      =  -1281146.4164
 BOND   =     10401.4748  ANGLE   =     28033.2258  DIHED      =     32899.4365
 1-4 NB =     12331.2998  1-4 EEL =    135203.6249  VDWAALS    =    153041.7818
 EELEC  =  -1653057.2599  EHBOND  =         0.0000  RESTRAINT  =         0.0000
 EKCMT  =    111971.2370  VIRIAL  =    113354.5800  VOLUME     =   4334354.1414
                                                    Density    =         1.0089
 ------------------------------------------------------------------------------


 NSTEP =  3400000   TIME(PS) =   57375.000  TEMP(K) =   300.10  PRESS =    35.2
 Etot   =  -1016989.8238  EKtot   =    263311.8750  EPtot      =  -1280301.6988
 BOND   =     10633.6716  ANGLE   =     27828.0509  DIHED      =     32968.6025
 1-4 NB =     12335.1680  1-4 EEL =    135122.3882  VDWAALS    =    153191.7367
 EELEC  =  -1652381.3167  EHBOND  =         0.0000  RESTRAINT  =         0.0000
 EKCMT  =    112058.0442  VIRIAL  =    108758.6832  VOLUME     =   4335337.9853
                                                    Density    =         1.0086
 ------------------------------------------------------------------------------


 NSTEP =  3450000   TIME(PS) =   57475.000  TEMP(K) =   299.77  PRESS =     0.7
 Etot   =  -1017171.5439  EKtot   =    263015.1875  EPtot      =  -1280186.7314
 BOND   =     10499.8102  ANGLE   =     27829.4195  DIHED      =     32829.5642
 1-4 NB =     12431.7102  1-4 EEL =    135167.8761  VDWAALS    =    152414.2835
 EELEC  =  -1651359.3951  EHBOND  =         0.0000  RESTRAINT  =         0.0000
 EKCMT  =    112085.9382  VIRIAL  =    112022.5075  VOLUME     =   4333812.2706
                                                    Density    =         1.0090
 ------------------------------------------------------------------------------


 NSTEP =  3500000   TIME(PS) =   57575.000  TEMP(K) =   299.25  PRESS =   -63.4
 Etot   =  -1019125.4925  EKtot   =    262560.6562  EPtot      =  -1281686.1487
 BOND   =     10466.2581  ANGLE   =     27726.7666  DIHED      =     32917.6010
 1-4 NB =     12382.8914  1-4 EEL =    135221.3060  VDWAALS    =    152860.5441
 EELEC  =  -1653261.5159  EHBOND  =         0.0000  RESTRAINT  =         0.0000
 EKCMT  =    111928.3166  VIRIAL  =    117866.9844  VOLUME     =   4335018.9931
                                                    Density    =         1.0087
 ------------------------------------------------------------------------------


 NSTEP =  3550000   TIME(PS) =   57675.000  TEMP(K) =   300.11  PRESS =    51.1
 Etot   =  -1016263.8285  EKtot   =    263319.2188  EPtot      =  -1279583.0473
 BOND   =     10380.3135  ANGLE   =     27916.8324  DIHED      =     32868.6767
 1-4 NB =     12354.8385  1-4 EEL =    135304.5494  VDWAALS    =    152592.5006
 EELEC  =  -1651000.7584  EHBOND  =         0.0000  RESTRAINT  =         0.0000
 EKCMT  =    112249.2715  VIRIAL  =    107466.0527  VOLUME     =   4336827.4760
                                                    Density    =         1.0083
 ------------------------------------------------------------------------------


 NSTEP =  3600000   TIME(PS) =   57775.000  TEMP(K) =   300.65  PRESS =    25.8
 Etot   =  -1016362.9664  EKtot   =    263793.7500  EPtot      =  -1280156.7164
 BOND   =     10535.9433  ANGLE   =     27871.1176  DIHED      =     32962.6468
 1-4 NB =     12415.3576  1-4 EEL =    135273.6853  VDWAALS    =    152663.1072
 EELEC  =  -1651878.5742  EHBOND  =         0.0000  RESTRAINT  =         0.0000
 EKCMT  =    112454.6710  VIRIAL  =    110040.4799  VOLUME     =   4331074.1833
                                                    Density    =         1.0096
 ------------------------------------------------------------------------------


 NSTEP =  3650000   TIME(PS) =   57875.000  TEMP(K) =   299.89  PRESS =   114.8
 Etot   =  -1016863.4966  EKtot   =    263121.3750  EPtot      =  -1279984.8716
 BOND   =     10499.8128  ANGLE   =     27905.1608  DIHED      =     32869.0860
 1-4 NB =     12382.6179  1-4 EEL =    135119.7900  VDWAALS    =    153049.5742
 EELEC  =  -1651810.9132  EHBOND  =         0.0000  RESTRAINT  =         0.0000
 EKCMT  =    112060.5770  VIRIAL  =    101313.8394  VOLUME     =   4336046.2466
                                                    Density    =         1.0085
 ------------------------------------------------------------------------------


 NSTEP =  3700000   TIME(PS) =   57975.000  TEMP(K) =   300.29  PRESS =    44.0
 Etot   =  -1015932.0275  EKtot   =    263474.7500  EPtot      =  -1279406.7775
 BOND   =     10615.1188  ANGLE   =     28051.0501  DIHED      =     32944.7727
 1-4 NB =     12332.7611  1-4 EEL =    135221.9292  VDWAALS    =    152513.9230
 EELEC  =  -1651086.3323  EHBOND  =         0.0000  RESTRAINT  =         0.0000
 EKCMT  =    112050.1363  VIRIAL  =    107938.2951  VOLUME     =   4332663.5784
                                                    Density    =         1.0093
 ------------------------------------------------------------------------------


 NSTEP =  3750000   TIME(PS) =   58075.000  TEMP(K) =   299.67  PRESS =    63.7
 Etot   =  -1017426.2457  EKtot   =    262927.6250  EPtot      =  -1280353.8707
 BOND   =     10392.7962  ANGLE   =     27714.3182  DIHED      =     32948.3585
 1-4 NB =     12368.7621  1-4 EEL =    135347.8165  VDWAALS    =    153159.8317
 EELEC  =  -1652285.7538  EHBOND  =         0.0000  RESTRAINT  =         0.0000
 EKCMT  =    112251.4532  VIRIAL  =    106288.1772  VOLUME     =   4332502.5003
                                                    Density    =         1.0093
 ------------------------------------------------------------------------------


 NSTEP =  3800000   TIME(PS) =   58175.000  TEMP(K) =   300.40  PRESS =     1.5
 Etot   =  -1015723.8053  EKtot   =    263570.8438  EPtot      =  -1279294.6490
 BOND   =     10352.1469  ANGLE   =     27989.2435  DIHED      =     33014.8300
 1-4 NB =     12379.0023  1-4 EEL =    135070.5997  VDWAALS    =    152591.2083
 EELEC  =  -1650691.6797  EHBOND  =         0.0000  RESTRAINT  =         0.0000
 EKCMT  =    112070.2424  VIRIAL  =    111933.8559  VOLUME     =   4334509.6750
                                                    Density    =         1.0088
 ------------------------------------------------------------------------------


 NSTEP =  3850000   TIME(PS) =   58275.000  TEMP(K) =   300.51  PRESS =   -11.1
 Etot   =  -1016346.0531  EKtot   =    263668.8125  EPtot      =  -1280014.8656
 BOND   =     10616.2214  ANGLE   =     28014.0338  DIHED      =     32879.3578
 1-4 NB =     12345.7811  1-4 EEL =    135103.0698  VDWAALS    =    151911.3094
 EELEC  =  -1650884.6390  EHBOND  =         0.0000  RESTRAINT  =         0.0000
 EKCMT  =    112554.9147  VIRIAL  =    113598.0556  VOLUME     =   4335186.1232
                                                    Density    =         1.0087
 ------------------------------------------------------------------------------


 NSTEP =  3900000   TIME(PS) =   58375.000  TEMP(K) =   299.72  PRESS =    29.5
 Etot   =  -1017196.7770  EKtot   =    262975.9062  EPtot      =  -1280172.6832
 BOND   =     10515.4958  ANGLE   =     28093.8201  DIHED      =     32904.3075
 1-4 NB =     12411.0559  1-4 EEL =    135194.2790  VDWAALS    =    152380.7769
 EELEC  =  -1651672.4184  EHBOND  =         0.0000  RESTRAINT  =         0.0000
 EKCMT  =    112236.9949  VIRIAL  =    109473.6772  VOLUME     =   4333916.6217
                                                    Density    =         1.0090
 ------------------------------------------------------------------------------


 NSTEP =  3950000   TIME(PS) =   58475.000  TEMP(K) =   300.57  PRESS =    18.2
 Etot   =  -1016563.9354  EKtot   =    263723.2500  EPtot      =  -1280287.1854
 BOND   =     10510.3704  ANGLE   =     27827.7527  DIHED      =     32889.4705
 1-4 NB =     12388.7090  1-4 EEL =    135109.8084  VDWAALS    =    152689.7436
 EELEC  =  -1651703.0401  EHBOND  =         0.0000  RESTRAINT  =         0.0000
 EKCMT  =    112443.0157  VIRIAL  =    110738.2099  VOLUME     =   4332461.8399
                                                    Density    =         1.0093
 ------------------------------------------------------------------------------


 NSTEP =  4000000   TIME(PS) =   58575.000  TEMP(K) =   300.07  PRESS =   -39.5
 Etot   =  -1017231.0936  EKtot   =    263282.4375  EPtot      =  -1280513.5311
 BOND   =     10514.5023  ANGLE   =     27691.6672  DIHED      =     32881.4009
 1-4 NB =     12457.7017  1-4 EEL =    135063.3269  VDWAALS    =    152725.2633
 EELEC  =  -1651847.3932  EHBOND  =         0.0000  RESTRAINT  =         0.0000
 EKCMT  =    112282.6261  VIRIAL  =    115975.7836  VOLUME     =   4332973.1017
                                                    Density    =         1.0092
 ------------------------------------------------------------------------------


 NSTEP =  4050000   TIME(PS) =   58675.000  TEMP(K) =   298.97  PRESS =   -35.0
 Etot   =  -1018167.3979  EKtot   =    262315.1562  EPtot      =  -1280482.5542
 BOND   =     10398.7911  ANGLE   =     27764.8456  DIHED      =     32723.1580
 1-4 NB =     12335.4977  1-4 EEL =    135052.7568  VDWAALS    =    151440.2590
 EELEC  =  -1650197.8624  EHBOND  =         0.0000  RESTRAINT  =         0.0000
 EKCMT  =    111874.6960  VIRIAL  =    115155.9409  VOLUME     =   4335940.7927
                                                    Density    =         1.0085
 ------------------------------------------------------------------------------


 NSTEP =  4100000   TIME(PS) =   58775.000  TEMP(K) =   300.75  PRESS =    23.7
 Etot   =  -1016177.2485  EKtot   =    263879.6250  EPtot      =  -1280056.8735
 BOND   =     10198.5136  ANGLE   =     27864.1175  DIHED      =     32823.6763
 1-4 NB =     12472.2902  1-4 EEL =    135229.2735  VDWAALS    =    152717.8546
 EELEC  =  -1651362.5991  EHBOND  =         0.0000  RESTRAINT  =         0.0000
 EKCMT  =    112391.5162  VIRIAL  =    110169.2970  VOLUME     =   4338232.0284
                                                    Density    =         1.0080
 ------------------------------------------------------------------------------


 NSTEP =  4150000   TIME(PS) =   58875.000  TEMP(K) =   299.86  PRESS =    25.0
 Etot   =  -1017911.0248  EKtot   =    263099.0000  EPtot      =  -1281010.0248
 BOND   =     10434.6152  ANGLE   =     27855.4802  DIHED      =     32880.3559
 1-4 NB =     12397.8050  1-4 EEL =    135175.5593  VDWAALS    =    152077.3917
 EELEC  =  -1651831.2322  EHBOND  =         0.0000  RESTRAINT  =         0.0000
 EKCMT  =    112279.7659  VIRIAL  =    109939.5631  VOLUME     =   4329981.6992
                                                    Density    =         1.0099
 ------------------------------------------------------------------------------


 NSTEP =  4200000   TIME(PS) =   58975.000  TEMP(K) =   299.59  PRESS =   -35.9
 Etot   =  -1016839.2531  EKtot   =    262864.1875  EPtot      =  -1279703.4406
 BOND   =     10642.9917  ANGLE   =     27770.6051  DIHED      =     32948.0924
 1-4 NB =     12357.1794  1-4 EEL =    135360.2426  VDWAALS    =    152640.9104
 EELEC  =  -1651423.4621  EHBOND  =         0.0000  RESTRAINT  =         0.0000
 EKCMT  =    111942.6255  VIRIAL  =    115301.9490  VOLUME     =   4337615.5017
                                                    Density    =         1.0081
 ------------------------------------------------------------------------------


 NSTEP =  4250000   TIME(PS) =   59075.000  TEMP(K) =   300.41  PRESS =   -65.9
 Etot   =  -1016890.2040  EKtot   =    263583.9375  EPtot      =  -1280474.1415
 BOND   =     10655.6939  ANGLE   =     27877.6962  DIHED      =     32912.4635
 1-4 NB =     12414.9626  1-4 EEL =    135108.8066  VDWAALS    =    151250.7847
 EELEC  =  -1650694.5490  EHBOND  =         0.0000  RESTRAINT  =         0.0000
 EKCMT  =    112289.1382  VIRIAL  =    118457.1191  VOLUME     =   4332845.2748
                                                    Density    =         1.0092
 ------------------------------------------------------------------------------


 NSTEP =  4300000   TIME(PS) =   59175.000  TEMP(K) =   299.98  PRESS =     6.3
 Etot   =  -1016331.3361  EKtot   =    263198.4375  EPtot      =  -1279529.7736
 BOND   =     10601.1874  ANGLE   =     28108.8550  DIHED      =     32866.4311
 1-4 NB =     12337.2596  1-4 EEL =    135149.7428  VDWAALS    =    152490.7924
 EELEC  =  -1651084.0419  EHBOND  =         0.0000  RESTRAINT  =         0.0000
 EKCMT  =    112318.3202  VIRIAL  =    111726.1877  VOLUME     =   4333986.9869
                                                    Density    =         1.0089
 ------------------------------------------------------------------------------


 NSTEP =  4350000   TIME(PS) =   59275.000  TEMP(K) =   299.67  PRESS =    33.3
 Etot   =  -1016748.8830  EKtot   =    262931.0312  EPtot      =  -1279679.9142
 BOND   =     10393.6472  ANGLE   =     27754.4285  DIHED      =     32976.8854
 1-4 NB =     12411.7855  1-4 EEL =    135185.3602  VDWAALS    =    152414.5654
 EELEC  =  -1650816.5863  EHBOND  =         0.0000  RESTRAINT  =         0.0000
 EKCMT  =    111682.6437  VIRIAL  =    108564.8814  VOLUME     =   4334521.6317
                                                    Density    =         1.0088
 ------------------------------------------------------------------------------


 NSTEP =  4400000   TIME(PS) =   59375.000  TEMP(K) =   300.16  PRESS =   -13.6
 Etot   =  -1017317.7661  EKtot   =    263362.8125  EPtot      =  -1280680.5786
 BOND   =     10507.8476  ANGLE   =     27771.0719  DIHED      =     32917.8667
 1-4 NB =     12326.0823  1-4 EEL =    135119.9164  VDWAALS    =    152422.5670
 EELEC  =  -1651745.9305  EHBOND  =         0.0000  RESTRAINT  =         0.0000
 EKCMT  =    112143.7439  VIRIAL  =    113416.6409  VOLUME     =   4334513.2327
                                                    Density    =         1.0088
 ------------------------------------------------------------------------------


 NSTEP =  4450000   TIME(PS) =   59475.000  TEMP(K) =   300.14  PRESS =   -48.3
 Etot   =  -1019117.0648  EKtot   =    263341.8438  EPtot      =  -1282458.9085
 BOND   =     10359.1567  ANGLE   =     27843.1637  DIHED      =     32784.3190
 1-4 NB =     12429.2117  1-4 EEL =    135169.4872  VDWAALS    =    152684.7513
 EELEC  =  -1653728.9982  EHBOND  =         0.0000  RESTRAINT  =         0.0000
 EKCMT  =    111949.1355  VIRIAL  =    116472.9062  VOLUME     =   4333901.7901
                                                    Density    =         1.0090
 ------------------------------------------------------------------------------


 NSTEP =  4500000   TIME(PS) =   59575.000  TEMP(K) =   299.26  PRESS =   -52.9
 Etot   =  -1017741.6881  EKtot   =    262569.1875  EPtot      =  -1280310.8756
 BOND   =     10496.6108  ANGLE   =     28113.8057  DIHED      =     32922.7091
 1-4 NB =     12298.2174  1-4 EEL =    135120.3441  VDWAALS    =    152407.8495
 EELEC  =  -1651670.4122  EHBOND  =         0.0000  RESTRAINT  =         0.0000
 EKCMT  =    111572.0225  VIRIAL  =    116517.3712  VOLUME     =   4332774.3024
                                                    Density    =         1.0092
 ------------------------------------------------------------------------------


 NSTEP =  4550000   TIME(PS) =   59675.000  TEMP(K) =   299.87  PRESS =   -87.0
 Etot   =  -1016936.5458  EKtot   =    263106.5625  EPtot      =  -1280043.1083
 BOND   =     10472.6899  ANGLE   =     28190.2981  DIHED      =     32924.3904
 1-4 NB =     12354.5845  1-4 EEL =    135128.1255  VDWAALS    =    152394.7457
 EELEC  =  -1651507.9422  EHBOND  =         0.0000  RESTRAINT  =         0.0000
 EKCMT  =    112081.3787  VIRIAL  =    120222.3520  VOLUME     =   4335000.4366
                                                    Density    =         1.0087
 ------------------------------------------------------------------------------


 NSTEP =  4600000   TIME(PS) =   59775.000  TEMP(K) =   299.98  PRESS =    28.2
 Etot   =  -1017044.9671  EKtot   =    263199.1562  EPtot      =  -1280244.1234
 BOND   =     10469.5713  ANGLE   =     27824.2782  DIHED      =     32956.6000
 1-4 NB =     12300.1118  1-4 EEL =    135185.5519  VDWAALS    =    152106.2082
 EELEC  =  -1651086.4449  EHBOND  =         0.0000  RESTRAINT  =         0.0000
 EKCMT  =    112147.5729  VIRIAL  =    109507.1550  VOLUME     =   4332673.8095
                                                    Density    =         1.0093
 ------------------------------------------------------------------------------


 NSTEP =  4650000   TIME(PS) =   59875.000  TEMP(K) =   299.50  PRESS =    46.7
 Etot   =  -1016625.3817  EKtot   =    262784.3438  EPtot      =  -1279409.7254
 BOND   =     10511.1736  ANGLE   =     27914.2825  DIHED      =     32872.6206
 1-4 NB =     12331.4637  1-4 EEL =    135191.2532  VDWAALS    =    152808.1875
 EELEC  =  -1651038.7065  EHBOND  =         0.0000  RESTRAINT  =         0.0000
 EKCMT  =    112152.8029  VIRIAL  =    107785.0908  VOLUME     =   4334680.7723
                                                    Density    =         1.0088
 ------------------------------------------------------------------------------


 NSTEP =  4700000   TIME(PS) =   59975.000  TEMP(K) =   299.72  PRESS =    16.9
 Etot   =  -1017352.1261  EKtot   =    262978.8438  EPtot      =  -1280330.9698
 BOND   =     10403.5492  ANGLE   =     27882.9289  DIHED      =     32967.0616
 1-4 NB =     12229.7912  1-4 EEL =    135143.4912  VDWAALS    =    152896.8346
 EELEC  =  -1651854.6265  EHBOND  =         0.0000  RESTRAINT  =         0.0000
 EKCMT  =    112173.7187  VIRIAL  =    110588.0154  VOLUME     =   4336630.2947
                                                    Density    =         1.0083
 ------------------------------------------------------------------------------


 NSTEP =  4750000   TIME(PS) =   60075.000  TEMP(K) =   299.86  PRESS =   -19.0
 Etot   =  -1017652.6536  EKtot   =    263094.7188  EPtot      =  -1280747.3723
 BOND   =     10397.9263  ANGLE   =     28038.4815  DIHED      =     32918.5141
 1-4 NB =     12374.6353  1-4 EEL =    135028.4526  VDWAALS    =    152847.2072
 EELEC  =  -1652352.5893  EHBOND  =         0.0000  RESTRAINT  =         0.0000
 EKCMT  =    111945.0925  VIRIAL  =    113723.2460  VOLUME     =   4335071.1401
                                                    Density    =         1.0087
 ------------------------------------------------------------------------------


 NSTEP =  4800000   TIME(PS) =   60175.000  TEMP(K) =   299.44  PRESS =    54.2
 Etot   =  -1017219.8571  EKtot   =    262731.4062  EPtot      =  -1279951.2634
 BOND   =     10493.2905  ANGLE   =     28099.9376  DIHED      =     32918.1867
 1-4 NB =     12398.3143  1-4 EEL =    135029.9243  VDWAALS    =    153238.6708
 EELEC  =  -1652129.5876  EHBOND  =         0.0000  RESTRAINT  =         0.0000
 EKCMT  =    111495.0258  VIRIAL  =    106425.4387  VOLUME     =   4335110.2984
                                                    Density    =         1.0087
 ------------------------------------------------------------------------------


 NSTEP =  4850000   TIME(PS) =   60275.000  TEMP(K) =   300.42  PRESS =   -14.1
 Etot   =  -1016326.9022  EKtot   =    263585.0000  EPtot      =  -1279911.9022
 BOND   =     10583.7646  ANGLE   =     28036.9797  DIHED      =     32722.8392
 1-4 NB =     12325.2132  1-4 EEL =    135331.7922  VDWAALS    =    152490.3373
 EELEC  =  -1651402.8284  EHBOND  =         0.0000  RESTRAINT  =         0.0000
 EKCMT  =    112362.5535  VIRIAL  =    113683.3233  VOLUME     =   4335177.5649
                                                    Density    =         1.0087
 ------------------------------------------------------------------------------


 NSTEP =  4900000   TIME(PS) =   60375.000  TEMP(K) =   300.10  PRESS =    37.0
 Etot   =  -1016937.1674  EKtot   =    263304.1875  EPtot      =  -1280241.3549
 BOND   =     10457.8582  ANGLE   =     27961.5640  DIHED      =     32919.7729
 1-4 NB =     12362.3430  1-4 EEL =    135243.6281  VDWAALS    =    152829.2342
 EELEC  =  -1652015.7553  EHBOND  =         0.0000  RESTRAINT  =         0.0000
 EKCMT  =    112164.0685  VIRIAL  =    108701.8170  VOLUME     =   4332820.4442
                                                    Density    =         1.0092
 ------------------------------------------------------------------------------


 NSTEP =  4950000   TIME(PS) =   60475.000  TEMP(K) =   300.06  PRESS =   -12.6
 Etot   =  -1016942.5863  EKtot   =    263273.5312  EPtot      =  -1280216.1176
 BOND   =     10388.2104  ANGLE   =     27879.5871  DIHED      =     32923.5279
 1-4 NB =     12354.5200  1-4 EEL =    135150.1668  VDWAALS    =    152473.8660
 EELEC  =  -1651385.9957  EHBOND  =         0.0000  RESTRAINT  =         0.0000
 EKCMT  =    112216.5277  VIRIAL  =    113391.8861  VOLUME     =   4336341.6919
                                                    Density    =         1.0084
 ------------------------------------------------------------------------------


 NSTEP =  5000000   TIME(PS) =   60575.000  TEMP(K) =   300.60  PRESS =    11.9
 Etot   =  -1015717.2930  EKtot   =    263748.2812  EPtot      =  -1279465.5743
 BOND   =     10579.0580  ANGLE   =     27902.7374  DIHED      =     33102.4480
 1-4 NB =     12321.0321  1-4 EEL =    135103.2243  VDWAALS    =    152531.6357
 EELEC  =  -1651005.7098  EHBOND  =         0.0000  RESTRAINT  =         0.0000
 EKCMT  =    112521.3536  VIRIAL  =    111405.6472  VOLUME     =   4338251.8769
                                                    Density    =         1.0080
 ------------------------------------------------------------------------------


 NSTEP =  5050000   TIME(PS) =   60675.000  TEMP(K) =   300.20  PRESS =   -39.5
 Etot   =  -1016924.1027  EKtot   =    263391.5938  EPtot      =  -1280315.6965
 BOND   =     10559.0042  ANGLE   =     27904.9318  DIHED      =     33068.7648
 1-4 NB =     12331.2773  1-4 EEL =    135078.3557  VDWAALS    =    153163.7276
 EELEC  =  -1652421.7579  EHBOND  =         0.0000  RESTRAINT  =         0.0000
 EKCMT  =    112357.1413  VIRIAL  =    116054.0259  VOLUME     =   4332698.5092
                                                    Density    =         1.0092
 ------------------------------------------------------------------------------


 NSTEP =  5100000   TIME(PS) =   60775.000  TEMP(K) =   300.17  PRESS =     2.8
 Etot   =  -1017620.3761  EKtot   =    263365.4375  EPtot      =  -1280985.8136
 BOND   =     10362.9383  ANGLE   =     27820.0587  DIHED      =     32948.6636
 1-4 NB =     12449.8175  1-4 EEL =    135328.8227  VDWAALS    =    152673.7614
 EELEC  =  -1652569.8758  EHBOND  =         0.0000  RESTRAINT  =         0.0000
 EKCMT  =    112365.4980  VIRIAL  =    112103.5198  VOLUME     =   4331839.1305
                                                    Density    =         1.0094
 ------------------------------------------------------------------------------


 NSTEP =  5150000   TIME(PS) =   60875.000  TEMP(K) =   299.49  PRESS =     5.6
 Etot   =  -1017072.1972  EKtot   =    262769.6250  EPtot      =  -1279841.8222
 BOND   =     10427.9993  ANGLE   =     27820.7994  DIHED      =     32930.7261
 1-4 NB =     12358.9208  1-4 EEL =    135024.1071  VDWAALS    =    152221.3344
 EELEC  =  -1650625.7093  EHBOND  =         0.0000  RESTRAINT  =         0.0000
 EKCMT  =    111870.5213  VIRIAL  =    111345.6150  VOLUME     =   4334383.0743
                                                    Density    =         1.0089
 ------------------------------------------------------------------------------


 NSTEP =  5200000   TIME(PS) =   60975.000  TEMP(K) =   300.10  PRESS =   -26.4
 Etot   =  -1016824.9751  EKtot   =    263303.6875  EPtot      =  -1280128.6626
 BOND   =     10408.1451  ANGLE   =     27975.2381  DIHED      =     32876.0787
 1-4 NB =     12357.2402  1-4 EEL =    134921.1861  VDWAALS    =    152995.6452
 EELEC  =  -1651662.1961  EHBOND  =         0.0000  RESTRAINT  =         0.0000
 EKCMT  =    111807.4644  VIRIAL  =    114275.2346  VOLUME     =   4333383.8028
                                                    Density    =         1.0091
 ------------------------------------------------------------------------------


 NSTEP =  5250000   TIME(PS) =   61075.000  TEMP(K) =   300.04  PRESS =    -7.9
 Etot   =  -1017719.7253  EKtot   =    263257.8125  EPtot      =  -1280977.5378
 BOND   =     10323.8741  ANGLE   =     27980.4461  DIHED      =     32988.6676
 1-4 NB =     12363.9261  1-4 EEL =    135154.5440  VDWAALS    =    152513.3196
 EELEC  =  -1652302.3152  EHBOND  =         0.0000  RESTRAINT  =         0.0000
 EKCMT  =    112118.2808  VIRIAL  =    112854.5870  VOLUME     =   4335772.5613
                                                    Density    =         1.0085
 ------------------------------------------------------------------------------


 NSTEP =  5300000   TIME(PS) =   61175.000  TEMP(K) =   300.21  PRESS =   -71.3
 Etot   =  -1017977.0898  EKtot   =    263408.0000  EPtot      =  -1281385.0898
 BOND   =     10474.7322  ANGLE   =     27873.8219  DIHED      =     32777.5315
 1-4 NB =     12359.8844  1-4 EEL =    135371.5921  VDWAALS    =    152254.7209
 EELEC  =  -1652497.3729  EHBOND  =         0.0000  RESTRAINT  =         0.0000
 EKCMT  =    112345.1058  VIRIAL  =    119015.3690  VOLUME     =   4334766.5984
                                                    Density    =         1.0088
 ------------------------------------------------------------------------------


 NSTEP =  5350000   TIME(PS) =   61275.000  TEMP(K) =   301.03  PRESS =    34.4
 Etot   =  -1016438.6567  EKtot   =    264127.2500  EPtot      =  -1280565.9067
 BOND   =     10490.4006  ANGLE   =     28027.6597  DIHED      =     32964.0508
 1-4 NB =     12346.8651  1-4 EEL =    135186.8968  VDWAALS    =    152776.9923
 EELEC  =  -1652358.7722  EHBOND  =         0.0000  RESTRAINT  =         0.0000
 EKCMT  =    112449.5526  VIRIAL  =    109225.5232  VOLUME     =   4336152.1864
                                                    Density    =         1.0084
 ------------------------------------------------------------------------------


 NSTEP =  5400000   TIME(PS) =   61375.000  TEMP(K) =   300.15  PRESS =   -30.7
 Etot   =  -1018147.1868  EKtot   =    263353.7812  EPtot      =  -1281500.9680
 BOND   =     10339.4455  ANGLE   =     27717.6134  DIHED      =     32888.6473
 1-4 NB =     12397.3594  1-4 EEL =    135342.3837  VDWAALS    =    153799.5004
 EELEC  =  -1653985.9177  EHBOND  =         0.0000  RESTRAINT  =         0.0000
 EKCMT  =    112515.9540  VIRIAL  =    115388.6678  VOLUME     =   4333747.4086
                                                    Density    =         1.0090
 ------------------------------------------------------------------------------


 NSTEP =  5450000   TIME(PS) =   61475.000  TEMP(K) =   299.88  PRESS =    18.3
 Etot   =  -1015850.9388  EKtot   =    263115.2500  EPtot      =  -1278966.1888
 BOND   =     10545.0299  ANGLE   =     27938.2932  DIHED      =     32900.0136
 1-4 NB =     12294.7491  1-4 EEL =    134914.8121  VDWAALS    =    153065.0317
 EELEC  =  -1650624.1184  EHBOND  =         0.0000  RESTRAINT  =         0.0000
 EKCMT  =    111751.0069  VIRIAL  =    110040.2977  VOLUME     =   4333971.4546
                                                    Density    =         1.0090
 ------------------------------------------------------------------------------


 NSTEP =  5500000   TIME(PS) =   61575.000  TEMP(K) =   299.90  PRESS =    15.3
 Etot   =  -1016627.0957  EKtot   =    263128.9375  EPtot      =  -1279756.0332
 BOND   =     10350.8412  ANGLE   =     28109.8980  DIHED      =     33025.1905
 1-4 NB =     12339.9699  1-4 EEL =    135243.0738  VDWAALS    =    152968.5479
 EELEC  =  -1651793.5546  EHBOND  =         0.0000  RESTRAINT  =         0.0000
 EKCMT  =    111993.6675  VIRIAL  =    110560.3344  VOLUME     =   4336074.0784
                                                    Density    =         1.0085
 ------------------------------------------------------------------------------


 NSTEP =  5550000   TIME(PS) =   61675.000  TEMP(K) =   299.59  PRESS =    48.2
 Etot   =  -1017334.0235  EKtot   =    262856.5000  EPtot      =  -1280190.5235
 BOND   =     10359.9002  ANGLE   =     27692.0783  DIHED      =     32845.8170
 1-4 NB =     12439.0267  1-4 EEL =    135376.8964  VDWAALS    =    152727.9869
 EELEC  =  -1651632.2290  EHBOND  =         0.0000  RESTRAINT  =         0.0000
 EKCMT  =    111817.9296  VIRIAL  =    107304.7985  VOLUME     =   4335567.1914
                                                    Density    =         1.0086
 ------------------------------------------------------------------------------


 NSTEP =  5600000   TIME(PS) =   61775.000  TEMP(K) =   300.16  PRESS =     6.5
 Etot   =  -1016731.1130  EKtot   =    263361.5000  EPtot      =  -1280092.6130
 BOND   =     10504.1983  ANGLE   =     28006.8116  DIHED      =     32838.1024
 1-4 NB =     12312.6359  1-4 EEL =    135351.1830  VDWAALS    =    153140.3357
 EELEC  =  -1652245.8798  EHBOND  =         0.0000  RESTRAINT  =         0.0000
 EKCMT  =    112025.9002  VIRIAL  =    111415.8638  VOLUME     =   4335831.5578
                                                    Density    =         1.0085
 ------------------------------------------------------------------------------


 NSTEP =  5650000   TIME(PS) =   61875.000  TEMP(K) =   300.38  PRESS =   -26.5
 Etot   =  -1016689.8214  EKtot   =    263556.5938  EPtot      =  -1280246.4152
 BOND   =     10402.7763  ANGLE   =     28110.4681  DIHED      =     32875.7154
 1-4 NB =     12423.1213  1-4 EEL =    135069.8692  VDWAALS    =    152430.4518
 EELEC  =  -1651558.8173  EHBOND  =         0.0000  RESTRAINT  =         0.0000
 EKCMT  =    111911.9129  VIRIAL  =    114392.8517  VOLUME     =   4331790.2239
                                                    Density    =         1.0095
 ------------------------------------------------------------------------------


 NSTEP =  5700000   TIME(PS) =   61975.000  TEMP(K) =   299.80  PRESS =    76.4
 Etot   =  -1016797.7294  EKtot   =    263042.2812  EPtot      =  -1279840.0106
 BOND   =     10419.4191  ANGLE   =     27876.4468  DIHED      =     32916.2615
 1-4 NB =     12416.4305  1-4 EEL =    135373.0817  VDWAALS    =    153848.7206
 EELEC  =  -1652690.3709  EHBOND  =         0.0000  RESTRAINT  =         0.0000
 EKCMT  =    112091.8405  VIRIAL  =    104947.3458  VOLUME     =   4333462.0199
                                                    Density    =         1.0091
 ------------------------------------------------------------------------------


 NSTEP =  5750000   TIME(PS) =   62075.000  TEMP(K) =   299.45  PRESS =  -125.7
 Etot   =  -1018192.6310  EKtot   =    262740.4062  EPtot      =  -1280933.0372
 BOND   =     10376.9214  ANGLE   =     27940.1586  DIHED      =     32983.1025
 1-4 NB =     12273.3037  1-4 EEL =    135167.6391  VDWAALS    =    152273.8256
 EELEC  =  -1651947.9882  EHBOND  =         0.0000  RESTRAINT  =         0.0000
 EKCMT  =    111672.8723  VIRIAL  =    123437.1186  VOLUME     =   4334758.2899
                                                    Density    =         1.0088
 ------------------------------------------------------------------------------


 NSTEP =  5800000   TIME(PS) =   62175.000  TEMP(K) =   299.85  PRESS =    71.5
 Etot   =  -1016869.1778  EKtot   =    263086.3438  EPtot      =  -1279955.5216
 BOND   =     10518.7950  ANGLE   =     27643.3866  DIHED      =     32866.8081
 1-4 NB =     12380.8451  1-4 EEL =    135022.9790  VDWAALS    =    153473.3336
 EELEC  =  -1651861.6691  EHBOND  =         0.0000  RESTRAINT  =         0.0000
 EKCMT  =    112135.4683  VIRIAL  =    105441.3762  VOLUME     =   4335647.3853
                                                    Density    =         1.0086
 ------------------------------------------------------------------------------


 NSTEP =  5850000   TIME(PS) =   62275.000  TEMP(K) =   300.51  PRESS =   -67.7
 Etot   =  -1017456.2025  EKtot   =    263670.5938  EPtot      =  -1281126.7963
 BOND   =     10297.4067  ANGLE   =     27931.1476  DIHED      =     32984.1993
 1-4 NB =     12403.6240  1-4 EEL =    135337.8819  VDWAALS    =    152461.7609
 EELEC  =  -1652542.8166  EHBOND  =         0.0000  RESTRAINT  =         0.0000
 EKCMT  =    112319.3767  VIRIAL  =    118653.2900  VOLUME     =   4334099.1103
                                                    Density    =         1.0089
 ------------------------------------------------------------------------------


 NSTEP =  5900000   TIME(PS) =   62375.000  TEMP(K) =   299.69  PRESS =    59.5
 Etot   =  -1016968.8021  EKtot   =    262951.6250  EPtot      =  -1279920.4271
 BOND   =     10425.3944  ANGLE   =     28009.3008  DIHED      =     32786.8566
 1-4 NB =     12412.7329  1-4 EEL =    135085.2169  VDWAALS    =    152320.0725
 EELEC  =  -1650960.0012  EHBOND  =         0.0000  RESTRAINT  =         0.0000
 EKCMT  =    112270.8419  VIRIAL  =    106701.7179  VOLUME     =   4334448.4549
                                                    Density    =         1.0088
 ------------------------------------------------------------------------------


 NSTEP =  5950000   TIME(PS) =   62475.000  TEMP(K) =   300.05  PRESS =   -21.1
 Etot   =  -1017284.6621  EKtot   =    263263.4688  EPtot      =  -1280548.1309
 BOND   =     10419.7944  ANGLE   =     27780.6668  DIHED      =     32967.6510
 1-4 NB =     12411.8635  1-4 EEL =    135068.3234  VDWAALS    =    152410.7557
 EELEC  =  -1651607.1858  EHBOND  =         0.0000  RESTRAINT  =         0.0000
 EKCMT  =    112210.5497  VIRIAL  =    114187.9250  VOLUME     =   4334823.2771
                                                    Density    =         1.0088
 ------------------------------------------------------------------------------


 NSTEP =  6000000   TIME(PS) =   62575.000  TEMP(K) =   299.93  PRESS =   -65.3
 Etot   =  -1017219.6754  EKtot   =    263155.9375  EPtot      =  -1280375.6129
 BOND   =     10506.1380  ANGLE   =     27732.5103  DIHED      =     32859.3262
 1-4 NB =     12344.8298  1-4 EEL =    135120.2364  VDWAALS    =    152523.0553
 EELEC  =  -1651461.7089  EHBOND  =         0.0000  RESTRAINT  =         0.0000
 EKCMT  =    112189.0007  VIRIAL  =    118301.9966  VOLUME     =   4334849.2701
                                                    Density    =         1.0087
 ------------------------------------------------------------------------------


 NSTEP =  6050000   TIME(PS) =   62675.000  TEMP(K) =   299.80  PRESS =   -14.9
 Etot   =  -1016980.1162  EKtot   =    263042.7188  EPtot      =  -1280022.8349
 BOND   =     10600.8338  ANGLE   =     27777.0577  DIHED      =     32864.4917
 1-4 NB =     12356.0997  1-4 EEL =    135410.9072  VDWAALS    =    152800.3907
 EELEC  =  -1651832.6158  EHBOND  =         0.0000  RESTRAINT  =         0.0000
 EKCMT  =    112091.9173  VIRIAL  =    113488.2707  VOLUME     =   4334256.6792
                                                    Density    =         1.0089
 ------------------------------------------------------------------------------


 NSTEP =  6100000   TIME(PS) =   62775.000  TEMP(K) =   299.94  PRESS =   -75.0
 Etot   =  -1016377.8667  EKtot   =    263167.6875  EPtot      =  -1279545.5542
 BOND   =     10456.6072  ANGLE   =     27859.4278  DIHED      =     32854.2902
 1-4 NB =     12394.0627  1-4 EEL =    135129.2030  VDWAALS    =    152003.7106
 EELEC  =  -1650242.8557  EHBOND  =         0.0000  RESTRAINT  =         0.0000
 EKCMT  =    112134.8692  VIRIAL  =    119151.6642  VOLUME     =   4334920.9709
                                                    Density    =         1.0087
 ------------------------------------------------------------------------------


 NSTEP =  6150000   TIME(PS) =   62875.000  TEMP(K) =   300.54  PRESS =    11.9
 Etot   =  -1015721.7090  EKtot   =    263695.4688  EPtot      =  -1279417.1778
 BOND   =     10421.1167  ANGLE   =     28056.3051  DIHED      =     32788.2942
 1-4 NB =     12399.7440  1-4 EEL =    135207.6333  VDWAALS    =    152610.6915
 EELEC  =  -1650900.9626  EHBOND  =         0.0000  RESTRAINT  =         0.0000
 EKCMT  =    112450.3582  VIRIAL  =    111332.3356  VOLUME     =   4334650.3271
                                                    Density    =         1.0088
 ------------------------------------------------------------------------------


 NSTEP =  6200000   TIME(PS) =   62975.000  TEMP(K) =   299.90  PRESS =    -6.4
 Etot   =  -1017526.3710  EKtot   =    263134.8125  EPtot      =  -1280661.1835
 BOND   =     10499.5453  ANGLE   =     27860.7365  DIHED      =     32949.0736
 1-4 NB =     12378.0203  1-4 EEL =    135203.1004  VDWAALS    =    152923.7684
 EELEC  =  -1652475.4280  EHBOND  =         0.0000  RESTRAINT  =         0.0000
 EKCMT  =    112092.0782  VIRIAL  =    112690.0197  VOLUME     =   4334196.6716
                                                    Density    =         1.0089
 ------------------------------------------------------------------------------


 NSTEP =  6250000   TIME(PS) =   63075.000  TEMP(K) =   300.14  PRESS =    -1.3
 Etot   =  -1016813.0820  EKtot   =    263345.7500  EPtot      =  -1280158.8320
 BOND   =     10340.2468  ANGLE   =     27898.6482  DIHED      =     32951.8980
 1-4 NB =     12412.3221  1-4 EEL =    135077.7347  VDWAALS    =    152555.9543
 EELEC  =  -1651395.6361  EHBOND  =         0.0000  RESTRAINT  =         0.0000
 EKCMT  =    112320.5061  VIRIAL  =    112443.8076  VOLUME     =   4332649.7391
                                                    Density    =         1.0093
 ------------------------------------------------------------------------------


 NSTEP =  6300000   TIME(PS) =   63175.000  TEMP(K) =   300.32  PRESS =   -40.0
 Etot   =  -1016486.7523  EKtot   =    263502.0000  EPtot      =  -1279988.7523
 BOND   =     10562.9840  ANGLE   =     27936.9302  DIHED      =     32932.3389
 1-4 NB =     12364.0203  1-4 EEL =    135244.9652  VDWAALS    =    152194.2692
 EELEC  =  -1651224.2601  EHBOND  =         0.0000  RESTRAINT  =         0.0000
 EKCMT  =    112065.1809  VIRIAL  =    115806.9166  VOLUME     =   4333729.1270
                                                    Density    =         1.0090
 ------------------------------------------------------------------------------


 NSTEP =  6350000   TIME(PS) =   63275.000  TEMP(K) =   300.10  PRESS =    23.8
 Etot   =  -1017631.5996  EKtot   =    263310.5625  EPtot      =  -1280942.1621
 BOND   =     10569.5590  ANGLE   =     27662.5919  DIHED      =     32963.3758
 1-4 NB =     12366.0269  1-4 EEL =    135412.3293  VDWAALS    =    153234.2115
 EELEC  =  -1653150.2565  EHBOND  =         0.0000  RESTRAINT  =         0.0000
 EKCMT  =    112135.5866  VIRIAL  =    109909.3467  VOLUME     =   4332770.5914
                                                    Density    =         1.0092
 ------------------------------------------------------------------------------


 NSTEP =  6400000   TIME(PS) =   63375.000  TEMP(K) =   299.28  PRESS =   -11.9
 Etot   =  -1018118.4878  EKtot   =    262588.0312  EPtot      =  -1280706.5191
 BOND   =     10547.8513  ANGLE   =     27788.3764  DIHED      =     32982.8752
 1-4 NB =     12371.3824  1-4 EEL =    134982.5601  VDWAALS    =    152745.0162
 EELEC  =  -1652124.5806  EHBOND  =         0.0000  RESTRAINT  =         0.0000
 EKCMT  =    111719.4421  VIRIAL  =    112837.0038  VOLUME     =   4332793.2168
                                                    Density    =         1.0092
 ------------------------------------------------------------------------------


 NSTEP =  6450000   TIME(PS) =   63475.000  TEMP(K) =   299.27  PRESS =    61.5
 Etot   =  -1017241.7996  EKtot   =    262580.7500  EPtot      =  -1279822.5496
 BOND   =     10443.7693  ANGLE   =     28028.0838  DIHED      =     33015.3298
 1-4 NB =     12440.8109  1-4 EEL =    135202.9027  VDWAALS    =    152041.7647
 EELEC  =  -1650995.2108  EHBOND  =         0.0000  RESTRAINT  =         0.0000
 EKCMT  =    111947.5566  VIRIAL  =    106193.6083  VOLUME     =   4334912.3835
                                                    Density    =         1.0087
 ------------------------------------------------------------------------------


 NSTEP =  6500000   TIME(PS) =   63575.000  TEMP(K) =   299.44  PRESS =    68.3
 Etot   =  -1017123.8980  EKtot   =    262728.5625  EPtot      =  -1279852.4605
 BOND   =     10474.3295  ANGLE   =     27809.7101  DIHED      =     32927.2687
 1-4 NB =     12426.5253  1-4 EEL =    135274.2499  VDWAALS    =    152621.6975
 EELEC  =  -1651386.2415  EHBOND  =         0.0000  RESTRAINT  =         0.0000
 EKCMT  =    112103.6917  VIRIAL  =    105718.2761  VOLUME     =   4331575.3056
                                                    Density    =         1.0095
 ------------------------------------------------------------------------------


 NSTEP =  6550000   TIME(PS) =   63675.000  TEMP(K) =   300.70  PRESS =    31.9
 Etot   =  -1015590.0434  EKtot   =    263832.3125  EPtot      =  -1279422.3559
 BOND   =     10615.3655  ANGLE   =     27809.2251  DIHED      =     32899.0736
 1-4 NB =     12354.6852  1-4 EEL =    134980.7448  VDWAALS    =    152815.3944
 EELEC  =  -1650896.8445  EHBOND  =         0.0000  RESTRAINT  =         0.0000
 EKCMT  =    112572.4959  VIRIAL  =    109582.3724  VOLUME     =   4335295.5128
                                                    Density    =         1.0086
 ------------------------------------------------------------------------------


 NSTEP =  6600000   TIME(PS) =   63775.000  TEMP(K) =   299.94  PRESS =  -120.6
 Etot   =  -1017493.9690  EKtot   =    263163.8125  EPtot      =  -1280657.7815
 BOND   =     10510.3125  ANGLE   =     27746.9659  DIHED      =     32855.7385
 1-4 NB =     12336.1499  1-4 EEL =    135002.4978  VDWAALS    =    151773.5820
 EELEC  =  -1650883.0281  EHBOND  =         0.0000  RESTRAINT  =         0.0000
 EKCMT  =    111982.5934  VIRIAL  =    123265.5381  VOLUME     =   4334110.2884
                                                    Density    =         1.0089
 ------------------------------------------------------------------------------


 NSTEP =  6650000   TIME(PS) =   63875.000  TEMP(K) =   301.13  PRESS =    11.5
 Etot   =  -1016307.1000  EKtot   =    264214.9375  EPtot      =  -1280522.0375
 BOND   =     10438.8089  ANGLE   =     28021.1366  DIHED      =     32912.6879
 1-4 NB =     12335.1800  1-4 EEL =    135278.3411  VDWAALS    =    152687.5139
 EELEC  =  -1652195.7059  EHBOND  =         0.0000  RESTRAINT  =         0.0000
 EKCMT  =    112255.6042  VIRIAL  =    111182.1754  VOLUME     =   4332712.7912
                                                    Density    =         1.0092
 ------------------------------------------------------------------------------


 NSTEP =  6700000   TIME(PS) =   63975.000  TEMP(K) =   299.32  PRESS =   -17.5
 Etot   =  -1018052.8524  EKtot   =    262626.9375  EPtot      =  -1280679.7899
 BOND   =     10508.5496  ANGLE   =     27985.2510  DIHED      =     32959.4959
 1-4 NB =     12325.8264  1-4 EEL =    135129.6680  VDWAALS    =    152999.4920
 EELEC  =  -1652588.0728  EHBOND  =         0.0000  RESTRAINT  =         0.0000
 EKCMT  =    112047.4970  VIRIAL  =    113687.7493  VOLUME     =   4333268.0307
                                                    Density    =         1.0091
 ------------------------------------------------------------------------------


 NSTEP =  6750000   TIME(PS) =   64075.000  TEMP(K) =   299.19  PRESS =  -152.2
 Etot   =  -1017791.4614  EKtot   =    262505.5625  EPtot      =  -1280297.0239
 BOND   =     10405.3797  ANGLE   =     27967.4119  DIHED      =     33092.1512
 1-4 NB =     12419.2405  1-4 EEL =    135357.3687  VDWAALS    =    152151.2994
 EELEC  =  -1651689.8753  EHBOND  =         0.0000  RESTRAINT  =         0.0000
 EKCMT  =    111677.0779  VIRIAL  =    125921.2226  VOLUME     =   4334088.9092
                                                    Density    =         1.0089
 ------------------------------------------------------------------------------


 NSTEP =  6800000   TIME(PS) =   64175.000  TEMP(K) =   300.18  PRESS =    75.2
 Etot   =  -1016955.5798  EKtot   =    263379.2188  EPtot      =  -1280334.7985
 BOND   =     10335.7370  ANGLE   =     28081.5565  DIHED      =     32834.6088
 1-4 NB =     12307.8917  1-4 EEL =    135222.9161  VDWAALS    =    152723.8297
 EELEC  =  -1651841.3384  EHBOND  =         0.0000  RESTRAINT  =         0.0000
 EKCMT  =    112344.7802  VIRIAL  =    105301.0808  VOLUME     =   4336636.9663
                                                    Density    =         1.0083
 ------------------------------------------------------------------------------


 NSTEP =  6850000   TIME(PS) =   64275.000  TEMP(K) =   300.18  PRESS =    -0.9
 Etot   =  -1016897.2276  EKtot   =    263380.5625  EPtot      =  -1280277.7901
 BOND   =     10486.1817  ANGLE   =     27743.3185  DIHED      =     32916.8950
 1-4 NB =     12338.8377  1-4 EEL =    135230.7392  VDWAALS    =    152161.0221
 EELEC  =  -1651154.7843  EHBOND  =         0.0000  RESTRAINT  =         0.0000
 EKCMT  =    112245.3004  VIRIAL  =    112330.7887  VOLUME     =   4333314.7376
                                                    Density    =         1.0091
 ------------------------------------------------------------------------------


 NSTEP =  6900000   TIME(PS) =   64375.000  TEMP(K) =   299.67  PRESS =    63.6
 Etot   =  -1017182.0128  EKtot   =    262927.8750  EPtot      =  -1280109.8878
 BOND   =     10360.8363  ANGLE   =     28104.9371  DIHED      =     33106.3446
 1-4 NB =     12364.4686  1-4 EEL =    135094.2047  VDWAALS    =    152754.5547
 EELEC  =  -1651895.2339  EHBOND  =         0.0000  RESTRAINT  =         0.0000
 EKCMT  =    111925.1365  VIRIAL  =    105981.9022  VOLUME     =   4330875.0095
                                                    Density    =         1.0097
 ------------------------------------------------------------------------------


 NSTEP =  6950000   TIME(PS) =   64475.000  TEMP(K) =   299.82  PRESS =     2.6
 Etot   =  -1016892.4268  EKtot   =    263060.6562  EPtot      =  -1279953.0830
 BOND   =     10339.0388  ANGLE   =     28131.2966  DIHED      =     33061.7185
 1-4 NB =     12388.1616  1-4 EEL =    135192.3770  VDWAALS    =    152128.9253
 EELEC  =  -1651194.6008  EHBOND  =         0.0000  RESTRAINT  =         0.0000
 EKCMT  =    112278.5299  VIRIAL  =    112036.5535  VOLUME     =   4335791.2812
                                                    Density    =         1.0085
 ------------------------------------------------------------------------------


 NSTEP =  7000000   TIME(PS) =   64575.000  TEMP(K) =   300.58  PRESS =   -34.5
 Etot   =  -1016329.9727  EKtot   =    263732.1250  EPtot      =  -1280062.0977
 BOND   =     10439.9999  ANGLE   =     27969.6237  DIHED      =     32937.9825
 1-4 NB =     12438.1036  1-4 EEL =    135136.9367  VDWAALS    =    151688.4556
 EELEC  =  -1650673.1998  EHBOND  =         0.0000  RESTRAINT  =         0.0000
 EKCMT  =    112504.2855  VIRIAL  =    115732.2444  VOLUME     =   4336137.9095
                                                    Density    =         1.0084
 ------------------------------------------------------------------------------


 NSTEP =  7050000   TIME(PS) =   64675.000  TEMP(K) =   299.83  PRESS =   -26.1
 Etot   =  -1017859.3085  EKtot   =    263067.8438  EPtot      =  -1280927.1522
 BOND   =     10547.1595  ANGLE   =     27586.8975  DIHED      =     32860.4627
 1-4 NB =     12334.4737  1-4 EEL =    135226.1462  VDWAALS    =    152151.9214
 EELEC  =  -1651634.2132  EHBOND  =         0.0000  RESTRAINT  =         0.0000
 EKCMT  =    112198.8899  VIRIAL  =    114637.2662  VOLUME     =   4334386.3398
                                                    Density    =         1.0089
 ------------------------------------------------------------------------------


 NSTEP =  7100000   TIME(PS) =   64775.000  TEMP(K) =   300.34  PRESS =   -33.0
 Etot   =  -1016858.5675  EKtot   =    263519.2500  EPtot      =  -1280377.8175
 BOND   =     10474.1774  ANGLE   =     27701.5450  DIHED      =     32927.6387
 1-4 NB =     12341.4536  1-4 EEL =    135140.7986  VDWAALS    =    151831.1640
 EELEC  =  -1650794.5948  EHBOND  =         0.0000  RESTRAINT  =         0.0000
 EKCMT  =    112013.7074  VIRIAL  =    115100.8809  VOLUME     =   4334778.3943
                                                    Density    =         1.0088
 ------------------------------------------------------------------------------


 NSTEP =  7150000   TIME(PS) =   64875.000  TEMP(K) =   300.08  PRESS =   -51.4
 Etot   =  -1017430.4468  EKtot   =    263288.3438  EPtot      =  -1280718.7906
 BOND   =     10330.2762  ANGLE   =     27838.0124  DIHED      =     33061.7574
 1-4 NB =     12418.0330  1-4 EEL =    135307.4674  VDWAALS    =    152451.9417
 EELEC  =  -1652126.2786  EHBOND  =         0.0000  RESTRAINT  =         0.0000
 EKCMT  =    112093.5174  VIRIAL  =    116899.8208  VOLUME     =   4334520.5779
                                                    Density    =         1.0088
 ------------------------------------------------------------------------------


 NSTEP =  7200000   TIME(PS) =   64975.000  TEMP(K) =   299.96  PRESS =   -50.8
 Etot   =  -1017086.8225  EKtot   =    263185.2812  EPtot      =  -1280272.1038
 BOND   =     10590.5648  ANGLE   =     27912.3326  DIHED      =     32883.7265
 1-4 NB =     12321.5419  1-4 EEL =    135063.1093  VDWAALS    =    152677.2219
 EELEC  =  -1651720.6010  EHBOND  =         0.0000  RESTRAINT  =         0.0000
 EKCMT  =    112174.4321  VIRIAL  =    116932.5277  VOLUME     =   4334043.8705
                                                    Density    =         1.0089
 ------------------------------------------------------------------------------


 NSTEP =  7250000   TIME(PS) =   65075.000  TEMP(K) =   299.70  PRESS =   -34.0
 Etot   =  -1017617.4777  EKtot   =    262956.0625  EPtot      =  -1280573.5402
 BOND   =     10535.5927  ANGLE   =     27819.3095  DIHED      =     32844.3966
 1-4 NB =     12408.2983  1-4 EEL =    135031.5230  VDWAALS    =    152945.6762
 EELEC  =  -1652158.3364  EHBOND  =         0.0000  RESTRAINT  =         0.0000
 EKCMT  =    112588.0417  VIRIAL  =    115766.7789  VOLUME     =   4334373.9083
                                                    Density    =         1.0089
 ------------------------------------------------------------------------------


 NSTEP =  7300000   TIME(PS) =   65175.000  TEMP(K) =   299.36  PRESS =    12.9
 Etot   =  -1017287.3265  EKtot   =    262660.9688  EPtot      =  -1279948.2953
 BOND   =     10227.0032  ANGLE   =     27779.0157  DIHED      =     32904.9354
 1-4 NB =     12361.6085  1-4 EEL =    135085.7685  VDWAALS    =    152848.3308
 EELEC  =  -1651154.9575  EHBOND  =         0.0000  RESTRAINT  =         0.0000
 EKCMT  =    111749.0097  VIRIAL  =    110537.6400  VOLUME     =   4334169.9302
                                                    Density    =         1.0089
 ------------------------------------------------------------------------------


 NSTEP =  7350000   TIME(PS) =   65275.000  TEMP(K) =   300.90  PRESS =   -10.7
 Etot   =  -1015355.9943  EKtot   =    264010.4375  EPtot      =  -1279366.4318
 BOND   =     10566.6480  ANGLE   =     27778.1524  DIHED      =     32915.0386
 1-4 NB =     12256.0164  1-4 EEL =    134862.3994  VDWAALS    =    152014.8355
 EELEC  =  -1649759.5221  EHBOND  =         0.0000  RESTRAINT  =         0.0000
 EKCMT  =    112643.4217  VIRIAL  =    113644.9567  VOLUME     =   4334760.7643
                                                    Density    =         1.0088
 ------------------------------------------------------------------------------


 NSTEP =  7400000   TIME(PS) =   65375.000  TEMP(K) =   299.31  PRESS =   -33.0
 Etot   =  -1016973.4836  EKtot   =    262614.7812  EPtot      =  -1279588.2648
 BOND   =     10520.9794  ANGLE   =     28056.5777  DIHED      =     32993.4955
 1-4 NB =     12303.6709  1-4 EEL =    134951.3016  VDWAALS    =    151541.0174
 EELEC  =  -1649955.3072  EHBOND  =         0.0000  RESTRAINT  =         0.0000
 EKCMT  =    111628.5784  VIRIAL  =    114718.8780  VOLUME     =   4334126.3512
                                                    Density    =         1.0089
 ------------------------------------------------------------------------------


 NSTEP =  7450000   TIME(PS) =   65475.000  TEMP(K) =   300.93  PRESS =   -84.0
 Etot   =  -1015132.5657  EKtot   =    264038.8438  EPtot      =  -1279171.4094
 BOND   =     10612.4753  ANGLE   =     27850.6419  DIHED      =     32893.4347
 1-4 NB =     12346.9200  1-4 EEL =    134896.2079  VDWAALS    =    151472.0166
 EELEC  =  -1649243.1058  EHBOND  =         0.0000  RESTRAINT  =         0.0000
 EKCMT  =    112372.5772  VIRIAL  =    120230.0510  VOLUME     =   4334416.1960
                                                    Density    =         1.0088
 ------------------------------------------------------------------------------


 NSTEP =  7500000   TIME(PS) =   65575.000  TEMP(K) =   300.44  PRESS =    55.2
 Etot   =  -1016166.1639  EKtot   =    263602.2812  EPtot      =  -1279768.4452
 BOND   =     10355.7493  ANGLE   =     28003.2622  DIHED      =     32965.0934
 1-4 NB =     12332.3683  1-4 EEL =    134789.3021  VDWAALS    =    152383.4835
 EELEC  =  -1650597.7039  EHBOND  =         0.0000  RESTRAINT  =         0.0000
 EKCMT  =    112291.5538  VIRIAL  =    107128.1186  VOLUME     =   4332749.5373
                                                    Density    =         1.0092
 ------------------------------------------------------------------------------


 NSTEP =  7550000   TIME(PS) =   65675.000  TEMP(K) =   300.37  PRESS =   -13.9
 Etot   =  -1016991.8155  EKtot   =    263546.4375  EPtot      =  -1280538.2530
 BOND   =     10488.9559  ANGLE   =     27817.0186  DIHED      =     32926.8264
 1-4 NB =     12413.0016  1-4 EEL =    135038.3372  VDWAALS    =    151844.9966
 EELEC  =  -1651067.3893  EHBOND  =         0.0000  RESTRAINT  =         0.0000
 EKCMT  =    112351.8712  VIRIAL  =    113656.9282  VOLUME     =   4334565.3887
                                                    Density    =         1.0088
 ------------------------------------------------------------------------------


 NSTEP =  7600000   TIME(PS) =   65775.000  TEMP(K) =   300.09  PRESS =    -1.6
 Etot   =  -1016321.4615  EKtot   =    263295.9062  EPtot      =  -1279617.3678
 BOND   =     10555.4477  ANGLE   =     28027.0939  DIHED      =     32928.4944
 1-4 NB =     12310.2429  1-4 EEL =    134791.9313  VDWAALS    =    153045.7316
 EELEC  =  -1651276.3096  EHBOND  =         0.0000  RESTRAINT  =         0.0000
 EKCMT  =    111605.2202  VIRIAL  =    111759.0453  VOLUME     =   4335917.1110
                                                    Density    =         1.0085
 ------------------------------------------------------------------------------


 NSTEP =  7650000   TIME(PS) =   65875.000  TEMP(K) =   299.84  PRESS =     6.3
 Etot   =  -1016941.4514  EKtot   =    263081.0000  EPtot      =  -1280022.4514
 BOND   =     10457.6995  ANGLE   =     27984.1140  DIHED      =     32917.2517
 1-4 NB =     12291.7337  1-4 EEL =    134813.0248  VDWAALS    =    152677.7896
 EELEC  =  -1651164.0647  EHBOND  =         0.0000  RESTRAINT  =         0.0000
 EKCMT  =    112159.7385  VIRIAL  =    111567.3072  VOLUME     =   4335341.8663
                                                    Density    =         1.0086
 ------------------------------------------------------------------------------


 NSTEP =  7700000   TIME(PS) =   65975.000  TEMP(K) =   300.05  PRESS =   -24.1
 Etot   =  -1016347.1364  EKtot   =    263266.4375  EPtot      =  -1279613.5739
 BOND   =     10324.1288  ANGLE   =     28119.8242  DIHED      =     32848.3740
 1-4 NB =     12437.0739  1-4 EEL =    135228.2525  VDWAALS    =    152375.7982
 EELEC  =  -1650947.0254  EHBOND  =         0.0000  RESTRAINT  =         0.0000
 EKCMT  =    111833.5070  VIRIAL  =    114088.2753  VOLUME     =   4334146.1813
                                                    Density    =         1.0089
 ------------------------------------------------------------------------------


 NSTEP =  7750000   TIME(PS) =   66075.000  TEMP(K) =   300.29  PRESS =   -47.8
 Etot   =  -1017107.9360  EKtot   =    263472.0000  EPtot      =  -1280579.9360
 BOND   =     10361.7395  ANGLE   =     27838.6913  DIHED      =     32937.9539
 1-4 NB =     12496.8666  1-4 EEL =    134994.7554  VDWAALS    =    152957.0597
 EELEC  =  -1652167.0023  EHBOND  =         0.0000  RESTRAINT  =         0.0000
 EKCMT  =    112435.3187  VIRIAL  =    116904.6203  VOLUME     =   4333601.9505
                                                    Density    =         1.0090
 ------------------------------------------------------------------------------


 NSTEP =  7800000   TIME(PS) =   66175.000  TEMP(K) =   300.41  PRESS =    50.4
 Etot   =  -1016186.7205  EKtot   =    263577.5000  EPtot      =  -1279764.2205
 BOND   =     10656.6168  ANGLE   =     28018.8868  DIHED      =     33045.2884
 1-4 NB =     12332.1784  1-4 EEL =    135059.6775  VDWAALS    =    152661.2316
 EELEC  =  -1651538.1001  EHBOND  =         0.0000  RESTRAINT  =         0.0000
 EKCMT  =    112486.3566  VIRIAL  =    107773.2473  VOLUME     =   4331780.0267
                                                    Density    =         1.0095
 ------------------------------------------------------------------------------


 NSTEP =  7850000   TIME(PS) =   66275.000  TEMP(K) =   299.62  PRESS =   -52.0
 Etot   =  -1017909.6651  EKtot   =    262889.8125  EPtot      =  -1280799.4776
 BOND   =     10436.1391  ANGLE   =     27773.1503  DIHED      =     33012.5314
 1-4 NB =     12349.2190  1-4 EEL =    134981.9187  VDWAALS    =    152216.0076
 EELEC  =  -1651568.4437  EHBOND  =         0.0000  RESTRAINT  =         0.0000
 EKCMT  =    112281.5333  VIRIAL  =    117142.9418  VOLUME     =   4332251.6763
                                                    Density    =         1.0094
 ------------------------------------------------------------------------------


 NSTEP =  7900000   TIME(PS) =   66375.000  TEMP(K) =   299.87  PRESS =    11.5
 Etot   =  -1016700.3747  EKtot   =    263103.4688  EPtot      =  -1279803.8434
 BOND   =     10469.7139  ANGLE   =     27881.5968  DIHED      =     32799.2875
 1-4 NB =     12398.4020  1-4 EEL =    135014.4172  VDWAALS    =    152865.6844
 EELEC  =  -1651232.9452  EHBOND  =         0.0000  RESTRAINT  =         0.0000
 EKCMT  =    112101.3174  VIRIAL  =    111022.0141  VOLUME     =   4335228.0811
                                                    Density    =         1.0087
 ------------------------------------------------------------------------------


 NSTEP =  7950000   TIME(PS) =   66475.000  TEMP(K) =   300.38  PRESS =    -2.7
 Etot   =  -1017059.2789  EKtot   =    263557.2812  EPtot      =  -1280616.5601
 BOND   =     10498.8341  ANGLE   =     27765.2935  DIHED      =     32843.6632
 1-4 NB =     12333.1219  1-4 EEL =    134955.2249  VDWAALS    =    153073.3494
 EELEC  =  -1652086.0471  EHBOND  =         0.0000  RESTRAINT  =         0.0000
 EKCMT  =    111890.3514  VIRIAL  =    112145.5962  VOLUME     =   4331845.6483
                                                    Density    =         1.0094
 ------------------------------------------------------------------------------


 NSTEP =  8000000   TIME(PS) =   66575.000  TEMP(K) =   299.85  PRESS =   -21.6
 Etot   =  -1017279.1930  EKtot   =    263087.2812  EPtot      =  -1280366.4743
 BOND   =     10363.2935  ANGLE   =     27910.3088  DIHED      =     32980.7957
 1-4 NB =     12438.2545  1-4 EEL =    134934.8512  VDWAALS    =    151868.7220
 EELEC  =  -1650862.7000  EHBOND  =         0.0000  RESTRAINT  =         0.0000
 EKCMT  =    112270.7606  VIRIAL  =    114289.9892  VOLUME     =   4334168.0045
                                                    Density    =         1.0089
 ------------------------------------------------------------------------------


 NSTEP =  8050000   TIME(PS) =   66675.000  TEMP(K) =   299.63  PRESS =   -15.3
 Etot   =  -1017681.6714  EKtot   =    262899.8750  EPtot      =  -1280581.5464
 BOND   =     10587.5714  ANGLE   =     27844.4766  DIHED      =     32802.2379
 1-4 NB =     12371.4533  1-4 EEL =    134995.4900  VDWAALS    =    152615.2207
 EELEC  =  -1651797.9963  EHBOND  =         0.0000  RESTRAINT  =         0.0000
 EKCMT  =    112179.3149  VIRIAL  =    113607.0600  VOLUME     =   4333870.7183
                                                    Density    =         1.0090
 ------------------------------------------------------------------------------


 NSTEP =  8100000   TIME(PS) =   66775.000  TEMP(K) =   299.86  PRESS =    14.5
 Etot   =  -1018528.9000  EKtot   =    263101.6250  EPtot      =  -1281630.5250
 BOND   =     10317.1588  ANGLE   =     28100.1592  DIHED      =     32875.4106
 1-4 NB =     12375.3778  1-4 EEL =    135147.2940  VDWAALS    =    153118.6904
 EELEC  =  -1653564.6158  EHBOND  =         0.0000  RESTRAINT  =         0.0000
 EKCMT  =    112095.9836  VIRIAL  =    110742.9392  VOLUME     =   4333786.2255
                                                    Density    =         1.0090
 ------------------------------------------------------------------------------


 NSTEP =  8150000   TIME(PS) =   66875.000  TEMP(K) =   299.91  PRESS =   -69.5
 Etot   =  -1017504.0466  EKtot   =    263142.2188  EPtot      =  -1280646.2653
 BOND   =     10291.7156  ANGLE   =     27859.2879  DIHED      =     33020.5104
 1-4 NB =     12436.4969  1-4 EEL =    135245.6595  VDWAALS    =    152567.3848
 EELEC  =  -1652067.3204  EHBOND  =         0.0000  RESTRAINT  =         0.0000
 EKCMT  =    111792.0557  VIRIAL  =    118288.8611  VOLUME     =   4332015.6069
                                                    Density    =         1.0094
 ------------------------------------------------------------------------------


 NSTEP =  8200000   TIME(PS) =   66975.000  TEMP(K) =   300.17  PRESS =   -43.4
 Etot   =  -1017486.1920  EKtot   =    263368.8125  EPtot      =  -1280855.0045
 BOND   =     10421.0397  ANGLE   =     27798.5247  DIHED      =     33072.7178
 1-4 NB =     12398.1767  1-4 EEL =    135132.0926  VDWAALS    =    152312.2457
 EELEC  =  -1651989.8017  EHBOND  =         0.0000  RESTRAINT  =         0.0000
 EKCMT  =    112146.7923  VIRIAL  =    116199.4904  VOLUME     =   4329389.4780
                                                    Density    =         1.0100
 ------------------------------------------------------------------------------


 NSTEP =  8250000   TIME(PS) =   67075.000  TEMP(K) =   299.82  PRESS =   -36.1
 Etot   =  -1017988.3289  EKtot   =    263063.7500  EPtot      =  -1281052.0789
 BOND   =     10511.3995  ANGLE   =     27965.0386  DIHED      =     32889.5763
 1-4 NB =     12375.6315  1-4 EEL =    135109.3309  VDWAALS    =    152507.7137
 EELEC  =  -1652410.7694  EHBOND  =         0.0000  RESTRAINT  =         0.0000
 EKCMT  =    112002.8137  VIRIAL  =    115379.1283  VOLUME     =   4333500.6364
                                                    Density    =         1.0091
 ------------------------------------------------------------------------------


 NSTEP =  8300000   TIME(PS) =   67175.000  TEMP(K) =   299.64  PRESS =    25.3
 Etot   =  -1018497.5248  EKtot   =    262903.9062  EPtot      =  -1281401.4311
 BOND   =     10501.7770  ANGLE   =     27866.7300  DIHED      =     32915.8650
 1-4 NB =     12349.9148  1-4 EEL =    135068.6891  VDWAALS    =    152222.1996
 EELEC  =  -1652326.6065  EHBOND  =         0.0000  RESTRAINT  =         0.0000
 EKCMT  =    111863.0190  VIRIAL  =    109497.6986  VOLUME     =   4331120.9209
                                                    Density    =         1.0096
 ------------------------------------------------------------------------------


 NSTEP =  8350000   TIME(PS) =   67275.000  TEMP(K) =   300.89  PRESS =   106.2
 Etot   =  -1016365.5728  EKtot   =    263999.7812  EPtot      =  -1280365.3541
 BOND   =     10366.3481  ANGLE   =     28036.6444  DIHED      =     32978.9127
 1-4 NB =     12387.4533  1-4 EEL =    135116.1757  VDWAALS    =    152768.2526
 EELEC  =  -1652019.1409  EHBOND  =         0.0000  RESTRAINT  =         0.0000
 EKCMT  =    112669.9211  VIRIAL  =    102738.6863  VOLUME     =   4331533.1382
                                                    Density    =         1.0095
 ------------------------------------------------------------------------------


 NSTEP =  8400000   TIME(PS) =   67375.000  TEMP(K) =   299.64  PRESS =   -34.2
 Etot   =  -1016479.5403  EKtot   =    262907.6250  EPtot      =  -1279387.1653
 BOND   =     10410.4335  ANGLE   =     28104.7865  DIHED      =     32886.3170
 1-4 NB =     12362.7901  1-4 EEL =    134891.0087  VDWAALS    =    152262.3419
 EELEC  =  -1650304.8430  EHBOND  =         0.0000  RESTRAINT  =         0.0000
 EKCMT  =    112242.4424  VIRIAL  =    115442.6221  VOLUME     =   4333237.8340
                                                    Density    =         1.0091
 ------------------------------------------------------------------------------


 NSTEP =  8450000   TIME(PS) =   67475.000  TEMP(K) =   299.54  PRESS =     4.2
 Etot   =  -1017369.3537  EKtot   =    262817.1875  EPtot      =  -1280186.5412
 BOND   =     10312.5067  ANGLE   =     27981.1978  DIHED      =     32876.3696
 1-4 NB =     12376.7531  1-4 EEL =    135091.6992  VDWAALS    =    152285.8762
 EELEC  =  -1651110.9438  EHBOND  =         0.0000  RESTRAINT  =         0.0000
 EKCMT  =    111770.5276  VIRIAL  =    111381.4090  VOLUME     =   4334315.1744
                                                    Density    =         1.0089
 ------------------------------------------------------------------------------


 NSTEP =  8500000   TIME(PS) =   67575.000  TEMP(K) =   300.26  PRESS =   119.4
 Etot   =  -1017123.6968  EKtot   =    263448.5000  EPtot      =  -1280572.1968
 BOND   =     10441.7562  ANGLE   =     27866.7384  DIHED      =     32836.1334
 1-4 NB =     12333.7534  1-4 EEL =    134980.0765  VDWAALS    =    153406.6608
 EELEC  =  -1652437.3156  EHBOND  =         0.0000  RESTRAINT  =         0.0000
 EKCMT  =    111785.7849  VIRIAL  =    100610.8413  VOLUME     =   4334518.1355
                                                    Density    =         1.0088
 ------------------------------------------------------------------------------


 NSTEP =  8550000   TIME(PS) =   67675.000  TEMP(K) =   299.97  PRESS =   -23.8
 Etot   =  -1017600.4732  EKtot   =    263189.9375  EPtot      =  -1280790.4107
 BOND   =     10518.3687  ANGLE   =     27728.2545  DIHED      =     32935.9693
 1-4 NB =     12310.4603  1-4 EEL =    135071.9481  VDWAALS    =    152721.3360
 EELEC  =  -1652076.7476  EHBOND  =         0.0000  RESTRAINT  =         0.0000
 EKCMT  =    111937.0422  VIRIAL  =    114163.2497  VOLUME     =   4334382.9954
                                                    Density    =         1.0089
 ------------------------------------------------------------------------------


 NSTEP =  8600000   TIME(PS) =   67775.000  TEMP(K) =   300.68  PRESS =    10.7
 Etot   =  -1016762.3064  EKtot   =    263818.6875  EPtot      =  -1280580.9939
 BOND   =     10597.8215  ANGLE   =     27913.8005  DIHED      =     32920.7886
 1-4 NB =     12370.3155  1-4 EEL =    135109.0127  VDWAALS    =    153087.9731
 EELEC  =  -1652580.7058  EHBOND  =         0.0000  RESTRAINT  =         0.0000
 EKCMT  =    112130.3447  VIRIAL  =    111129.8832  VOLUME     =   4333953.6330
                                                    Density    =         1.0090
 ------------------------------------------------------------------------------


 NSTEP =  8650000   TIME(PS) =   67875.000  TEMP(K) =   300.12  PRESS =    -4.8
 Etot   =  -1017171.5167  EKtot   =    263324.2500  EPtot      =  -1280495.7667
 BOND   =     10371.0612  ANGLE   =     27747.9788  DIHED      =     32805.5624
 1-4 NB =     12371.7368  1-4 EEL =    135351.0745  VDWAALS    =    152637.0919
 EELEC  =  -1651780.2723  EHBOND  =         0.0000  RESTRAINT  =         0.0000
 EKCMT  =    112147.4024  VIRIAL  =    112596.5228  VOLUME     =   4334303.2644
                                                    Density    =         1.0089
 ------------------------------------------------------------------------------


 NSTEP =  8700000   TIME(PS) =   67975.000  TEMP(K) =   299.66  PRESS =     8.1
 Etot   =  -1017799.8885  EKtot   =    262919.8125  EPtot      =  -1280719.7010
 BOND   =     10196.8080  ANGLE   =     28004.5400  DIHED      =     32947.9249
 1-4 NB =     12372.2323  1-4 EEL =    135117.8499  VDWAALS    =    152809.7577
 EELEC  =  -1652168.8138  EHBOND  =         0.0000  RESTRAINT  =         0.0000
 EKCMT  =    111948.3091  VIRIAL  =    111187.3043  VOLUME     =   4333252.8824
                                                    Density    =         1.0091
 ------------------------------------------------------------------------------


 NSTEP =  8750000   TIME(PS) =   68075.000  TEMP(K) =   300.47  PRESS =    -2.2
 Etot   =  -1017659.2889  EKtot   =    263630.9688  EPtot      =  -1281290.2577
 BOND   =     10433.5227  ANGLE   =     27903.1652  DIHED      =     32880.0355
 1-4 NB =     12387.0699  1-4 EEL =    135033.0464  VDWAALS    =    152262.4381
 EELEC  =  -1652189.5353  EHBOND  =         0.0000  RESTRAINT  =         0.0000
 EKCMT  =    112236.3773  VIRIAL  =    112444.5052  VOLUME     =   4330355.3978
                                                    Density    =         1.0098
 ------------------------------------------------------------------------------


 NSTEP =  8800000   TIME(PS) =   68175.000  TEMP(K) =   299.94  PRESS =   -25.7
 Etot   =  -1018209.2809  EKtot   =    263165.4688  EPtot      =  -1281374.7497
 BOND   =     10639.9980  ANGLE   =     27726.1112  DIHED      =     32728.7721
 1-4 NB =     12388.2917  1-4 EEL =    135244.2075  VDWAALS    =    152856.3338
 EELEC  =  -1652958.4639  EHBOND  =         0.0000  RESTRAINT  =         0.0000
 EKCMT  =    112282.7765  VIRIAL  =    114690.6596  VOLUME     =   4334005.0663
                                                    Density    =         1.0089
 ------------------------------------------------------------------------------


 NSTEP =  8850000   TIME(PS) =   68275.000  TEMP(K) =   299.62  PRESS =    29.6
 Etot   =  -1018084.0362  EKtot   =    262888.3125  EPtot      =  -1280972.3487
 BOND   =     10461.0779  ANGLE   =     27937.9037  DIHED      =     32954.3599
 1-4 NB =     12344.8972  1-4 EEL =    134881.4363  VDWAALS    =    152577.7731
 EELEC  =  -1652129.7967  EHBOND  =         0.0000  RESTRAINT  =         0.0000
 EKCMT  =    111878.4250  VIRIAL  =    109108.6220  VOLUME     =   4334126.5657
                                                    Density    =         1.0089
 ------------------------------------------------------------------------------


 NSTEP =  8900000   TIME(PS) =   68375.000  TEMP(K) =   300.84  PRESS =    14.8
 Etot   =  -1015963.2977  EKtot   =    263960.2500  EPtot      =  -1279923.5477
 BOND   =     10438.4729  ANGLE   =     27988.6604  DIHED      =     33031.5216
 1-4 NB =     12397.5994  1-4 EEL =    134920.4530  VDWAALS    =    152305.8573
 EELEC  =  -1651006.1123  EHBOND  =         0.0000  RESTRAINT  =         0.0000
 EKCMT  =    112517.7549  VIRIAL  =    111133.3788  VOLUME     =   4336053.6347
                                                    Density    =         1.0085
 ------------------------------------------------------------------------------


 NSTEP =  8950000   TIME(PS) =   68475.000  TEMP(K) =   300.37  PRESS =   -27.9
 Etot   =  -1016558.1372  EKtot   =    263544.1250  EPtot      =  -1280102.2622
 BOND   =     10413.9755  ANGLE   =     27853.5013  DIHED      =     32947.3866
 1-4 NB =     12414.4442  1-4 EEL =    135072.3534  VDWAALS    =    152458.8368
 EELEC  =  -1651262.7601  EHBOND  =         0.0000  RESTRAINT  =         0.0000
 EKCMT  =    111887.1115  VIRIAL  =    114496.6313  VOLUME     =   4334110.6507
                                                    Density    =         1.0089
 ------------------------------------------------------------------------------


 NSTEP =  9000000   TIME(PS) =   68575.000  TEMP(K) =   299.28  PRESS =   -16.6
 Etot   =  -1016704.5777  EKtot   =    262586.0938  EPtot      =  -1279290.6714
 BOND   =     10501.0797  ANGLE   =     28106.3110  DIHED      =     32800.6171
 1-4 NB =     12304.8158  1-4 EEL =    135034.7645  VDWAALS    =    151817.7948
 EELEC  =  -1649856.0543  EHBOND  =         0.0000  RESTRAINT  =         0.0000
 EKCMT  =    111734.9479  VIRIAL  =    113288.4340  VOLUME     =   4334804.5615
                                                    Density    =         1.0088
 ------------------------------------------------------------------------------


 NSTEP =  9050000   TIME(PS) =   68675.000  TEMP(K) =   299.34  PRESS =    20.3
 Etot   =  -1018100.8969  EKtot   =    262638.6562  EPtot      =  -1280739.5531
 BOND   =     10362.7649  ANGLE   =     27676.7906  DIHED      =     33033.1532
 1-4 NB =     12374.4562  1-4 EEL =    135272.5274  VDWAALS    =    152602.3106
 EELEC  =  -1652061.5560  EHBOND  =         0.0000  RESTRAINT  =         0.0000
 EKCMT  =    111831.9525  VIRIAL  =    109932.0574  VOLUME     =   4333115.1965
                                                    Density    =         1.0092
 ------------------------------------------------------------------------------


 NSTEP =  9100000   TIME(PS) =   68775.000  TEMP(K) =   299.56  PRESS =    15.6
 Etot   =  -1018327.0133  EKtot   =    262837.5938  EPtot      =  -1281164.6070
 BOND   =     10440.0343  ANGLE   =     27907.4957  DIHED      =     32891.2872
 1-4 NB =     12349.9129  1-4 EEL =    135050.4463  VDWAALS    =    153361.0495
 EELEC  =  -1653164.8328  EHBOND  =         0.0000  RESTRAINT  =         0.0000
 EKCMT  =    111917.0464  VIRIAL  =    110457.7344  VOLUME     =   4333601.3943
                                                    Density    =         1.0090
 ------------------------------------------------------------------------------


 NSTEP =  9150000   TIME(PS) =   68875.000  TEMP(K) =   300.11  PRESS =     0.1
 Etot   =  -1016257.9587  EKtot   =    263314.9062  EPtot      =  -1279572.8650
 BOND   =     10492.2284  ANGLE   =     27832.0770  DIHED      =     32804.0436
 1-4 NB =     12380.4389  1-4 EEL =    135164.5857  VDWAALS    =    152276.1559
 EELEC  =  -1650522.3945  EHBOND  =         0.0000  RESTRAINT  =         0.0000
 EKCMT  =    112128.4276  VIRIAL  =    112115.4028  VOLUME     =   4335666.1723
                                                    Density    =         1.0086
 ------------------------------------------------------------------------------


 NSTEP =  9200000   TIME(PS) =   68975.000  TEMP(K) =   299.91  PRESS =   -37.6
 Etot   =  -1016901.3474  EKtot   =    263141.5625  EPtot      =  -1280042.9099
 BOND   =     10662.1569  ANGLE   =     27747.7857  DIHED      =     32971.7764
 1-4 NB =     12376.3360  1-4 EEL =    135193.6209  VDWAALS    =    151936.4977
 EELEC  =  -1650931.0835  EHBOND  =         0.0000  RESTRAINT  =         0.0000
 EKCMT  =    111956.5659  VIRIAL  =    115472.8306  VOLUME     =   4333421.0847
                                                    Density    =         1.0091
 ------------------------------------------------------------------------------


 NSTEP =  9250000   TIME(PS) =   69075.000  TEMP(K) =   300.89  PRESS =    37.4
 Etot   =  -1015943.2543  EKtot   =    263999.5312  EPtot      =  -1279942.7856
 BOND   =     10445.2554  ANGLE   =     27767.5848  DIHED      =     32824.8076
 1-4 NB =     12392.6222  1-4 EEL =    135228.4349  VDWAALS    =    152763.8208
 EELEC  =  -1651365.3113  EHBOND  =         0.0000  RESTRAINT  =         0.0000
 EKCMT  =    112587.8065  VIRIAL  =    109084.8171  VOLUME     =   4336008.1069
                                                    Density    =         1.0085
 ------------------------------------------------------------------------------


 NSTEP =  9300000   TIME(PS) =   69175.000  TEMP(K) =   299.93  PRESS =     6.6
 Etot   =  -1017756.9711  EKtot   =    263157.2500  EPtot      =  -1280914.2211
 BOND   =     10397.4491  ANGLE   =     27954.3084  DIHED      =     32831.2115
 1-4 NB =     12383.4887  1-4 EEL =    135096.8629  VDWAALS    =    153125.3296
 EELEC  =  -1652702.8713  EHBOND  =         0.0000  RESTRAINT  =         0.0000
 EKCMT  =    112391.8111  VIRIAL  =    111770.2368  VOLUME     =   4334514.0492
                                                    Density    =         1.0088
 ------------------------------------------------------------------------------


 NSTEP =  9350000   TIME(PS) =   69275.000  TEMP(K) =   300.12  PRESS =    32.8
 Etot   =  -1017331.8737  EKtot   =    263322.3438  EPtot      =  -1280654.2175
 BOND   =     10467.0683  ANGLE   =     27964.4644  DIHED      =     32917.3558
 1-4 NB =     12421.4603  1-4 EEL =    135238.6958  VDWAALS    =    152573.2647
 EELEC  =  -1652236.5268  EHBOND  =         0.0000  RESTRAINT  =         0.0000
 EKCMT  =    112243.9010  VIRIAL  =    109173.1915  VOLUME     =   4334194.0499
                                                    Density    =         1.0089
 ------------------------------------------------------------------------------


 NSTEP =  9400000   TIME(PS) =   69375.000  TEMP(K) =   299.96  PRESS =     0.8
 Etot   =  -1017115.8136  EKtot   =    263187.9062  EPtot      =  -1280303.7199
 BOND   =     10506.7551  ANGLE   =     27843.5316  DIHED      =     32850.6003
 1-4 NB =     12359.3096  1-4 EEL =    135085.4392  VDWAALS    =    152344.9796
 EELEC  =  -1651294.3353  EHBOND  =         0.0000  RESTRAINT  =         0.0000
 EKCMT  =    111879.2344  VIRIAL  =    111801.2051  VOLUME     =   4335192.3067
                                                    Density    =         1.0087
 ------------------------------------------------------------------------------


 NSTEP =  9450000   TIME(PS) =   69475.000  TEMP(K) =   300.14  PRESS =    -8.7
 Etot   =  -1017216.6281  EKtot   =    263339.2500  EPtot      =  -1280555.8781
 BOND   =     10475.2921  ANGLE   =     27858.8611  DIHED      =     32888.7228
 1-4 NB =     12328.3433  1-4 EEL =    135371.4866  VDWAALS    =    151846.3806
 EELEC  =  -1651324.9646  EHBOND  =         0.0000  RESTRAINT  =         0.0000
 EKCMT  =    112168.5941  VIRIAL  =    112984.9856  VOLUME     =   4333466.8444
                                                    Density    =         1.0091
 ------------------------------------------------------------------------------


 NSTEP =  9500000   TIME(PS) =   69575.000  TEMP(K) =   300.85  PRESS =   -20.8
 Etot   =  -1016579.0680  EKtot   =    263961.6562  EPtot      =  -1280540.7243
 BOND   =     10528.2080  ANGLE   =     27906.9086  DIHED      =     32995.1137
 1-4 NB =     12285.7510  1-4 EEL =    134871.6026  VDWAALS    =    152620.0309
 EELEC  =  -1651748.3391  EHBOND  =         0.0000  RESTRAINT  =         0.0000
 EKCMT  =    112471.5864  VIRIAL  =    114415.8275  VOLUME     =   4332444.3114
                                                    Density    =         1.0093
 ------------------------------------------------------------------------------


 NSTEP =  9550000   TIME(PS) =   69675.000  TEMP(K) =   300.00  PRESS =    -8.8
 Etot   =  -1017163.4962  EKtot   =    263224.1875  EPtot      =  -1280387.6837
 BOND   =     10336.8718  ANGLE   =     27858.0838  DIHED      =     32838.7872
 1-4 NB =     12371.5007  1-4 EEL =    135264.3468  VDWAALS    =    152586.6760
 EELEC  =  -1651643.9501  EHBOND  =         0.0000  RESTRAINT  =         0.0000
 EKCMT  =    111933.8657  VIRIAL  =    112761.5817  VOLUME     =   4334355.7099
                                                    Density    =         1.0089
 ------------------------------------------------------------------------------


 NSTEP =  9600000   TIME(PS) =   69775.000  TEMP(K) =   300.27  PRESS =    -4.4
 Etot   =  -1016371.7713  EKtot   =    263459.8125  EPtot      =  -1279831.5838
 BOND   =     10431.9110  ANGLE   =     27935.0896  DIHED      =     32935.4640
 1-4 NB =     12308.6635  1-4 EEL =    135126.6899  VDWAALS    =    152890.4259
 EELEC  =  -1651459.8275  EHBOND  =         0.0000  RESTRAINT  =         0.0000
 EKCMT  =    111861.3051  VIRIAL  =    112272.7776  VOLUME     =   4333333.0705
                                                    Density    =         1.0091
 ------------------------------------------------------------------------------


 NSTEP =  9650000   TIME(PS) =   69875.000  TEMP(K) =   299.57  PRESS =    31.4
 Etot   =  -1017250.6154  EKtot   =    262839.8125  EPtot      =  -1280090.4279
 BOND   =     10439.3057  ANGLE   =     27855.9180  DIHED      =     32915.8089
 1-4 NB =     12349.1961  1-4 EEL =    135252.8920  VDWAALS    =    153161.7666
 EELEC  =  -1652065.3152  EHBOND  =         0.0000  RESTRAINT  =         0.0000
 EKCMT  =    111612.5756  VIRIAL  =    108677.3097  VOLUME     =   4334723.1399
                                                    Density    =         1.0088
 ------------------------------------------------------------------------------


 NSTEP =  9700000   TIME(PS) =   69975.000  TEMP(K) =   299.78  PRESS =    64.7
 Etot   =  -1017858.3033  EKtot   =    263028.0312  EPtot      =  -1280886.3345
 BOND   =     10548.5979  ANGLE   =     27795.0667  DIHED      =     32933.0809
 1-4 NB =     12342.6110  1-4 EEL =    135090.0783  VDWAALS    =    153589.2461
 EELEC  =  -1653185.0155  EHBOND  =         0.0000  RESTRAINT  =         0.0000
 EKCMT  =    111852.4410  VIRIAL  =    105797.3835  VOLUME     =   4335704.6120
                                                    Density    =         1.0085
 ------------------------------------------------------------------------------


 NSTEP =  9750000   TIME(PS) =   70075.000  TEMP(K) =   299.98  PRESS =    65.6
 Etot   =  -1017114.5007  EKtot   =    263205.0625  EPtot      =  -1280319.5632
 BOND   =     10467.3702  ANGLE   =     27853.4411  DIHED      =     32900.7400
 1-4 NB =     12331.5683  1-4 EEL =    135082.2425  VDWAALS    =    152893.3369
 EELEC  =  -1651848.2622  EHBOND  =         0.0000  RESTRAINT  =         0.0000
 EKCMT  =    112473.5783  VIRIAL  =    106335.0095  VOLUME     =   4333670.5446
                                                    Density    =         1.0090
 ------------------------------------------------------------------------------


 NSTEP =  9800000   TIME(PS) =   70175.000  TEMP(K) =   299.15  PRESS =   -35.6
 Etot   =  -1017050.9547  EKtot   =    262477.8438  EPtot      =  -1279528.7985
 BOND   =     10493.6299  ANGLE   =     28099.9194  DIHED      =     32989.9922
 1-4 NB =     12323.1524  1-4 EEL =    135110.0149  VDWAALS    =    152171.9273
 EELEC  =  -1650717.4345  EHBOND  =         0.0000  RESTRAINT  =         0.0000
 EKCMT  =    111836.5022  VIRIAL  =    115169.4905  VOLUME     =   4333849.8726
                                                    Density    =         1.0090
 ------------------------------------------------------------------------------


 NSTEP =  9850000   TIME(PS) =   70275.000  TEMP(K) =   299.00  PRESS =   -36.4
 Etot   =  -1017572.0480  EKtot   =    262339.6875  EPtot      =  -1279911.7355
 BOND   =     10361.0843  ANGLE   =     27849.4142  DIHED      =     32907.6469
 1-4 NB =     12471.3520  1-4 EEL =    135256.8228  VDWAALS    =    152597.1559
 EELEC  =  -1651355.2116  EHBOND  =         0.0000  RESTRAINT  =         0.0000
 EKCMT  =    112145.1054  VIRIAL  =    115552.9467  VOLUME     =   4335556.1527
                                                    Density    =         1.0086
 ------------------------------------------------------------------------------


 NSTEP =  9900000   TIME(PS) =   70375.000  TEMP(K) =   298.86  PRESS =    22.3
 Etot   =  -1017286.4046  EKtot   =    262222.1875  EPtot      =  -1279508.5921
 BOND   =     10435.9293  ANGLE   =     27926.2241  DIHED      =     32832.6506
 1-4 NB =     12376.9976  1-4 EEL =    135162.8327  VDWAALS    =    153050.7672
 EELEC  =  -1651293.9936  EHBOND  =         0.0000  RESTRAINT  =         0.0000
 EKCMT  =    111767.8939  VIRIAL  =    109678.2174  VOLUME     =   4334691.7195
                                                    Density    =         1.0088
 ------------------------------------------------------------------------------


 NSTEP =  9950000   TIME(PS) =   70475.000  TEMP(K) =   300.69  PRESS =    42.7
 Etot   =  -1016402.2487  EKtot   =    263824.5938  EPtot      =  -1280226.8425
 BOND   =     10430.3627  ANGLE   =     27830.5554  DIHED      =     32985.8697
 1-4 NB =     12288.4656  1-4 EEL =    134946.2543  VDWAALS    =    151906.8745
 EELEC  =  -1650615.2245  EHBOND  =         0.0000  RESTRAINT  =         0.0000
 EKCMT  =    112261.2376  VIRIAL  =    108266.2078  VOLUME     =   4333134.3249
                                                    Density    =         1.0091
 ------------------------------------------------------------------------------


 NSTEP = 10000000   TIME(PS) =   70575.000  TEMP(K) =   300.49  PRESS =    43.6
 Etot   =  -1015801.7123  EKtot   =    263653.0625  EPtot      =  -1279454.7748
 BOND   =     10382.5374  ANGLE   =     27929.5131  DIHED      =     33044.1184
 1-4 NB =     12381.7520  1-4 EEL =    135208.1976  VDWAALS    =    150840.6735
 EELEC  =  -1649241.5669  EHBOND  =         0.0000  RESTRAINT  =         0.0000
 EKCMT  =    112610.9913  VIRIAL  =    108528.6502  VOLUME     =   4335377.6013
                                                    Density    =         1.0086
 ------------------------------------------------------------------------------


 NSTEP = 10050000   TIME(PS) =   70675.000  TEMP(K) =   300.13  PRESS =    21.2
 Etot   =  -1017606.0985  EKtot   =    263334.2188  EPtot      =  -1280940.3172
 BOND   =     10348.6034  ANGLE   =     27976.9882  DIHED      =     32900.7722
 1-4 NB =     12379.4559  1-4 EEL =    135189.6468  VDWAALS    =    153112.1610
 EELEC  =  -1652847.9447  EHBOND  =         0.0000  RESTRAINT  =         0.0000
 EKCMT  =    112124.4592  VIRIAL  =    110140.7301  VOLUME     =   4334704.4044
                                                    Density    =         1.0088
 ------------------------------------------------------------------------------


 NSTEP = 10100000   TIME(PS) =   70775.000  TEMP(K) =   300.70  PRESS =   -15.9
 Etot   =  -1016465.2748  EKtot   =    263834.2500  EPtot      =  -1280299.5248
 BOND   =     10507.2099  ANGLE   =     27902.3059  DIHED      =     32688.3773
 1-4 NB =     12360.8081  1-4 EEL =    135020.3854  VDWAALS    =    152913.4265
 EELEC  =  -1651692.0380  EHBOND  =         0.0000  RESTRAINT  =         0.0000
 EKCMT  =    112614.8196  VIRIAL  =    114105.4941  VOLUME     =   4333929.0775
                                                    Density    =         1.0090
 ------------------------------------------------------------------------------


 NSTEP = 10150000   TIME(PS) =   70875.000  TEMP(K) =   300.63  PRESS =    37.9
 Etot   =  -1015768.4333  EKtot   =    263772.6562  EPtot      =  -1279541.0896
 BOND   =     10536.5970  ANGLE   =     28076.9766  DIHED      =     32861.0925
 1-4 NB =     12309.7742  1-4 EEL =    134762.7244  VDWAALS    =    152582.9242
 EELEC  =  -1650671.1784  EHBOND  =         0.0000  RESTRAINT  =         0.0000
 EKCMT  =    112030.6492  VIRIAL  =    108487.6406  VOLUME     =   4333913.5298
                                                    Density    =         1.0090
 ------------------------------------------------------------------------------


 NSTEP = 10200000   TIME(PS) =   70975.000  TEMP(K) =   300.25  PRESS =    63.5
 Etot   =  -1016837.4221  EKtot   =    263436.6562  EPtot      =  -1280274.0783
 BOND   =     10394.0134  ANGLE   =     27942.5816  DIHED      =     32959.4172
 1-4 NB =     12343.5750  1-4 EEL =    135154.7550  VDWAALS    =    152651.0930
 EELEC  =  -1651719.5135  EHBOND  =         0.0000  RESTRAINT  =         0.0000
 EKCMT  =    112173.6443  VIRIAL  =    106233.8548  VOLUME     =   4333911.9582
                                                    Density    =         1.0090
 ------------------------------------------------------------------------------


 NSTEP = 10250000   TIME(PS) =   71075.000  TEMP(K) =   299.86  PRESS =    14.3
 Etot   =  -1016835.2138  EKtot   =    263101.5938  EPtot      =  -1279936.8075
 BOND   =     10304.4219  ANGLE   =     27866.7073  DIHED      =     32837.9308
 1-4 NB =     12374.4499  1-4 EEL =    135148.0405  VDWAALS    =    152427.6933
 EELEC  =  -1650896.0512  EHBOND  =         0.0000  RESTRAINT  =         0.0000
 EKCMT  =    112032.0330  VIRIAL  =    110692.2655  VOLUME     =   4330568.6165
                                                    Density    =         1.0097
 ------------------------------------------------------------------------------


 NSTEP = 10300000   TIME(PS) =   71175.000  TEMP(K) =   299.91  PRESS =   -15.5
 Etot   =  -1017260.5486  EKtot   =    263140.1562  EPtot      =  -1280400.7048
 BOND   =     10462.8573  ANGLE   =     27912.9105  DIHED      =     32833.2505
 1-4 NB =     12389.9340  1-4 EEL =    135237.7082  VDWAALS    =    152706.2569
 EELEC  =  -1651943.6222  EHBOND  =         0.0000  RESTRAINT  =         0.0000
 EKCMT  =    112249.0169  VIRIAL  =    113699.5828  VOLUME     =   4334234.7441
                                                    Density    =         1.0089
 ------------------------------------------------------------------------------


 NSTEP = 10350000   TIME(PS) =   71275.000  TEMP(K) =   300.36  PRESS =    -9.0
 Etot   =  -1017657.0576  EKtot   =    263533.7500  EPtot      =  -1281190.8076
 BOND   =     10600.4974  ANGLE   =     27828.7828  DIHED      =     32861.9158
 1-4 NB =     12372.2199  1-4 EEL =    135184.1036  VDWAALS    =    152503.4079
 EELEC  =  -1652541.7350  EHBOND  =         0.0000  RESTRAINT  =         0.0000
 EKCMT  =    112251.7147  VIRIAL  =    113093.0824  VOLUME     =   4337065.4138
                                                    Density    =         1.0082
 ------------------------------------------------------------------------------


 NSTEP = 10400000   TIME(PS) =   71375.000  TEMP(K) =   299.62  PRESS =    -4.1
 Etot   =  -1017411.2932  EKtot   =    262887.3750  EPtot      =  -1280298.6682
 BOND   =     10451.2581  ANGLE   =     28081.7551  DIHED      =     33000.6174
 1-4 NB =     12264.2471  1-4 EEL =    135096.5577  VDWAALS    =    151892.8027
 EELEC  =  -1651085.9063  EHBOND  =         0.0000  RESTRAINT  =         0.0000
 EKCMT  =    111953.9106  VIRIAL  =    112339.0894  VOLUME     =   4332982.2433
                                                    Density    =         1.0092
 ------------------------------------------------------------------------------


 NSTEP = 10450000   TIME(PS) =   71475.000  TEMP(K) =   300.17  PRESS =   -35.6
 Etot   =  -1017589.3479  EKtot   =    263365.6875  EPtot      =  -1280955.0354
 BOND   =     10312.8753  ANGLE   =     27799.6138  DIHED      =     32878.9444
 1-4 NB =     12407.4077  1-4 EEL =    135193.7729  VDWAALS    =    152634.9016
 EELEC  =  -1652182.5512  EHBOND  =         0.0000  RESTRAINT  =         0.0000
 EKCMT  =    112103.3089  VIRIAL  =    115430.1347  VOLUME     =   4333579.4190
                                                    Density    =         1.0090
 ------------------------------------------------------------------------------


 NSTEP = 10500000   TIME(PS) =   71575.000  TEMP(K) =   301.45  PRESS =   -29.9
 Etot   =  -1016062.3861  EKtot   =    264491.2812  EPtot      =  -1280553.6673
 BOND   =     10639.9222  ANGLE   =     28102.6124  DIHED      =     32880.4045
 1-4 NB =     12279.7675  1-4 EEL =    135039.8887  VDWAALS    =    152743.3841
 EELEC  =  -1652239.6467  EHBOND  =         0.0000  RESTRAINT  =         0.0000
 EKCMT  =    112773.6874  VIRIAL  =    115576.5980  VOLUME     =   4337244.1284
                                                    Density    =         1.0082
 ------------------------------------------------------------------------------


 NSTEP = 10550000   TIME(PS) =   71675.000  TEMP(K) =   299.51  PRESS =     2.2
 Etot   =  -1017674.1991  EKtot   =    262791.9062  EPtot      =  -1280466.1053
 BOND   =     10516.3049  ANGLE   =     28191.0022  DIHED      =     32863.8743
 1-4 NB =     12291.6806  1-4 EEL =    135114.2839  VDWAALS    =    153038.3016
 EELEC  =  -1652481.5530  EHBOND  =         0.0000  RESTRAINT  =         0.0000
 EKCMT  =    111845.2132  VIRIAL  =    111634.9912  VOLUME     =   4333457.9987
                                                    Density    =         1.0091
 ------------------------------------------------------------------------------


 NSTEP = 10600000   TIME(PS) =   71775.000  TEMP(K) =   299.95  PRESS =   -32.0
 Etot   =  -1017292.6316  EKtot   =    263176.4062  EPtot      =  -1280469.0378
 BOND   =     10406.1674  ANGLE   =     27792.5904  DIHED      =     32697.2424
 1-4 NB =     12461.0697  1-4 EEL =    135295.8678  VDWAALS    =    152884.9223
 EELEC  =  -1652006.8979  EHBOND  =         0.0000  RESTRAINT  =         0.0000
 EKCMT  =    111825.0614  VIRIAL  =    114814.7188  VOLUME     =   4331744.2346
                                                    Density    =         1.0095
 ------------------------------------------------------------------------------


 NSTEP = 10650000   TIME(PS) =   71875.000  TEMP(K) =   300.20  PRESS =    -3.1
 Etot   =  -1015968.8449  EKtot   =    263392.8438  EPtot      =  -1279361.6887
 BOND   =     10393.3324  ANGLE   =     28154.2969  DIHED      =     32881.7333
 1-4 NB =     12319.4915  1-4 EEL =    134835.5496  VDWAALS    =    151823.6254
 EELEC  =  -1649769.7178  EHBOND  =         0.0000  RESTRAINT  =         0.0000
 EKCMT  =    112163.7793  VIRIAL  =    112450.4517  VOLUME     =   4334887.6060
                                                    Density    =         1.0087
 ------------------------------------------------------------------------------


 NSTEP = 10700000   TIME(PS) =   71975.000  TEMP(K) =   300.02  PRESS =   -59.0
 Etot   =  -1017760.3679  EKtot   =    263234.0625  EPtot      =  -1280994.4304
 BOND   =     10426.9618  ANGLE   =     27833.5273  DIHED      =     32701.5785
 1-4 NB =     12308.4069  1-4 EEL =    135277.3502  VDWAALS    =    152001.0723
 EELEC  =  -1651543.3275  EHBOND  =         0.0000  RESTRAINT  =         0.0000
 EKCMT  =    111586.4416  VIRIAL  =    117105.9377  VOLUME     =   4333945.8299
                                                    Density    =         1.0090
 ------------------------------------------------------------------------------


 NSTEP = 10750000   TIME(PS) =   72075.000  TEMP(K) =   300.17  PRESS =   -51.2
 Etot   =  -1016878.1466  EKtot   =    263366.8125  EPtot      =  -1280244.9591
 BOND   =     10507.2690  ANGLE   =     27720.2849  DIHED      =     32819.5892
 1-4 NB =     12342.3966  1-4 EEL =    135360.2206  VDWAALS    =    152647.6683
 EELEC  =  -1651642.3876  EHBOND  =         0.0000  RESTRAINT  =         0.0000
 EKCMT  =    112299.3591  VIRIAL  =    117091.6826  VOLUME     =   4335323.8999
                                                    Density    =         1.0086
 ------------------------------------------------------------------------------


 NSTEP = 10800000   TIME(PS) =   72175.000  TEMP(K) =   300.22  PRESS =     8.7
 Etot   =  -1015673.9349  EKtot   =    263413.5625  EPtot      =  -1279087.4974
 BOND   =     10461.5434  ANGLE   =     27930.1734  DIHED      =     32800.8498
 1-4 NB =     12352.3926  1-4 EEL =    135073.5297  VDWAALS    =    151725.0318
 EELEC  =  -1649431.0182  EHBOND  =         0.0000  RESTRAINT  =         0.0000
 EKCMT  =    112111.8177  VIRIAL  =    111292.4029  VOLUME     =   4337934.9624
                                                    Density    =         1.0080
 ------------------------------------------------------------------------------


 NSTEP = 10850000   TIME(PS) =   72275.000  TEMP(K) =   299.82  PRESS =     5.5
 Etot   =  -1016710.8043  EKtot   =    263059.8125  EPtot      =  -1279770.6168
 BOND   =     10528.6174  ANGLE   =     27657.4781  DIHED      =     32836.0076
 1-4 NB =     12310.7862  1-4 EEL =    135086.3221  VDWAALS    =    152279.1280
 EELEC  =  -1650468.9563  EHBOND  =         0.0000  RESTRAINT  =         0.0000
 EKCMT  =    112291.7359  VIRIAL  =    111780.2118  VOLUME     =   4333819.1047
                                                    Density    =         1.0090
 ------------------------------------------------------------------------------


 NSTEP = 10900000   TIME(PS) =   72375.000  TEMP(K) =   299.79  PRESS =    17.6
 Etot   =  -1017075.2695  EKtot   =    263038.7188  EPtot      =  -1280113.9882
 BOND   =     10639.1447  ANGLE   =     28071.1665  DIHED      =     32884.0878
 1-4 NB =     12347.3673  1-4 EEL =    135112.9221  VDWAALS    =    151993.8492
 EELEC  =  -1651162.5258  EHBOND  =         0.0000  RESTRAINT  =         0.0000
 EKCMT  =    111825.5397  VIRIAL  =    110176.9271  VOLUME     =   4332634.1190
                                                    Density    =         1.0093
 ------------------------------------------------------------------------------


 NSTEP = 10950000   TIME(PS) =   72475.000  TEMP(K) =   299.98  PRESS =    12.0
 Etot   =  -1016683.3910  EKtot   =    263202.7812  EPtot      =  -1279886.1722
 BOND   =     10449.4992  ANGLE   =     27887.3706  DIHED      =     32835.8188
 1-4 NB =     12376.8469  1-4 EEL =    135163.6262  VDWAALS    =    152294.9383
 EELEC  =  -1650894.2722  EHBOND  =         0.0000  RESTRAINT  =         0.0000
 EKCMT  =    112231.0512  VIRIAL  =    111110.1348  VOLUME     =   4335855.8600
                                                    Density    =         1.0085
 ------------------------------------------------------------------------------


 NSTEP = 11000000   TIME(PS) =   72575.000  TEMP(K) =   299.16  PRESS =    36.5
 Etot   =  -1017798.6717  EKtot   =    262487.3125  EPtot      =  -1280285.9842
 BOND   =     10603.5973  ANGLE   =     28045.3913  DIHED      =     32877.3038
 1-4 NB =     12335.7779  1-4 EEL =    135167.7733  VDWAALS    =    153097.7495
 EELEC  =  -1652413.5774  EHBOND  =         0.0000  RESTRAINT  =         0.0000
 EKCMT  =    112033.5245  VIRIAL  =    108614.5639  VOLUME     =   4336137.3481
                                                    Density    =         1.0084
 ------------------------------------------------------------------------------


 NSTEP = 11050000   TIME(PS) =   72675.000  TEMP(K) =   299.98  PRESS =     2.0
 Etot   =  -1016823.0630  EKtot   =    263203.0625  EPtot      =  -1280026.1255
 BOND   =     10511.0854  ANGLE   =     27906.7914  DIHED      =     32896.3787
 1-4 NB =     12399.9606  1-4 EEL =    135028.6428  VDWAALS    =    152144.4724
 EELEC  =  -1650913.4569  EHBOND  =         0.0000  RESTRAINT  =         0.0000
 EKCMT  =    112368.2341  VIRIAL  =    112180.9542  VOLUME     =   4330779.9484
                                                    Density    =         1.0097
 ------------------------------------------------------------------------------


 NSTEP = 11100000   TIME(PS) =   72775.000  TEMP(K) =   300.22  PRESS =   -17.8
 Etot   =  -1016907.2992  EKtot   =    263417.1250  EPtot      =  -1280324.4242
 BOND   =     10363.0750  ANGLE   =     27903.1128  DIHED      =     32783.8691
 1-4 NB =     12428.6201  1-4 EEL =    135200.7813  VDWAALS    =    152326.9494
 EELEC  =  -1651330.8320  EHBOND  =         0.0000  RESTRAINT  =         0.0000
 EKCMT  =    112285.5829  VIRIAL  =    113947.0359  VOLUME     =   4334216.3609
                                                    Density    =         1.0089
 ------------------------------------------------------------------------------


 NSTEP = 11150000   TIME(PS) =   72875.000  TEMP(K) =   300.49  PRESS =    37.8
 Etot   =  -1016736.2272  EKtot   =    263646.3750  EPtot      =  -1280382.6022
 BOND   =     10480.6574  ANGLE   =     28027.7648  DIHED      =     32621.8747
 1-4 NB =     12285.6492  1-4 EEL =    135114.5647  VDWAALS    =    152455.8024
 EELEC  =  -1651368.9153  EHBOND  =         0.0000  RESTRAINT  =         0.0000
 EKCMT  =    112336.6558  VIRIAL  =    108794.6082  VOLUME     =   4334357.8509
                                                    Density    =         1.0089
 ------------------------------------------------------------------------------


 NSTEP = 11200000   TIME(PS) =   72975.000  TEMP(K) =   300.47  PRESS =    21.3
 Etot   =  -1015758.8846  EKtot   =    263632.6250  EPtot      =  -1279391.5096
 BOND   =     10472.0331  ANGLE   =     28062.1296  DIHED      =     32899.8486
 1-4 NB =     12335.6939  1-4 EEL =    135238.3283  VDWAALS    =    152827.1953
 EELEC  =  -1651226.7383  EHBOND  =         0.0000  RESTRAINT  =         0.0000
 EKCMT  =    112087.7368  VIRIAL  =    110089.8495  VOLUME     =   4335685.1349
                                                    Density    =         1.0086
 ------------------------------------------------------------------------------


 NSTEP = 11250000   TIME(PS) =   73075.000  TEMP(K) =   300.92  PRESS =    11.1
 Etot   =  -1016741.2241  EKtot   =    264027.3125  EPtot      =  -1280768.5366
 BOND   =     10453.2180  ANGLE   =     27913.7491  DIHED      =     32787.6263
 1-4 NB =     12289.6004  1-4 EEL =    135505.1944  VDWAALS    =    153053.6228
 EELEC  =  -1652771.5476  EHBOND  =         0.0000  RESTRAINT  =         0.0000
 EKCMT  =    112477.5998  VIRIAL  =    111436.6161  VOLUME     =   4332257.7626
                                                    Density    =         1.0094
 ------------------------------------------------------------------------------


 NSTEP = 11300000   TIME(PS) =   73175.000  TEMP(K) =   300.43  PRESS =    12.7
 Etot   =  -1017459.0776  EKtot   =    263598.9375  EPtot      =  -1281058.0151
 BOND   =     10594.2466  ANGLE   =     27969.5932  DIHED      =     32944.7575
 1-4 NB =     12298.0940  1-4 EEL =    135006.4648  VDWAALS    =    152836.6614
 EELEC  =  -1652707.8326  EHBOND  =         0.0000  RESTRAINT  =         0.0000
 EKCMT  =    112340.7552  VIRIAL  =    111151.5936  VOLUME     =   4332967.7046
                                                    Density    =         1.0092
 ------------------------------------------------------------------------------


 NSTEP = 11350000   TIME(PS) =   73275.000  TEMP(K) =   300.79  PRESS =   -20.5
 Etot   =  -1015908.6414  EKtot   =    263912.2188  EPtot      =  -1279820.8602
 BOND   =     10450.6916  ANGLE   =     27771.7024  DIHED      =     32962.4235
 1-4 NB =     12365.7783  1-4 EEL =    135259.1950  VDWAALS    =    152094.5016
 EELEC  =  -1650725.1525  EHBOND  =         0.0000  RESTRAINT  =         0.0000
 EKCMT  =    112644.2648  VIRIAL  =    114567.4863  VOLUME     =   4336714.6156
                                                    Density    =         1.0083
 ------------------------------------------------------------------------------


 NSTEP = 11400000   TIME(PS) =   73375.000  TEMP(K) =   300.08  PRESS =    13.1
 Etot   =  -1016754.0039  EKtot   =    263289.6250  EPtot      =  -1280043.6289
 BOND   =     10561.4274  ANGLE   =     28004.1823  DIHED      =     32811.4279
 1-4 NB =     12288.6817  1-4 EEL =    134879.1159  VDWAALS    =    153340.6282
 EELEC  =  -1651929.0923  EHBOND  =         0.0000  RESTRAINT  =         0.0000
 EKCMT  =    111930.7165  VIRIAL  =    110706.3036  VOLUME     =   4333837.3301
                                                    Density    =         1.0090
 ------------------------------------------------------------------------------


 NSTEP = 11450000   TIME(PS) =   73475.000  TEMP(K) =   300.39  PRESS =    13.4
 Etot   =  -1016331.6908  EKtot   =    263562.6875  EPtot      =  -1279894.3783
 BOND   =     10598.5670  ANGLE   =     28035.9532  DIHED      =     32901.5365
 1-4 NB =     12300.2720  1-4 EEL =    135097.7250  VDWAALS    =    152340.4646
 EELEC  =  -1651168.8966  EHBOND  =         0.0000  RESTRAINT  =         0.0000
 EKCMT  =    112324.2938  VIRIAL  =    111067.2693  VOLUME     =   4335865.8186
                                                    Density    =         1.0085
 ------------------------------------------------------------------------------


 NSTEP = 11500000   TIME(PS) =   73575.000  TEMP(K) =   300.22  PRESS =   -16.6
 Etot   =  -1017045.2021  EKtot   =    263409.6875  EPtot      =  -1280454.8896
 BOND   =     10334.4377  ANGLE   =     27755.6578  DIHED      =     32678.1396
 1-4 NB =     12294.7222  1-4 EEL =    134999.4593  VDWAALS    =    152251.6326
 EELEC  =  -1650768.9390  EHBOND  =         0.0000  RESTRAINT  =         0.0000
 EKCMT  =    112362.6869  VIRIAL  =    113915.9238  VOLUME     =   4333123.0368
                                                    Density    =         1.0092
 ------------------------------------------------------------------------------


 NSTEP = 11550000   TIME(PS) =   73675.000  TEMP(K) =   300.69  PRESS =   -26.1
 Etot   =  -1016340.4892  EKtot   =    263822.9688  EPtot      =  -1280163.4580
 BOND   =     10445.1649  ANGLE   =     27930.0893  DIHED      =     32835.7587
 1-4 NB =     12338.9092  1-4 EEL =    134868.6826  VDWAALS    =    151952.3397
 EELEC  =  -1650534.4025  EHBOND  =         0.0000  RESTRAINT  =         0.0000
 EKCMT  =    112342.3880  VIRIAL  =    114781.0805  VOLUME     =   4332817.7193
                                                    Density    =         1.0092
 ------------------------------------------------------------------------------


 NSTEP = 11600000   TIME(PS) =   73775.000  TEMP(K) =   300.21  PRESS =    24.3
 Etot   =  -1017257.1934  EKtot   =    263406.2188  EPtot      =  -1280663.4122
 BOND   =     10406.5738  ANGLE   =     27952.8392  DIHED      =     32933.4515
 1-4 NB =     12432.4298  1-4 EEL =    135119.1497  VDWAALS    =    152939.1389
 EELEC  =  -1652446.9950  EHBOND  =         0.0000  RESTRAINT  =         0.0000
 EKCMT  =    112447.5434  VIRIAL  =    110172.0470  VOLUME     =   4336222.5026
                                                    Density    =         1.0084
 ------------------------------------------------------------------------------


 NSTEP = 11650000   TIME(PS) =   73875.000  TEMP(K) =   300.34  PRESS =   -49.0
 Etot   =  -1016816.6945  EKtot   =    263516.8438  EPtot      =  -1280333.5382
 BOND   =     10566.7643  ANGLE   =     27844.1023  DIHED      =     32849.4749
 1-4 NB =     12339.4720  1-4 EEL =    135007.7288  VDWAALS    =    151896.4046
 EELEC  =  -1650837.4853  EHBOND  =         0.0000  RESTRAINT  =         0.0000
 EKCMT  =    112278.3792  VIRIAL  =    116862.9013  VOLUME     =   4334623.5588
                                                    Density    =         1.0088
 ------------------------------------------------------------------------------


 NSTEP = 11700000   TIME(PS) =   73975.000  TEMP(K) =   299.57  PRESS =     8.0
 Etot   =  -1017855.6196  EKtot   =    262844.5000  EPtot      =  -1280700.1196
 BOND   =     10404.8852  ANGLE   =     27859.3999  DIHED      =     32810.1450
 1-4 NB =     12397.9038  1-4 EEL =    135102.9339  VDWAALS    =    151929.6040
 EELEC  =  -1651204.9914  EHBOND  =         0.0000  RESTRAINT  =         0.0000
 EKCMT  =    112206.4150  VIRIAL  =    111457.5202  VOLUME     =   4333048.4648
                                                    Density    =         1.0092
 ------------------------------------------------------------------------------


 NSTEP = 11750000   TIME(PS) =   74075.000  TEMP(K) =   300.51  PRESS =    18.5
 Etot   =  -1017095.1582  EKtot   =    263665.5000  EPtot      =  -1280760.6582
 BOND   =     10257.2128  ANGLE   =     27830.5021  DIHED      =     32883.0259
 1-4 NB =     12368.6834  1-4 EEL =    135190.2958  VDWAALS    =    152951.6657
 EELEC  =  -1652242.0439  EHBOND  =         0.0000  RESTRAINT  =         0.0000
 EKCMT  =    112417.4810  VIRIAL  =    110681.9747  VOLUME     =   4333947.8064
                                                    Density    =         1.0090
 ------------------------------------------------------------------------------


 NSTEP = 11800000   TIME(PS) =   74175.000  TEMP(K) =   299.70  PRESS =    29.6
 Etot   =  -1018083.7122  EKtot   =    262955.6562  EPtot      =  -1281039.3685
 BOND   =     10445.8077  ANGLE   =     27596.4221  DIHED      =     32758.5289
 1-4 NB =     12319.3241  1-4 EEL =    135212.6467  VDWAALS    =    152146.9707
 EELEC  =  -1651519.0686  EHBOND  =         0.0000  RESTRAINT  =         0.0000
 EKCMT  =    112072.8620  VIRIAL  =    109300.8925  VOLUME     =   4332672.3611
                                                    Density    =         1.0093
 ------------------------------------------------------------------------------


 NSTEP = 11850000   TIME(PS) =   74275.000  TEMP(K) =   300.84  PRESS =   -52.3
 Etot   =  -1015461.8703  EKtot   =    263961.4375  EPtot      =  -1279423.3078
 BOND   =     10532.6114  ANGLE   =     27860.4458  DIHED      =     32827.3151
 1-4 NB =     12362.6014  1-4 EEL =    135000.3834  VDWAALS    =    151916.7915
 EELEC  =  -1649923.4564  EHBOND  =         0.0000  RESTRAINT  =         0.0000
 EKCMT  =    112121.4451  VIRIAL  =    117015.0895  VOLUME     =   4337292.5267
                                                    Density    =         1.0082
 ------------------------------------------------------------------------------


 NSTEP = 11900000   TIME(PS) =   74375.000  TEMP(K) =   299.79  PRESS =   -36.7
 Etot   =  -1017123.6999  EKtot   =    263033.4688  EPtot      =  -1280157.1687
 BOND   =     10350.2400  ANGLE   =     27956.0687  DIHED      =     32744.3261
 1-4 NB =     12382.5429  1-4 EEL =    135121.8262  VDWAALS    =    152344.6839
 EELEC  =  -1651056.8565  EHBOND  =         0.0000  RESTRAINT  =         0.0000
 EKCMT  =    112017.4146  VIRIAL  =    115448.3248  VOLUME     =   4331955.3649
                                                    Density    =         1.0094
 ------------------------------------------------------------------------------


 NSTEP = 11950000   TIME(PS) =   74475.000  TEMP(K) =   300.57  PRESS =   -21.2
 Etot   =  -1016666.9907  EKtot   =    263720.4375  EPtot      =  -1280387.4282
 BOND   =     10477.7945  ANGLE   =     28029.2904  DIHED      =     33038.5305
 1-4 NB =     12321.5695  1-4 EEL =    135166.9000  VDWAALS    =    152352.2070
 EELEC  =  -1651773.7201  EHBOND  =         0.0000  RESTRAINT  =         0.0000
 EKCMT  =    112494.0771  VIRIAL  =    114474.9213  VOLUME     =   4333963.5267
                                                    Density    =         1.0090
 ------------------------------------------------------------------------------


 NSTEP = 12000000   TIME(PS) =   74575.000  TEMP(K) =   300.06  PRESS =    26.6
 Etot   =  -1016483.0409  EKtot   =    263271.0938  EPtot      =  -1279754.1346
 BOND   =     10447.0036  ANGLE   =     27860.6945  DIHED      =     32753.7250
 1-4 NB =     12447.4454  1-4 EEL =    134942.5096  VDWAALS    =    152617.0846
 EELEC  =  -1650822.5973  EHBOND  =         0.0000  RESTRAINT  =         0.0000
 EKCMT  =    112063.6846  VIRIAL  =    109573.7436  VOLUME     =   4334484.5343
                                                    Density    =         1.0088
 ------------------------------------------------------------------------------


 NSTEP = 12050000   TIME(PS) =   74675.000  TEMP(K) =   300.66  PRESS =    19.2
 Etot   =  -1016300.9294  EKtot   =    263794.9375  EPtot      =  -1280095.8669
 BOND   =     10403.0036  ANGLE   =     27884.8999  DIHED      =     32757.4402
 1-4 NB =     12411.2026  1-4 EEL =    135124.2338  VDWAALS    =    152848.6673
 EELEC  =  -1651525.3142  EHBOND  =         0.0000  RESTRAINT  =         0.0000
 EKCMT  =    112450.5244  VIRIAL  =    110652.0810  VOLUME     =   4334527.2187
                                                    Density    =         1.0088
 ------------------------------------------------------------------------------


 NSTEP = 12100000   TIME(PS) =   74775.000  TEMP(K) =   300.48  PRESS =   -24.3
 Etot   =  -1017143.4335  EKtot   =    263641.0000  EPtot      =  -1280784.4335
 BOND   =     10487.3748  ANGLE   =     27968.2824  DIHED      =     32839.0950
 1-4 NB =     12337.0313  1-4 EEL =    135082.6438  VDWAALS    =    153009.1714
 EELEC  =  -1652508.0321  EHBOND  =         0.0000  RESTRAINT  =         0.0000
 EKCMT  =    112029.4508  VIRIAL  =    114299.6650  VOLUME     =   4334588.0270
                                                    Density    =         1.0088
 ------------------------------------------------------------------------------


 NSTEP = 12150000   TIME(PS) =   74875.000  TEMP(K) =   300.21  PRESS =    48.6
 Etot   =  -1016619.8160  EKtot   =    263401.5000  EPtot      =  -1280021.3160
 BOND   =     10579.6736  ANGLE   =     27900.0375  DIHED      =     32774.1672
 1-4 NB =     12393.0269  1-4 EEL =    134884.5882  VDWAALS    =    152552.5046
 EELEC  =  -1651105.3140  EHBOND  =         0.0000  RESTRAINT  =         0.0000
 EKCMT  =    111896.0154  VIRIAL  =    107346.0512  VOLUME     =   4334879.4203
                                                    Density    =         1.0087
 ------------------------------------------------------------------------------


 NSTEP = 12200000   TIME(PS) =   74975.000  TEMP(K) =   300.67  PRESS =    18.8
 Etot   =  -1017145.1339  EKtot   =    263809.7500  EPtot      =  -1280954.8839
 BOND   =     10546.1264  ANGLE   =     27685.5265  DIHED      =     32811.3667
 1-4 NB =     12510.6648  1-4 EEL =    135181.5418  VDWAALS    =    152723.9254
 EELEC  =  -1652414.0356  EHBOND  =         0.0000  RESTRAINT  =         0.0000
 EKCMT  =    112506.7295  VIRIAL  =    110745.3246  VOLUME     =   4332319.8780
                                                    Density    =         1.0093
 ------------------------------------------------------------------------------


 NSTEP = 12250000   TIME(PS) =   75075.000  TEMP(K) =   300.14  PRESS =   -12.6
 Etot   =  -1017441.4690  EKtot   =    263340.8125  EPtot      =  -1280782.2815
 BOND   =     10370.5316  ANGLE   =     27741.8460  DIHED      =     32852.1884
 1-4 NB =     12479.1321  1-4 EEL =    135325.7517  VDWAALS    =    152463.9499
 EELEC  =  -1652015.6814  EHBOND  =         0.0000  RESTRAINT  =         0.0000
 EKCMT  =    112037.2511  VIRIAL  =    113213.7701  VOLUME     =   4337241.1843
                                                    Density    =         1.0082
 ------------------------------------------------------------------------------


 NSTEP = 12300000   TIME(PS) =   75175.000  TEMP(K) =   299.99  PRESS =   -31.2
 Etot   =  -1017249.4219  EKtot   =    263211.4062  EPtot      =  -1280460.8281
 BOND   =     10509.6496  ANGLE   =     27756.8994  DIHED      =     32828.0066
 1-4 NB =     12367.3351  1-4 EEL =    135197.0149  VDWAALS    =    152415.5342
 EELEC  =  -1651535.2679  EHBOND  =         0.0000  RESTRAINT  =         0.0000
 EKCMT  =    112108.9964  VIRIAL  =    115027.6904  VOLUME     =   4332300.3860
                                                    Density    =         1.0093
 ------------------------------------------------------------------------------


 NSTEP = 12350000   TIME(PS) =   75275.000  TEMP(K) =   300.61  PRESS =    20.4
 Etot   =  -1016452.6165  EKtot   =    263754.2500  EPtot      =  -1280206.8665
 BOND   =     10526.8519  ANGLE   =     28028.7969  DIHED      =     32819.5706
 1-4 NB =     12379.6995  1-4 EEL =    135038.3879  VDWAALS    =    153082.6109
 EELEC  =  -1652082.7843  EHBOND  =         0.0000  RESTRAINT  =         0.0000
 EKCMT  =    112646.5874  VIRIAL  =    110738.2478  VOLUME     =   4335003.7954
                                                    Density    =         1.0087
 ------------------------------------------------------------------------------


 NSTEP = 12400000   TIME(PS) =   75375.000  TEMP(K) =   300.37  PRESS =   -31.7
 Etot   =  -1016331.6793  EKtot   =    263547.3438  EPtot      =  -1279879.0230
 BOND   =     10527.5180  ANGLE   =     27920.4569  DIHED      =     32907.1382
 1-4 NB =     12367.1167  1-4 EEL =    135291.5171  VDWAALS    =    152952.8017
 EELEC  =  -1651845.5716  EHBOND  =         0.0000  RESTRAINT  =         0.0000
 EKCMT  =    112389.4099  VIRIAL  =    115357.3434  VOLUME     =   4336690.9771
                                                    Density    =         1.0083
 ------------------------------------------------------------------------------


 NSTEP = 12450000   TIME(PS) =   75475.000  TEMP(K) =   299.92  PRESS =   -10.9
 Etot   =  -1017944.9184  EKtot   =    263150.5000  EPtot      =  -1281095.4184
 BOND   =     10398.8057  ANGLE   =     27753.5449  DIHED      =     32884.0624
 1-4 NB =     12400.9466  1-4 EEL =    135271.5482  VDWAALS    =    152687.8544
 EELEC  =  -1652492.1807  EHBOND  =         0.0000  RESTRAINT  =         0.0000
 EKCMT  =    111755.5754  VIRIAL  =    112779.3708  VOLUME     =   4334044.2116
                                                    Density    =         1.0089
 ------------------------------------------------------------------------------


 NSTEP = 12500000   TIME(PS) =   75575.000  TEMP(K) =   300.33  PRESS =   -10.5
 Etot   =  -1016492.0035  EKtot   =    263507.9688  EPtot      =  -1279999.9722
 BOND   =     10540.2065  ANGLE   =     28058.8086  DIHED      =     32821.6500
 1-4 NB =     12313.1734  1-4 EEL =    135085.8079  VDWAALS    =    152704.6593
 EELEC  =  -1651524.2780  EHBOND  =         0.0000  RESTRAINT  =         0.0000
 EKCMT  =    112273.5068  VIRIAL  =    113259.4008  VOLUME     =   4334677.1745
                                                    Density    =         1.0088
 ------------------------------------------------------------------------------


 NSTEP = 12550000   TIME(PS) =   75675.000  TEMP(K) =   299.69  PRESS =    36.4
 Etot   =  -1017150.0393  EKtot   =    262945.2500  EPtot      =  -1280095.2893
 BOND   =     10592.1828  ANGLE   =     27969.6955  DIHED      =     32712.0836
 1-4 NB =     12365.5254  1-4 EEL =    135167.6258  VDWAALS    =    152880.4636
 EELEC  =  -1651782.8660  EHBOND  =         0.0000  RESTRAINT  =         0.0000
 EKCMT  =    112120.9589  VIRIAL  =    108711.7450  VOLUME     =   4333970.0849
                                                    Density    =         1.0090
 ------------------------------------------------------------------------------


 NSTEP = 12600000   TIME(PS) =   75775.000  TEMP(K) =   299.96  PRESS =    59.0
 Etot   =  -1017142.8342  EKtot   =    263188.9375  EPtot      =  -1280331.7717
 BOND   =     10326.2931  ANGLE   =     27831.2720  DIHED      =     32807.7883
 1-4 NB =     12310.5190  1-4 EEL =    135238.0485  VDWAALS    =    153151.7004
 EELEC  =  -1651997.3929  EHBOND  =         0.0000  RESTRAINT  =         0.0000
 EKCMT  =    112034.8849  VIRIAL  =    106516.9732  VOLUME     =   4333061.2384
                                                    Density    =         1.0092
 ------------------------------------------------------------------------------


 NSTEP = 12650000   TIME(PS) =   75875.000  TEMP(K) =   299.74  PRESS =    26.4
 Etot   =  -1017719.7066  EKtot   =    262991.6875  EPtot      =  -1280711.3941
 BOND   =     10408.1876  ANGLE   =     27763.8652  DIHED      =     32891.2682
 1-4 NB =     12342.1017  1-4 EEL =    135328.7304  VDWAALS    =    152671.2631
 EELEC  =  -1652116.8103  EHBOND  =         0.0000  RESTRAINT  =         0.0000
 EKCMT  =    111892.2470  VIRIAL  =    109419.5421  VOLUME     =   4332926.3478
                                                    Density    =         1.0092
 ------------------------------------------------------------------------------


 NSTEP = 12700000   TIME(PS) =   75975.000  TEMP(K) =   300.17  PRESS =    44.4
 Etot   =  -1016508.4704  EKtot   =    263366.2188  EPtot      =  -1279874.6891
 BOND   =     10539.3949  ANGLE   =     28069.1024  DIHED      =     32935.0969
 1-4 NB =     12328.2320  1-4 EEL =    134926.8268  VDWAALS    =    153162.0173
 EELEC  =  -1651835.3594  EHBOND  =         0.0000  RESTRAINT  =         0.0000
 EKCMT  =    112406.9887  VIRIAL  =    108251.0472  VOLUME     =   4334375.4253
                                                    Density    =         1.0089
 ------------------------------------------------------------------------------


 NSTEP = 12750000   TIME(PS) =   76075.000  TEMP(K) =   300.27  PRESS =  -104.4
 Etot   =  -1015988.7308  EKtot   =    263455.5000  EPtot      =  -1279444.2308
 BOND   =     10397.1475  ANGLE   =     27815.5430  DIHED      =     32912.8284
 1-4 NB =     12372.9458  1-4 EEL =    135281.8149  VDWAALS    =    152283.5020
 EELEC  =  -1650508.0123  EHBOND  =         0.0000  RESTRAINT  =         0.0000
 EKCMT  =    112510.2339  VIRIAL  =    122277.2364  VOLUME     =   4334779.5908
                                                    Density    =         1.0088
 ------------------------------------------------------------------------------


 NSTEP = 12800000   TIME(PS) =   76175.000  TEMP(K) =   300.05  PRESS =    46.6
 Etot   =  -1017420.9188  EKtot   =    263264.9062  EPtot      =  -1280685.8251
 BOND   =     10507.7897  ANGLE   =     27742.4818  DIHED      =     32859.7028
 1-4 NB =     12342.8867  1-4 EEL =    135474.2502  VDWAALS    =    153373.4940
 EELEC  =  -1652986.4303  EHBOND  =         0.0000  RESTRAINT  =         0.0000
 EKCMT  =    111893.7251  VIRIAL  =    107532.4175  VOLUME     =   4337298.0254
                                                    Density    =         1.0082
 ------------------------------------------------------------------------------


 NSTEP = 12850000   TIME(PS) =   76275.000  TEMP(K) =   299.78  PRESS =   -12.7
 Etot   =  -1017562.8228  EKtot   =    263026.8750  EPtot      =  -1280589.6978
 BOND   =     10454.4533  ANGLE   =     27888.9779  DIHED      =     32850.4605
 1-4 NB =     12373.4834  1-4 EEL =    135070.7179  VDWAALS    =    152867.5713
 EELEC  =  -1652095.3621  EHBOND  =         0.0000  RESTRAINT  =         0.0000
 EKCMT  =    112059.7261  VIRIAL  =    113250.5815  VOLUME     =   4334793.1654
                                                    Density    =         1.0088
 ------------------------------------------------------------------------------


 NSTEP = 12900000   TIME(PS) =   76375.000  TEMP(K) =   300.67  PRESS =    27.8
 Etot   =  -1016773.4287  EKtot   =    263806.5000  EPtot      =  -1280579.9287
 BOND   =     10493.6380  ANGLE   =     27789.5429  DIHED      =     32845.4673
 1-4 NB =     12432.8182  1-4 EEL =    135316.4768  VDWAALS    =    152752.9355
 EELEC  =  -1652210.8073  EHBOND  =         0.0000  RESTRAINT  =         0.0000
 EKCMT  =    112506.5510  VIRIAL  =    109907.3672  VOLUME     =   4333798.4250
                                                    Density    =         1.0090
 ------------------------------------------------------------------------------


 NSTEP = 12950000   TIME(PS) =   76475.000  TEMP(K) =   299.71  PRESS =   -14.7
 Etot   =  -1017518.3529  EKtot   =    262967.6875  EPtot      =  -1280486.0404
 BOND   =     10262.0247  ANGLE   =     27746.6104  DIHED      =     32812.2486
 1-4 NB =     12337.8626  1-4 EEL =    135240.9297  VDWAALS    =    152115.1091
 EELEC  =  -1651000.8254  EHBOND  =         0.0000  RESTRAINT  =         0.0000
 EKCMT  =    112166.8589  VIRIAL  =    113542.9027  VOLUME     =   4333699.0193
                                                    Density    =         1.0090
 ------------------------------------------------------------------------------


 NSTEP = 13000000   TIME(PS) =   76575.000  TEMP(K) =   300.40  PRESS =   -67.8
 Etot   =  -1017475.7785  EKtot   =    263571.3125  EPtot      =  -1281047.0910
 BOND   =     10473.5540  ANGLE   =     27928.1940  DIHED      =     32801.7034
 1-4 NB =     12399.0420  1-4 EEL =    135080.9726  VDWAALS    =    151955.9845
 EELEC  =  -1651686.5415  EHBOND  =         0.0000  RESTRAINT  =         0.0000
 EKCMT  =    112411.8389  VIRIAL  =    118753.5633  VOLUME     =   4332882.4534
                                                    Density    =         1.0092
 ------------------------------------------------------------------------------


 NSTEP = 13050000   TIME(PS) =   76675.000  TEMP(K) =   300.34  PRESS =    21.5
 Etot   =  -1016358.4795  EKtot   =    263516.1250  EPtot      =  -1279874.6045
 BOND   =     10394.0214  ANGLE   =     27875.0788  DIHED      =     32832.7234
 1-4 NB =     12319.5103  1-4 EEL =    135080.5690  VDWAALS    =    151697.4355
 EELEC  =  -1650073.9428  EHBOND  =         0.0000  RESTRAINT  =         0.0000
 EKCMT  =    112282.3596  VIRIAL  =    110274.1606  VOLUME     =   4335421.6885
                                                    Density    =         1.0086
 ------------------------------------------------------------------------------


 NSTEP = 13100000   TIME(PS) =   76775.000  TEMP(K) =   299.47  PRESS =    26.6
 Etot   =  -1017657.8418  EKtot   =    262758.6562  EPtot      =  -1280416.4980
 BOND   =     10422.3527  ANGLE   =     27815.8026  DIHED      =     32902.1092
 1-4 NB =     12368.1832  1-4 EEL =    135156.3936  VDWAALS    =    152683.9805
 EELEC  =  -1651765.3198  EHBOND  =         0.0000  RESTRAINT  =         0.0000
 EKCMT  =    112026.1981  VIRIAL  =    109540.3339  VOLUME     =   4333278.4664
                                                    Density    =         1.0091
 ------------------------------------------------------------------------------


 NSTEP = 13150000   TIME(PS) =   76875.000  TEMP(K) =   300.06  PRESS =    99.0
 Etot   =  -1016165.5278  EKtot   =    263275.5312  EPtot      =  -1279441.0590
 BOND   =     10442.1376  ANGLE   =     27752.6441  DIHED      =     32749.9298
 1-4 NB =     12372.4971  1-4 EEL =    135295.6929  VDWAALS    =    153417.7711
 EELEC  =  -1651471.7316  EHBOND  =         0.0000  RESTRAINT  =         0.0000
 EKCMT  =    111924.2666  VIRIAL  =    102653.3213  VOLUME     =   4337230.0091
                                                    Density    =         1.0082
 ------------------------------------------------------------------------------


 NSTEP = 13200000   TIME(PS) =   76975.000  TEMP(K) =   298.74  PRESS =     2.6
 Etot   =  -1018330.7795  EKtot   =    262111.0312  EPtot      =  -1280441.8107
 BOND   =     10447.1973  ANGLE   =     27795.8360  DIHED      =     32883.8795
 1-4 NB =     12343.8436  1-4 EEL =    135066.4929  VDWAALS    =    152665.2113
 EELEC  =  -1651644.2713  EHBOND  =         0.0000  RESTRAINT  =         0.0000
 EKCMT  =    111380.7044  VIRIAL  =    111138.6499  VOLUME     =   4334586.8078
                                                    Density    =         1.0088
 ------------------------------------------------------------------------------


 NSTEP = 13250000   TIME(PS) =   77075.000  TEMP(K) =   300.41  PRESS =     1.8
 Etot   =  -1016331.0771  EKtot   =    263578.4062  EPtot      =  -1279909.4833
 BOND   =     10654.6424  ANGLE   =     28005.3029  DIHED      =     32874.9879
 1-4 NB =     12312.8969  1-4 EEL =    135070.7319  VDWAALS    =    152232.9052
 EELEC  =  -1651060.9506  EHBOND  =         0.0000  RESTRAINT  =         0.0000
 EKCMT  =    112440.0772  VIRIAL  =    112269.0603  VOLUME     =   4335593.1883
                                                    Density    =         1.0086
 ------------------------------------------------------------------------------


 NSTEP = 13300000   TIME(PS) =   77175.000  TEMP(K) =   300.76  PRESS =   -40.5
 Etot   =  -1016938.1133  EKtot   =    263887.5938  EPtot      =  -1280825.7070
 BOND   =     10494.7170  ANGLE   =     27718.9909  DIHED      =     32950.7846
 1-4 NB =     12400.2089  1-4 EEL =    135186.6172  VDWAALS    =    151909.5500
 EELEC  =  -1651486.5756  EHBOND  =         0.0000  RESTRAINT  =         0.0000
 EKCMT  =    112154.9059  VIRIAL  =    115941.0821  VOLUME     =   4333018.0738
                                                    Density    =         1.0092
 ------------------------------------------------------------------------------


 NSTEP = 13350000   TIME(PS) =   77275.000  TEMP(K) =   300.09  PRESS =   -85.8
 Etot   =  -1017351.9561  EKtot   =    263302.5625  EPtot      =  -1280654.5186
 BOND   =     10502.7650  ANGLE   =     28121.7269  DIHED      =     32743.2773
 1-4 NB =     12329.6944  1-4 EEL =    134911.5488  VDWAALS    =    152122.9235
 EELEC  =  -1651386.4544  EHBOND  =         0.0000  RESTRAINT  =         0.0000
 EKCMT  =    112034.8916  VIRIAL  =    120065.5062  VOLUME     =   4332551.7696
                                                    Density    =         1.0093
 ------------------------------------------------------------------------------


 NSTEP = 13400000   TIME(PS) =   77375.000  TEMP(K) =   300.08  PRESS =    30.2
 Etot   =  -1016474.5808  EKtot   =    263290.8125  EPtot      =  -1279765.3933
 BOND   =     10472.4575  ANGLE   =     27945.3749  DIHED      =     32881.4584
 1-4 NB =     12387.4057  1-4 EEL =    134984.4710  VDWAALS    =    152070.1568
 EELEC  =  -1650506.7176  EHBOND  =         0.0000  RESTRAINT  =         0.0000
 EKCMT  =    111900.4606  VIRIAL  =    109075.0125  VOLUME     =   4336371.3859
                                                    Density    =         1.0084
 ------------------------------------------------------------------------------


 NSTEP = 13450000   TIME(PS) =   77475.000  TEMP(K) =   299.53  PRESS =    30.6
 Etot   =  -1017054.1627  EKtot   =    262807.5000  EPtot      =  -1279861.6627
 BOND   =     10468.9604  ANGLE   =     27876.7799  DIHED      =     32813.5353
 1-4 NB =     12430.3931  1-4 EEL =    135310.5368  VDWAALS    =    152135.8048
 EELEC  =  -1650897.6730  EHBOND  =         0.0000  RESTRAINT  =         0.0000
 EKCMT  =    112023.5468  VIRIAL  =    109162.4531  VOLUME     =   4334403.1788
                                                    Density    =         1.0089
 ------------------------------------------------------------------------------


 NSTEP = 13500000   TIME(PS) =   77575.000  TEMP(K) =   299.28  PRESS =    -8.6
 Etot   =  -1017904.4675  EKtot   =    262586.5000  EPtot      =  -1280490.9675
 BOND   =     10368.1978  ANGLE   =     27910.4094  DIHED      =     32800.1213
 1-4 NB =     12380.0806  1-4 EEL =    135195.0104  VDWAALS    =    152275.6966
 EELEC  =  -1651420.4837  EHBOND  =         0.0000  RESTRAINT  =         0.0000
 EKCMT  =    111543.9792  VIRIAL  =    112351.2630  VOLUME     =   4335353.8994
                                                    Density    =         1.0086
 ------------------------------------------------------------------------------


 NSTEP = 13550000   TIME(PS) =   77675.000  TEMP(K) =   300.01  PRESS =   -19.6
 Etot   =  -1017942.5525  EKtot   =    263230.6562  EPtot      =  -1281173.2087
 BOND   =     10512.9131  ANGLE   =     27905.5020  DIHED      =     32772.1948
 1-4 NB =     12399.0176  1-4 EEL =    135185.9695  VDWAALS    =    151797.9308
 EELEC  =  -1651746.7365  EHBOND  =         0.0000  RESTRAINT  =         0.0000
 EKCMT  =    112253.6108  VIRIAL  =    114086.6938  VOLUME     =   4334059.1384
                                                    Density    =         1.0089
 ------------------------------------------------------------------------------


 NSTEP = 13600000   TIME(PS) =   77775.000  TEMP(K) =   300.84  PRESS =    27.9
 Etot   =  -1017165.1350  EKtot   =    263953.0312  EPtot      =  -1281118.1663
 BOND   =     10459.1702  ANGLE   =     27861.7794  DIHED      =     32834.5408
 1-4 NB =     12357.2333  1-4 EEL =    135155.1615  VDWAALS    =    153448.5816
 EELEC  =  -1653234.6331  EHBOND  =         0.0000  RESTRAINT  =         0.0000
 EKCMT  =    112287.4675  VIRIAL  =    109682.1396  VOLUME     =   4331850.9530
                                                    Density    =         1.0094
 ------------------------------------------------------------------------------


 NSTEP = 13650000   TIME(PS) =   77875.000  TEMP(K) =   299.35  PRESS =    27.2
 Etot   =  -1018564.1228  EKtot   =    262647.3750  EPtot      =  -1281211.4978
 BOND   =     10572.2186  ANGLE   =     27883.1236  DIHED      =     32728.8206
 1-4 NB =     12340.1278  1-4 EEL =    135087.9505  VDWAALS    =    152428.4493
 EELEC  =  -1652252.1883  EHBOND  =         0.0000  RESTRAINT  =         0.0000
 EKCMT  =    112104.1953  VIRIAL  =    109557.6850  VOLUME     =   4336493.4935
                                                    Density    =         1.0084
 ------------------------------------------------------------------------------


 NSTEP = 13700000   TIME(PS) =   77975.000  TEMP(K) =   300.75  PRESS =    27.0
 Etot   =  -1017108.8387  EKtot   =    263879.0312  EPtot      =  -1280987.8700
 BOND   =     10594.5086  ANGLE   =     28040.3831  DIHED      =     32725.4961
 1-4 NB =     12310.2877  1-4 EEL =    134871.0852  VDWAALS    =    152252.9475
 EELEC  =  -1651782.5782  EHBOND  =         0.0000  RESTRAINT  =         0.0000
 EKCMT  =    112555.1088  VIRIAL  =    110029.8789  VOLUME     =   4334106.0581
                                                    Density    =         1.0089
 ------------------------------------------------------------------------------


 NSTEP = 13750000   TIME(PS) =   78075.000  TEMP(K) =   300.56  PRESS =   -17.2
 Etot   =  -1017382.4479  EKtot   =    263709.9375  EPtot      =  -1281092.3854
 BOND   =     10393.5562  ANGLE   =     27739.1053  DIHED      =     32836.5328
 1-4 NB =     12458.2124  1-4 EEL =    135204.3782  VDWAALS    =    152114.8547
 EELEC  =  -1651839.0250  EHBOND  =         0.0000  RESTRAINT  =         0.0000
 EKCMT  =    112241.1873  VIRIAL  =    113848.2997  VOLUME     =   4333040.6287
                                                    Density    =         1.0092
 ------------------------------------------------------------------------------


 NSTEP = 13800000   TIME(PS) =   78175.000  TEMP(K) =   300.92  PRESS =    11.3
 Etot   =  -1017019.0015  EKtot   =    264028.3750  EPtot      =  -1281047.3765
 BOND   =     10409.6149  ANGLE   =     27991.9575  DIHED      =     32850.6413
 1-4 NB =     12330.2786  1-4 EEL =    135038.7846  VDWAALS    =    152634.5033
 EELEC  =  -1652303.1567  EHBOND  =         0.0000  RESTRAINT  =         0.0000
 EKCMT  =    112591.3574  VIRIAL  =    111529.4589  VOLUME     =   4334823.9730
                                                    Density    =         1.0088
 ------------------------------------------------------------------------------


 NSTEP = 13850000   TIME(PS) =   78275.000  TEMP(K) =   299.93  PRESS =    -9.9
 Etot   =  -1017885.9871  EKtot   =    263154.4375  EPtot      =  -1281040.4246
 BOND   =     10434.6973  ANGLE   =     28049.9751  DIHED      =     32751.7034
 1-4 NB =     12489.7698  1-4 EEL =    135341.9384  VDWAALS    =    153695.1227
 EELEC  =  -1653803.6312  EHBOND  =         0.0000  RESTRAINT  =         0.0000
 EKCMT  =    111929.5203  VIRIAL  =    112856.8366  VOLUME     =   4334127.1228
                                                    Density    =         1.0089
 ------------------------------------------------------------------------------


 NSTEP = 13900000   TIME(PS) =   78375.000  TEMP(K) =   299.58  PRESS =     9.0
 Etot   =  -1017749.9682  EKtot   =    262854.4062  EPtot      =  -1280604.3744
 BOND   =     10531.0130  ANGLE   =     27913.1128  DIHED      =     32913.0162
 1-4 NB =     12318.6749  1-4 EEL =    135053.0535  VDWAALS    =    152493.4468
 EELEC  =  -1651826.6915  EHBOND  =         0.0000  RESTRAINT  =         0.0000
 EKCMT  =    112138.1077  VIRIAL  =    111291.1157  VOLUME     =   4335099.6342
                                                    Density    =         1.0087
 ------------------------------------------------------------------------------


 NSTEP = 13950000   TIME(PS) =   78475.000  TEMP(K) =   299.62  PRESS =   -68.0
 Etot   =  -1017476.8649  EKtot   =    262888.5938  EPtot      =  -1280365.4586
 BOND   =     10461.6686  ANGLE   =     27768.9323  DIHED      =     32915.3014
 1-4 NB =     12431.1099  1-4 EEL =    135113.6920  VDWAALS    =    151737.4194
 EELEC  =  -1650793.5822  EHBOND  =         0.0000  RESTRAINT  =         0.0000
 EKCMT  =    112074.4015  VIRIAL  =    118442.8870  VOLUME     =   4335630.9518
                                                    Density    =         1.0086
 ------------------------------------------------------------------------------


 NSTEP = 14000000   TIME(PS) =   78575.000  TEMP(K) =   299.55  PRESS =   -35.5
 Etot   =  -1016855.4983  EKtot   =    262823.4062  EPtot      =  -1279678.9045
 BOND   =     10357.4532  ANGLE   =     27950.6942  DIHED      =     32861.8116
 1-4 NB =     12353.2614  1-4 EEL =    135218.7939  VDWAALS    =    151768.1806
 EELEC  =  -1650189.0995  EHBOND  =         0.0000  RESTRAINT  =         0.0000
 EKCMT  =    112251.7252  VIRIAL  =    115575.1795  VOLUME     =   4334456.0952
                                                    Density    =         1.0088
 ------------------------------------------------------------------------------


 NSTEP = 14050000   TIME(PS) =   78675.000  TEMP(K) =   299.78  PRESS =   -76.4
 Etot   =  -1016762.8253  EKtot   =    263030.5000  EPtot      =  -1279793.3253
 BOND   =     10387.7922  ANGLE   =     27656.0630  DIHED      =     32816.1392
 1-4 NB =     12394.9519  1-4 EEL =    135256.0558  VDWAALS    =    151753.2640
 EELEC  =  -1650057.5913  EHBOND  =         0.0000  RESTRAINT  =         0.0000
 EKCMT  =    112016.9654  VIRIAL  =    119165.7372  VOLUME     =   4331612.1689
                                                    Density    =         1.0095
 ------------------------------------------------------------------------------


 NSTEP = 14100000   TIME(PS) =   78775.000  TEMP(K) =   299.99  PRESS =   -54.2
 Etot   =  -1016730.0259  EKtot   =    263215.0000  EPtot      =  -1279945.0259
 BOND   =     10406.8523  ANGLE   =     27862.8035  DIHED      =     32891.6469
 1-4 NB =     12368.5809  1-4 EEL =    135197.0784  VDWAALS    =    152123.5302
 EELEC  =  -1650795.5181  EHBOND  =         0.0000  RESTRAINT  =         0.0000
 EKCMT  =    111981.4449  VIRIAL  =    117053.2362  VOLUME     =   4334442.1003
                                                    Density    =         1.0088
 ------------------------------------------------------------------------------


 NSTEP = 14150000   TIME(PS) =   78875.000  TEMP(K) =   299.65  PRESS =   -67.3
 Etot   =  -1017981.8807  EKtot   =    262916.4062  EPtot      =  -1280898.2870
 BOND   =     10383.4378  ANGLE   =     27972.5362  DIHED      =     32953.0219
 1-4 NB =     12344.8336  1-4 EEL =    135150.4305  VDWAALS    =    152527.1871
 EELEC  =  -1652229.7342  EHBOND  =         0.0000  RESTRAINT  =         0.0000
 EKCMT  =    112242.1433  VIRIAL  =    118530.5683  VOLUME     =   4330242.5359
                                                    Density    =         1.0098
 ------------------------------------------------------------------------------


 NSTEP = 14200000   TIME(PS) =   78975.000  TEMP(K) =   300.22  PRESS =    -6.4
 Etot   =  -1016374.6288  EKtot   =    263416.4375  EPtot      =  -1279791.0663
 BOND   =     10430.7695  ANGLE   =     28096.4426  DIHED      =     32820.7028
 1-4 NB =     12350.9880  1-4 EEL =    135134.0104  VDWAALS    =    151857.7490
 EELEC  =  -1650481.7286  EHBOND  =         0.0000  RESTRAINT  =         0.0000
 EKCMT  =    112177.6578  VIRIAL  =    112779.9257  VOLUME     =   4334617.7759
                                                    Density    =         1.0088
 ------------------------------------------------------------------------------


 NSTEP = 14250000   TIME(PS) =   79075.000  TEMP(K) =   299.40  PRESS =    22.6
 Etot   =  -1017961.2392  EKtot   =    262693.9375  EPtot      =  -1280655.1767
 BOND   =     10645.2826  ANGLE   =     27756.9510  DIHED      =     32869.7524
 1-4 NB =     12282.5051  1-4 EEL =    135082.8569  VDWAALS    =    152759.5804
 EELEC  =  -1652052.1051  EHBOND  =         0.0000  RESTRAINT  =         0.0000
 EKCMT  =    111901.5474  VIRIAL  =    109783.7033  VOLUME     =   4333552.2029
                                                    Density    =         1.0091
 ------------------------------------------------------------------------------


 NSTEP = 14300000   TIME(PS) =   79175.000  TEMP(K) =   300.05  PRESS =    61.6
 Etot   =  -1017652.0419  EKtot   =    263263.4375  EPtot      =  -1280915.4794
 BOND   =     10426.5906  ANGLE   =     28026.8939  DIHED      =     32891.2037
 1-4 NB =     12262.8309  1-4 EEL =    135330.4651  VDWAALS    =    152855.0160
 EELEC  =  -1652708.4795  EHBOND  =         0.0000  RESTRAINT  =         0.0000
 EKCMT  =    112097.2777  VIRIAL  =    106334.5126  VOLUME     =   4333775.8445
                                                    Density    =         1.0090
 ------------------------------------------------------------------------------


 NSTEP = 14350000   TIME(PS) =   79275.000  TEMP(K) =   299.35  PRESS =   111.3
 Etot   =  -1017901.9649  EKtot   =    262651.6875  EPtot      =  -1280553.6524
 BOND   =     10525.1951  ANGLE   =     27966.6001  DIHED      =     32891.4063
 1-4 NB =     12267.5577  1-4 EEL =    135103.9454  VDWAALS    =    152955.1137
 EELEC  =  -1652263.4708  EHBOND  =         0.0000  RESTRAINT  =         0.0000
 EKCMT  =    111868.3000  VIRIAL  =    101452.0794  VOLUME     =   4334247.4145
                                                    Density    =         1.0089
 ------------------------------------------------------------------------------


 NSTEP = 14400000   TIME(PS) =   79375.000  TEMP(K) =   299.74  PRESS =    81.0
 Etot   =  -1017160.9219  EKtot   =    262993.0938  EPtot      =  -1280154.0156
 BOND   =     10529.8479  ANGLE   =     27833.7959  DIHED      =     32831.4343
 1-4 NB =     12329.0866  1-4 EEL =    134753.6249  VDWAALS    =    153011.4828
 EELEC  =  -1651443.2881  EHBOND  =         0.0000  RESTRAINT  =         0.0000
 EKCMT  =    112028.3820  VIRIAL  =    104454.2649  VOLUME     =   4330818.2754
                                                    Density    =         1.0097
 ------------------------------------------------------------------------------


 NSTEP = 14450000   TIME(PS) =   79475.000  TEMP(K) =   300.32  PRESS =   -20.8
 Etot   =  -1016770.0107  EKtot   =    263505.0312  EPtot      =  -1280275.0419
 BOND   =     10416.6431  ANGLE   =     27943.1516  DIHED      =     32933.8527
 1-4 NB =     12338.9562  1-4 EEL =    135055.2481  VDWAALS    =    152394.1420
 EELEC  =  -1651357.0356  EHBOND  =         0.0000  RESTRAINT  =         0.0000
 EKCMT  =    111878.8523  VIRIAL  =    113824.6253  VOLUME     =   4334035.5510
                                                    Density    =         1.0089
 ------------------------------------------------------------------------------


 NSTEP = 14500000   TIME(PS) =   79575.000  TEMP(K) =   300.19  PRESS =    -2.9
 Etot   =  -1018081.6007  EKtot   =    263384.6875  EPtot      =  -1281466.2882
 BOND   =     10570.2050  ANGLE   =     28020.9542  DIHED      =     32747.9469
 1-4 NB =     12375.8201  1-4 EEL =    135032.3981  VDWAALS    =    153245.6577
 EELEC  =  -1653459.2703  EHBOND  =         0.0000  RESTRAINT  =         0.0000
 EKCMT  =    112065.8536  VIRIAL  =    112337.2561  VOLUME     =   4334188.0945
                                                    Density    =         1.0089
 ------------------------------------------------------------------------------


 NSTEP = 14550000   TIME(PS) =   79675.000  TEMP(K) =   299.16  PRESS =    31.9
 Etot   =  -1017586.8353  EKtot   =    262485.8438  EPtot      =  -1280072.6791
 BOND   =     10439.2865  ANGLE   =     27879.7638  DIHED      =     32726.1630
 1-4 NB =     12384.9704  1-4 EEL =    134948.5057  VDWAALS    =    152123.2801
 EELEC  =  -1650574.6486  EHBOND  =         0.0000  RESTRAINT  =         0.0000
 EKCMT  =    111980.0762  VIRIAL  =    108998.7227  VOLUME     =   4333698.9891
                                                    Density    =         1.0090
 ------------------------------------------------------------------------------


 NSTEP = 14600000   TIME(PS) =   79775.000  TEMP(K) =   300.45  PRESS =    14.0
 Etot   =  -1016426.2670  EKtot   =    263611.4375  EPtot      =  -1280037.7045
 BOND   =     10643.6360  ANGLE   =     27918.1696  DIHED      =     32741.5524
 1-4 NB =     12291.3845  1-4 EEL =    135070.8339  VDWAALS    =    152324.3108
 EELEC  =  -1651027.5918  EHBOND  =         0.0000  RESTRAINT  =         0.0000
 EKCMT  =    111930.0685  VIRIAL  =    110619.9151  VOLUME     =   4335136.3640
                                                    Density    =         1.0087
 ------------------------------------------------------------------------------


 NSTEP = 14650000   TIME(PS) =   79875.000  TEMP(K) =   299.72  PRESS =     3.8
 Etot   =  -1017413.5639  EKtot   =    262970.5938  EPtot      =  -1280384.1576
 BOND   =     10524.0904  ANGLE   =     27790.1451  DIHED      =     32856.5774
 1-4 NB =     12395.5655  1-4 EEL =    135119.5595  VDWAALS    =    153038.8079
 EELEC  =  -1652108.9034  EHBOND  =         0.0000  RESTRAINT  =         0.0000
 EKCMT  =    112054.0245  VIRIAL  =    111702.4050  VOLUME     =   4334859.9806
                                                    Density    =         1.0087
 ------------------------------------------------------------------------------


 NSTEP = 14700000   TIME(PS) =   79975.000  TEMP(K) =   299.96  PRESS =    73.4
 Etot   =  -1017680.1504  EKtot   =    263187.3750  EPtot      =  -1280867.5254
 BOND   =     10458.2278  ANGLE   =     27989.3308  DIHED      =     32898.8296
 1-4 NB =     12287.0597  1-4 EEL =    135051.2346  VDWAALS    =    153289.4017
 EELEC  =  -1652841.6096  EHBOND  =         0.0000  RESTRAINT  =         0.0000
 EKCMT  =    112157.4591  VIRIAL  =    105294.2928  VOLUME     =   4331980.0050
                                                    Density    =         1.0094
 ------------------------------------------------------------------------------


 NSTEP = 14750000   TIME(PS) =   80075.000  TEMP(K) =   300.78  PRESS =    36.6
 Etot   =  -1016551.1523  EKtot   =    263900.8750  EPtot      =  -1280452.0273
 BOND   =     10684.3142  ANGLE   =     28101.5277  DIHED      =     32700.0119
 1-4 NB =     12359.8323  1-4 EEL =    135098.6767  VDWAALS    =    151968.6768
 EELEC  =  -1651365.0670  EHBOND  =         0.0000  RESTRAINT  =         0.0000
 EKCMT  =    112734.1919  VIRIAL  =    109313.1682  VOLUME     =   4333147.0824
                                                    Density    =         1.0091
 ------------------------------------------------------------------------------


 NSTEP = 14800000   TIME(PS) =   80175.000  TEMP(K) =   299.79  PRESS =   -41.0
 Etot   =  -1018047.9447  EKtot   =    263038.9062  EPtot      =  -1281086.8509
 BOND   =     10449.1689  ANGLE   =     28033.3153  DIHED      =     32816.1169
 1-4 NB =     12346.9172  1-4 EEL =    135072.4656  VDWAALS    =    151937.0016
 EELEC  =  -1651741.8364  EHBOND  =         0.0000  RESTRAINT  =         0.0000
 EKCMT  =    112074.9023  VIRIAL  =    115907.3596  VOLUME     =   4334133.6925
                                                    Density    =         1.0089
 ------------------------------------------------------------------------------


 NSTEP = 14850000   TIME(PS) =   80275.000  TEMP(K) =   299.76  PRESS =   -26.7
 Etot   =  -1017208.4361  EKtot   =    263011.8125  EPtot      =  -1280220.2486
 BOND   =     10409.1089  ANGLE   =     27943.4860  DIHED      =     32754.7066
 1-4 NB =     12419.1915  1-4 EEL =    135292.7532  VDWAALS    =    152706.3467
 EELEC  =  -1651745.8416  EHBOND  =         0.0000  RESTRAINT  =         0.0000
 EKCMT  =    111973.0544  VIRIAL  =    114473.5334  VOLUME     =   4336452.0079
                                                    Density    =         1.0084
 ------------------------------------------------------------------------------


 NSTEP = 14900000   TIME(PS) =   80375.000  TEMP(K) =   300.42  PRESS =   -50.0
 Etot   =  -1017154.6307  EKtot   =    263590.6250  EPtot      =  -1280745.2557
 BOND   =     10280.3337  ANGLE   =     27631.0067  DIHED      =     32830.1755
 1-4 NB =     12358.0045  1-4 EEL =    135352.8485  VDWAALS    =    152421.9653
 EELEC  =  -1651619.5899  EHBOND  =         0.0000  RESTRAINT  =         0.0000
 EKCMT  =    112210.0128  VIRIAL  =    116883.0776  VOLUME     =   4332413.9508
                                                    Density    =         1.0093
 ------------------------------------------------------------------------------


 NSTEP = 14950000   TIME(PS) =   80475.000  TEMP(K) =   300.04  PRESS =     3.1
 Etot   =  -1016949.1394  EKtot   =    263251.3750  EPtot      =  -1280200.5144
 BOND   =     10539.1043  ANGLE   =     27869.5725  DIHED      =     32862.2753
 1-4 NB =     12281.9374  1-4 EEL =    134995.1054  VDWAALS    =    152207.9688
 EELEC  =  -1650956.4781  EHBOND  =         0.0000  RESTRAINT  =         0.0000
 EKCMT  =    112108.9127  VIRIAL  =    111818.2856  VOLUME     =   4333397.6632
                                                    Density    =         1.0091
 ------------------------------------------------------------------------------


 NSTEP = 15000000   TIME(PS) =   80575.000  TEMP(K) =   299.88  PRESS =    -5.4
 Etot   =  -1017301.3250  EKtot   =    263118.5312  EPtot      =  -1280419.8562
 BOND   =     10448.1194  ANGLE   =     27789.2349  DIHED      =     32775.2527
 1-4 NB =     12260.1755  1-4 EEL =    135145.2514  VDWAALS    =    152891.3716
 EELEC  =  -1651729.2618  EHBOND  =         0.0000  RESTRAINT  =         0.0000
 EKCMT  =    111940.4881  VIRIAL  =    112444.1702  VOLUME     =   4334176.8901
                                                    Density    =         1.0089
 ------------------------------------------------------------------------------


 NSTEP = 15050000   TIME(PS) =   80675.000  TEMP(K) =   300.02  PRESS =    23.0
 Etot   =  -1017610.5303  EKtot   =    263240.6562  EPtot      =  -1280851.1865
 BOND   =     10412.0134  ANGLE   =     27806.1874  DIHED      =     32760.5021
 1-4 NB =     12407.3961  1-4 EEL =    135201.5616  VDWAALS    =    152579.7643
 EELEC  =  -1652018.6115  EHBOND  =         0.0000  RESTRAINT  =         0.0000
 EKCMT  =    112402.5301  VIRIAL  =    110249.0939  VOLUME     =   4331960.7231
                                                    Density    =         1.0094
 ------------------------------------------------------------------------------


 NSTEP = 15100000   TIME(PS) =   80775.000  TEMP(K) =   300.86  PRESS =    41.7
 Etot   =  -1016587.4622  EKtot   =    263976.6562  EPtot      =  -1280564.1184
 BOND   =     10495.3334  ANGLE   =     27732.4199  DIHED      =     33009.5136
 1-4 NB =     12385.9361  1-4 EEL =    135250.6718  VDWAALS    =    153428.4462
 EELEC  =  -1652866.4394  EHBOND  =         0.0000  RESTRAINT  =         0.0000
 EKCMT  =    112689.8309  VIRIAL  =    108785.7681  VOLUME     =   4336522.8840
                                                    Density    =         1.0084
 ------------------------------------------------------------------------------


 NSTEP = 15150000   TIME(PS) =   80875.000  TEMP(K) =   299.34  PRESS =    43.8
 Etot   =  -1017458.9808  EKtot   =    262642.3750  EPtot      =  -1280101.3558
 BOND   =     10432.7316  ANGLE   =     27899.6777  DIHED      =     32806.0533
 1-4 NB =     12396.3023  1-4 EEL =    135104.5833  VDWAALS    =    152976.8975
 EELEC  =  -1651717.6016  EHBOND  =         0.0000  RESTRAINT  =         0.0000
 EKCMT  =    111652.2297  VIRIAL  =    107552.5375  VOLUME     =   4332287.4203
                                                    Density    =         1.0093
 ------------------------------------------------------------------------------


 NSTEP = 15200000   TIME(PS) =   80975.000  TEMP(K) =   300.13  PRESS =   -40.8
 Etot   =  -1016722.1029  EKtot   =    263332.6562  EPtot      =  -1280054.7591
 BOND   =     10434.2943  ANGLE   =     27836.4428  DIHED      =     32836.3567
 1-4 NB =     12365.8569  1-4 EEL =    135028.8400  VDWAALS    =    152363.7583
 EELEC  =  -1650920.3082  EHBOND  =         0.0000  RESTRAINT  =         0.0000
 EKCMT  =    112094.8336  VIRIAL  =    115913.2792  VOLUME     =   4335191.8714
                                                    Density    =         1.0087
 ------------------------------------------------------------------------------


 NSTEP = 15250000   TIME(PS) =   81075.000  TEMP(K) =   299.45  PRESS =   -64.2
 Etot   =  -1017268.0716  EKtot   =    262740.8438  EPtot      =  -1280008.9154
 BOND   =     10394.8828  ANGLE   =     27812.4373  DIHED      =     32825.6681
 1-4 NB =     12401.4689  1-4 EEL =    135341.2448  VDWAALS    =    151861.3219
 EELEC  =  -1650645.9393  EHBOND  =         0.0000  RESTRAINT  =         0.0000
 EKCMT  =    111853.2487  VIRIAL  =    117860.9909  VOLUME     =   4335401.3117
                                                    Density    =         1.0086
 ------------------------------------------------------------------------------


 NSTEP = 15300000   TIME(PS) =   81175.000  TEMP(K) =   300.31  PRESS =   -39.6
 Etot   =  -1017649.9858  EKtot   =    263488.6250  EPtot      =  -1281138.6108
 BOND   =     10434.2371  ANGLE   =     27562.7965  DIHED      =     32815.1173
 1-4 NB =     12372.4965  1-4 EEL =    135221.5987  VDWAALS    =    152721.0759
 EELEC  =  -1652265.9328  EHBOND  =         0.0000  RESTRAINT  =         0.0000
 EKCMT  =    112514.7867  VIRIAL  =    116221.6112  VOLUME     =   4331750.3412
                                                    Density    =         1.0095
 ------------------------------------------------------------------------------


 NSTEP = 15350000   TIME(PS) =   81275.000  TEMP(K) =   299.80  PRESS =    16.9
 Etot   =  -1017590.4260  EKtot   =    263044.5625  EPtot      =  -1280634.9885
 BOND   =     10477.5737  ANGLE   =     27865.5242  DIHED      =     32823.4123
 1-4 NB =     12354.3798  1-4 EEL =    135119.3233  VDWAALS    =    153034.3706
 EELEC  =  -1652309.5724  EHBOND  =         0.0000  RESTRAINT  =         0.0000
 EKCMT  =    112127.8792  VIRIAL  =    110548.0474  VOLUME     =   4333273.7414
                                                    Density    =         1.0091
 ------------------------------------------------------------------------------


 NSTEP = 15400000   TIME(PS) =   81375.000  TEMP(K) =   300.34  PRESS =   -16.7
 Etot   =  -1017378.3038  EKtot   =    263515.4375  EPtot      =  -1280893.7413
 BOND   =     10495.0434  ANGLE   =     27699.8871  DIHED      =     32722.7965
 1-4 NB =     12363.0019  1-4 EEL =    135129.9915  VDWAALS    =    153074.5045
 EELEC  =  -1652378.9663  EHBOND  =         0.0000  RESTRAINT  =         0.0000
 EKCMT  =    112086.9233  VIRIAL  =    113654.3922  VOLUME     =   4334254.0351
                                                    Density    =         1.0089
 ------------------------------------------------------------------------------


 NSTEP = 15450000   TIME(PS) =   81475.000  TEMP(K) =   299.84  PRESS =   -77.5
 Etot   =  -1017128.7611  EKtot   =    263082.5312  EPtot      =  -1280211.2923
 BOND   =     10377.0066  ANGLE   =     27892.8430  DIHED      =     32838.8065
 1-4 NB =     12378.7308  1-4 EEL =    135030.2573  VDWAALS    =    152829.8242
 EELEC  =  -1651558.7607  EHBOND  =         0.0000  RESTRAINT  =         0.0000
 EKCMT  =    112257.0191  VIRIAL  =    119505.2252  VOLUME     =   4332082.5718
                                                    Density    =         1.0094
 ------------------------------------------------------------------------------


 NSTEP = 15500000   TIME(PS) =   81575.000  TEMP(K) =   299.72  PRESS =    41.0
 Etot   =  -1017217.2416  EKtot   =    262977.2188  EPtot      =  -1280194.4603
 BOND   =     10534.7505  ANGLE   =     27932.2195  DIHED      =     32763.1130
 1-4 NB =     12325.2524  1-4 EEL =    135325.5546  VDWAALS    =    152685.7362
 EELEC  =  -1651761.0864  EHBOND  =         0.0000  RESTRAINT  =         0.0000
 EKCMT  =    112151.9219  VIRIAL  =    108315.6435  VOLUME     =   4334399.8403
                                                    Density    =         1.0089
 ------------------------------------------------------------------------------


 NSTEP = 15550000   TIME(PS) =   81675.000  TEMP(K) =   299.10  PRESS =    57.9
 Etot   =  -1018156.3434  EKtot   =    262434.9062  EPtot      =  -1280591.2496
 BOND   =     10407.9181  ANGLE   =     27725.7342  DIHED      =     32705.4315
 1-4 NB =     12375.8280  1-4 EEL =    135220.0684  VDWAALS    =    153333.4648
 EELEC  =  -1652359.6946  EHBOND  =         0.0000  RESTRAINT  =         0.0000
 EKCMT  =    111991.3248  VIRIAL  =    106573.9482  VOLUME     =   4334063.1544
                                                    Density    =         1.0089
 ------------------------------------------------------------------------------


 NSTEP = 15600000   TIME(PS) =   81775.000  TEMP(K) =   300.67  PRESS =    35.3
 Etot   =  -1018530.9186  EKtot   =    263811.7188  EPtot      =  -1282342.6373
 BOND   =     10437.7745  ANGLE   =     27947.4961  DIHED      =     32751.3479
 1-4 NB =     12307.2510  1-4 EEL =    135007.7967  VDWAALS    =    152635.0498
 EELEC  =  -1653429.3532  EHBOND  =         0.0000  RESTRAINT  =         0.0000
 EKCMT  =    112667.1403  VIRIAL  =    109365.1587  VOLUME     =   4331218.3349
                                                    Density    =         1.0096
 ------------------------------------------------------------------------------


 NSTEP = 15650000   TIME(PS) =   81875.000  TEMP(K) =   300.44  PRESS =    -3.1
 Etot   =  -1016013.8361  EKtot   =    263608.4062  EPtot      =  -1279622.2424
 BOND   =     10533.9158  ANGLE   =     27974.4868  DIHED      =     32621.8127
 1-4 NB =     12314.0263  1-4 EEL =    135102.8161  VDWAALS    =    151818.3160
 EELEC  =  -1649987.6161  EHBOND  =         0.0000  RESTRAINT  =         0.0000
 EKCMT  =    112418.3248  VIRIAL  =    112710.5987  VOLUME     =   4335896.1240
                                                    Density    =         1.0085
 ------------------------------------------------------------------------------


 NSTEP = 15700000   TIME(PS) =   81975.000  TEMP(K) =   299.87  PRESS =     4.4
 Etot   =  -1017185.0765  EKtot   =    263105.3750  EPtot      =  -1280290.4515
 BOND   =     10302.2355  ANGLE   =     27871.2666  DIHED      =     32771.5882
 1-4 NB =     12387.0056  1-4 EEL =    135209.4661  VDWAALS    =    152313.9957
 EELEC  =  -1651146.0091  EHBOND  =         0.0000  RESTRAINT  =         0.0000
 EKCMT  =    112135.3702  VIRIAL  =    111723.3781  VOLUME     =   4334126.8509
                                                    Density    =         1.0089
 ------------------------------------------------------------------------------


 NSTEP = 15750000   TIME(PS) =   82075.000  TEMP(K) =   299.15  PRESS =    70.7
 Etot   =  -1017584.3864  EKtot   =    262474.9375  EPtot      =  -1280059.3239
 BOND   =     10431.8128  ANGLE   =     28025.0783  DIHED      =     32891.4040
 1-4 NB =     12338.7566  1-4 EEL =    135079.5452  VDWAALS    =    153414.6235
 EELEC  =  -1652240.5443  EHBOND  =         0.0000  RESTRAINT  =         0.0000
 EKCMT  =    111845.0028  VIRIAL  =    105225.2090  VOLUME     =   4334963.5008
                                                    Density    =         1.0087
 ------------------------------------------------------------------------------


 NSTEP = 15800000   TIME(PS) =   82175.000  TEMP(K) =   300.44  PRESS =   -58.7
 Etot   =  -1016353.3079  EKtot   =    263602.6250  EPtot      =  -1279955.9329
 BOND   =     10549.0292  ANGLE   =     27873.7289  DIHED      =     32915.4830
 1-4 NB =     12411.7055  1-4 EEL =    135147.8805  VDWAALS    =    151936.8745
 EELEC  =  -1650790.6344  EHBOND  =         0.0000  RESTRAINT  =         0.0000
 EKCMT  =    112468.1734  VIRIAL  =    117965.7066  VOLUME     =   4334176.6722
                                                    Density    =         1.0089
 ------------------------------------------------------------------------------


 NSTEP = 15850000   TIME(PS) =   82275.000  TEMP(K) =   299.25  PRESS =    59.5
 Etot   =  -1016892.9607  EKtot   =    262562.6250  EPtot      =  -1279455.5857
 BOND   =     10467.7403  ANGLE   =     28003.4087  DIHED      =     32983.0587
 1-4 NB =     12336.2262  1-4 EEL =    135049.2723  VDWAALS    =    152558.5887
 EELEC  =  -1650853.8806  EHBOND  =         0.0000  RESTRAINT  =         0.0000
 EKCMT  =    111545.0459  VIRIAL  =    105982.2981  VOLUME     =   4332370.1351
                                                    Density    =         1.0093
 ------------------------------------------------------------------------------


 NSTEP = 15900000   TIME(PS) =   82375.000  TEMP(K) =   299.53  PRESS =    50.6
 Etot   =  -1018676.5211  EKtot   =    262808.7500  EPtot      =  -1281485.2711
 BOND   =     10251.8822  ANGLE   =     27865.2816  DIHED      =     32714.9361
 1-4 NB =     12474.3841  1-4 EEL =    135391.4069  VDWAALS    =    152892.3148
 EELEC  =  -1653075.4767  EHBOND  =         0.0000  RESTRAINT  =         0.0000
 EKCMT  =    111855.4838  VIRIAL  =    107122.3943  VOLUME     =   4331919.2346
                                                    Density    =         1.0094
 ------------------------------------------------------------------------------


 NSTEP = 15950000   TIME(PS) =   82475.000  TEMP(K) =   299.36  PRESS =   -25.9
 Etot   =  -1016960.3913  EKtot   =    262660.0000  EPtot      =  -1279620.3913
 BOND   =     10495.6811  ANGLE   =     27837.0740  DIHED      =     32860.7884
 1-4 NB =     12409.1669  1-4 EEL =    135218.9988  VDWAALS    =    153095.3868
 EELEC  =  -1651537.4874  EHBOND  =         0.0000  RESTRAINT  =         0.0000
 EKCMT  =    112163.4283  VIRIAL  =    114586.1336  VOLUME     =   4335217.2059
                                                    Density    =         1.0087
 ------------------------------------------------------------------------------


 NSTEP = 16000000   TIME(PS) =   82575.000  TEMP(K) =   300.54  PRESS =    30.4
 Etot   =  -1016570.2840  EKtot   =    263693.0938  EPtot      =  -1280263.3777
 BOND   =     10559.2187  ANGLE   =     27684.8901  DIHED      =     32784.8217
 1-4 NB =     12384.8977  1-4 EEL =    135168.0731  VDWAALS    =    153679.0705
 EELEC  =  -1652524.3495  EHBOND  =         0.0000  RESTRAINT  =         0.0000
 EKCMT  =    112277.0329  VIRIAL  =    109434.3065  VOLUME     =   4333387.9119
                                                    Density    =         1.0091
 ------------------------------------------------------------------------------


 NSTEP = 16050000   TIME(PS) =   82675.000  TEMP(K) =   299.77  PRESS =  -136.2
 Etot   =  -1016979.8695  EKtot   =    263022.1250  EPtot      =  -1280001.9945
 BOND   =     10517.1683  ANGLE   =     27810.8488  DIHED      =     32781.6351
 1-4 NB =     12450.7167  1-4 EEL =    135409.6349  VDWAALS    =    151874.0494
 EELEC  =  -1650846.0477  EHBOND  =         0.0000  RESTRAINT  =         0.0000
 EKCMT  =    111977.4945  VIRIAL  =    124718.3175  VOLUME     =   4333822.2302
                                                    Density    =         1.0090
 ------------------------------------------------------------------------------


 NSTEP = 16100000   TIME(PS) =   82775.000  TEMP(K) =   300.35  PRESS =    59.5
 Etot   =  -1017143.5401  EKtot   =    263531.5000  EPtot      =  -1280675.0401
 BOND   =     10292.2347  ANGLE   =     27767.7759  DIHED      =     32758.5184
 1-4 NB =     12366.1316  1-4 EEL =    135158.8627  VDWAALS    =    152367.6302
 EELEC  =  -1651386.1937  EHBOND  =         0.0000  RESTRAINT  =         0.0000
 EKCMT  =    112136.7433  VIRIAL  =    106573.8210  VOLUME     =   4333019.1727
                                                    Density    =         1.0092
 ------------------------------------------------------------------------------


 NSTEP = 16150000   TIME(PS) =   82875.000  TEMP(K) =   299.40  PRESS =   -57.8
 Etot   =  -1018287.9301  EKtot   =    262690.5000  EPtot      =  -1280978.4301
 BOND   =     10407.0471  ANGLE   =     27716.9258  DIHED      =     32807.0859
 1-4 NB =     12413.8119  1-4 EEL =    135623.0027  VDWAALS    =    153287.0142
 EELEC  =  -1653233.3177  EHBOND  =         0.0000  RESTRAINT  =         0.0000
 EKCMT  =    111942.3239  VIRIAL  =    117345.9728  VOLUME     =   4331730.1654
                                                    Density    =         1.0095
 ------------------------------------------------------------------------------


 NSTEP = 16200000   TIME(PS) =   82975.000  TEMP(K) =   299.45  PRESS =    38.4
 Etot   =  -1017059.6210  EKtot   =    262741.7500  EPtot      =  -1279801.3710
 BOND   =     10486.3404  ANGLE   =     28095.4474  DIHED      =     32821.7120
 1-4 NB =     12349.4142  1-4 EEL =    135113.3650  VDWAALS    =    153411.5674
 EELEC  =  -1652079.2174  EHBOND  =         0.0000  RESTRAINT  =         0.0000
 EKCMT  =    112042.6635  VIRIAL  =    108446.5647  VOLUME     =   4332517.9778
                                                    Density    =         1.0093
 ------------------------------------------------------------------------------


 NSTEP = 16250000   TIME(PS) =   83075.000  TEMP(K) =   299.67  PRESS =   102.8
 Etot   =  -1017891.9180  EKtot   =    262926.5938  EPtot      =  -1280818.5117
 BOND   =     10444.5998  ANGLE   =     27971.7120  DIHED      =     32928.0428
 1-4 NB =     12371.0225  1-4 EEL =    135086.2844  VDWAALS    =    153230.1444
 EELEC  =  -1652850.3176  EHBOND  =         0.0000  RESTRAINT  =         0.0000
 EKCMT  =    111787.9095  VIRIAL  =    102165.8920  VOLUME     =   4334287.4416
                                                    Density    =         1.0089
 ------------------------------------------------------------------------------


 NSTEP = 16300000   TIME(PS) =   83175.000  TEMP(K) =   300.56  PRESS =   -15.2
 Etot   =  -1015683.4624  EKtot   =    263708.8438  EPtot      =  -1279392.3062
 BOND   =     10416.3014  ANGLE   =     28063.9408  DIHED      =     32973.3017
 1-4 NB =     12334.6973  1-4 EEL =    135174.5973  VDWAALS    =    152482.1784
 EELEC  =  -1650837.3231  EHBOND  =         0.0000  RESTRAINT  =         0.0000
 EKCMT  =    112238.1883  VIRIAL  =    113658.6348  VOLUME     =   4333441.6508
                                                    Density    =         1.0091
 ------------------------------------------------------------------------------


 NSTEP = 16350000   TIME(PS) =   83275.000  TEMP(K) =   300.23  PRESS =     7.7
 Etot   =  -1016802.4327  EKtot   =    263421.6250  EPtot      =  -1280224.0577
 BOND   =     10340.1549  ANGLE   =     27780.3338  DIHED      =     32699.3358
 1-4 NB =     12384.7296  1-4 EEL =    135147.7068  VDWAALS    =    152460.5544
 EELEC  =  -1651036.8731  EHBOND  =         0.0000  RESTRAINT  =         0.0000
 EKCMT  =    112302.4333  VIRIAL  =    111582.6942  VOLUME     =   4335546.6170
                                                    Density    =         1.0086
 ------------------------------------------------------------------------------


 NSTEP = 16400000   TIME(PS) =   83375.000  TEMP(K) =   299.55  PRESS =    61.8
 Etot   =  -1018675.2441  EKtot   =    262827.4375  EPtot      =  -1281502.6816
 BOND   =     10443.9188  ANGLE   =     27771.2728  DIHED      =     32815.9651
 1-4 NB =     12368.1363  1-4 EEL =    135358.9366  VDWAALS    =    153021.6505
 EELEC  =  -1653282.5617  EHBOND  =         0.0000  RESTRAINT  =         0.0000
 EKCMT  =    112007.7129  VIRIAL  =    106226.1305  VOLUME     =   4334117.4174
                                                    Density    =         1.0089
 ------------------------------------------------------------------------------


 NSTEP = 16450000   TIME(PS) =   83475.000  TEMP(K) =   299.29  PRESS =   -93.1
 Etot   =  -1018154.9641  EKtot   =    262598.3438  EPtot      =  -1280753.3078
 BOND   =     10394.5966  ANGLE   =     27776.3673  DIHED      =     32819.9873
 1-4 NB =     12246.8343  1-4 EEL =    135254.4238  VDWAALS    =    151462.4201
 EELEC  =  -1650707.9372  EHBOND  =         0.0000  RESTRAINT  =         0.0000
 EKCMT  =    112002.7667  VIRIAL  =    120712.8538  VOLUME     =   4333501.8029
                                                    Density    =         1.0091
 ------------------------------------------------------------------------------


 NSTEP = 16500000   TIME(PS) =   83575.000  TEMP(K) =   300.39  PRESS =   -63.8
 Etot   =  -1017059.2174  EKtot   =    263560.2500  EPtot      =  -1280619.4674
 BOND   =     10541.8337  ANGLE   =     27848.7504  DIHED      =     32742.9158
 1-4 NB =     12309.8922  1-4 EEL =    135217.0316  VDWAALS    =    152739.5319
 EELEC  =  -1652019.4230  EHBOND  =         0.0000  RESTRAINT  =         0.0000
 EKCMT  =    112125.4122  VIRIAL  =    118092.5328  VOLUME     =   4332668.9027
                                                    Density    =         1.0093
 ------------------------------------------------------------------------------


 NSTEP = 16550000   TIME(PS) =   83675.000  TEMP(K) =   299.16  PRESS =    42.1
 Etot   =  -1018130.5013  EKtot   =    262480.5625  EPtot      =  -1280611.0638
 BOND   =     10546.0359  ANGLE   =     27638.5229  DIHED      =     32840.6836
 1-4 NB =     12421.4607  1-4 EEL =    135488.3460  VDWAALS    =    152880.6390
 EELEC  =  -1652426.7519  EHBOND  =         0.0000  RESTRAINT  =         0.0000
 EKCMT  =    111814.1503  VIRIAL  =    107872.4872  VOLUME     =   4333369.6091
                                                    Density    =         1.0091
 ------------------------------------------------------------------------------


 NSTEP = 16600000   TIME(PS) =   83775.000  TEMP(K) =   299.79  PRESS =    45.2
 Etot   =  -1017778.8929  EKtot   =    263031.9375  EPtot      =  -1280810.8304
 BOND   =     10380.6135  ANGLE   =     27996.7322  DIHED      =     32798.3490
 1-4 NB =     12328.9497  1-4 EEL =    135336.2074  VDWAALS    =    153209.5146
 EELEC  =  -1652861.1967  EHBOND  =         0.0000  RESTRAINT  =         0.0000
 EKCMT  =    111912.7804  VIRIAL  =    107685.2976  VOLUME     =   4335569.7572
                                                    Density    =         1.0086
 ------------------------------------------------------------------------------


 NSTEP = 16650000   TIME(PS) =   83875.000  TEMP(K) =   299.51  PRESS =    16.0
 Etot   =  -1017029.5160  EKtot   =    262789.4688  EPtot      =  -1279818.9847
 BOND   =     10637.3483  ANGLE   =     27989.4774  DIHED      =     32757.2254
 1-4 NB =     12431.1734  1-4 EEL =    134942.5211  VDWAALS    =    152500.6452
 EELEC  =  -1651077.3756  EHBOND  =         0.0000  RESTRAINT  =         0.0000
 EKCMT  =    111562.0008  VIRIAL  =    110066.0543  VOLUME     =   4333420.5828
                                                    Density    =         1.0091
 ------------------------------------------------------------------------------


 NSTEP = 16700000   TIME(PS) =   83975.000  TEMP(K) =   299.46  PRESS =    82.6
 Etot   =  -1017408.0803  EKtot   =    262746.2812  EPtot      =  -1280154.3616
 BOND   =     10558.6024  ANGLE   =     27830.6306  DIHED      =     32926.6019
 1-4 NB =     12383.5442  1-4 EEL =    135130.9191  VDWAALS    =    153174.3798
 EELEC  =  -1652159.0397  EHBOND  =         0.0000  RESTRAINT  =         0.0000
 EKCMT  =    111744.7272  VIRIAL  =    104019.0074  VOLUME     =   4332163.2645
                                                    Density    =         1.0094
 ------------------------------------------------------------------------------


 NSTEP = 16750000   TIME(PS) =   84075.000  TEMP(K) =   299.28  PRESS =   -66.2
 Etot   =  -1017714.1674  EKtot   =    262588.5938  EPtot      =  -1280302.7611
 BOND   =     10536.1535  ANGLE   =     27848.0069  DIHED      =     32812.5106
 1-4 NB =     12384.5845  1-4 EEL =    135101.0120  VDWAALS    =    151930.1785
 EELEC  =  -1650915.2071  EHBOND  =         0.0000  RESTRAINT  =         0.0000
 EKCMT  =    111740.1276  VIRIAL  =    117932.7334  VOLUME     =   4332224.1424
                                                    Density    =         1.0094
 ------------------------------------------------------------------------------


 NSTEP = 16800000   TIME(PS) =   84175.000  TEMP(K) =   299.53  PRESS =    -6.5
 Etot   =  -1017324.5832  EKtot   =    262805.3125  EPtot      =  -1280129.8957
 BOND   =     10416.3341  ANGLE   =     27937.9299  DIHED      =     32703.7317
 1-4 NB =     12355.0720  1-4 EEL =    135044.6195  VDWAALS    =    152472.3949
 EELEC  =  -1651059.9779  EHBOND  =         0.0000  RESTRAINT  =         0.0000
 EKCMT  =    111864.1775  VIRIAL  =    112475.7375  VOLUME     =   4334930.6160
                                                    Density    =         1.0087
 ------------------------------------------------------------------------------


 NSTEP = 16850000   TIME(PS) =   84275.000  TEMP(K) =   299.56  PRESS =   100.3
 Etot   =  -1017007.2271  EKtot   =    262835.5938  EPtot      =  -1279842.8209
 BOND   =     10418.0148  ANGLE   =     28205.6855  DIHED      =     32750.2390
 1-4 NB =     12322.8637  1-4 EEL =    135057.6664  VDWAALS    =    153483.5703
 EELEC  =  -1652080.8606  EHBOND  =         0.0000  RESTRAINT  =         0.0000
 EKCMT  =    112356.9258  VIRIAL  =    102970.8283  VOLUME     =   4334871.2332
                                                    Density    =         1.0087
 ------------------------------------------------------------------------------


 NSTEP = 16900000   TIME(PS) =   84375.000  TEMP(K) =   299.62  PRESS =    26.7
 Etot   =  -1016423.0032  EKtot   =    262887.8750  EPtot      =  -1279310.8782
 BOND   =     10576.2801  ANGLE   =     28004.6993  DIHED      =     32785.0230
 1-4 NB =     12343.5627  1-4 EEL =    135421.3894  VDWAALS    =    152640.8510
 EELEC  =  -1651082.6837  EHBOND  =         0.0000  RESTRAINT  =         0.0000
 EKCMT  =    112031.8157  VIRIAL  =    109537.4047  VOLUME     =   4334565.9324
                                                    Density    =         1.0088
 ------------------------------------------------------------------------------


 NSTEP = 16950000   TIME(PS) =   84475.000  TEMP(K) =   299.17  PRESS =   -74.9
 Etot   =  -1017751.5882  EKtot   =    262495.0625  EPtot      =  -1280246.6507
 BOND   =     10467.8187  ANGLE   =     27864.6702  DIHED      =     32791.1189
 1-4 NB =     12388.2068  1-4 EEL =    135237.1308  VDWAALS    =    152421.9636
 EELEC  =  -1651417.5597  EHBOND  =         0.0000  RESTRAINT  =         0.0000
 EKCMT  =    111631.2605  VIRIAL  =    118640.3477  VOLUME     =   4331607.7715
                                                    Density    =         1.0095
 ------------------------------------------------------------------------------


 NSTEP = 17000000   TIME(PS) =   84575.000  TEMP(K) =   299.50  PRESS =    56.6
 Etot   =  -1017381.8295  EKtot   =    262784.6250  EPtot      =  -1280166.4545
 BOND   =     10397.3106  ANGLE   =     27676.3091  DIHED      =     32962.7047
 1-4 NB =     12317.4383  1-4 EEL =    135072.4104  VDWAALS    =    152682.3384
 EELEC  =  -1651274.9662  EHBOND  =         0.0000  RESTRAINT  =         0.0000
 EKCMT  =    112241.5448  VIRIAL  =    106952.4774  VOLUME     =   4331163.1172
                                                    Density    =         1.0096
 ------------------------------------------------------------------------------


 NSTEP = 17050000   TIME(PS) =   84675.000  TEMP(K) =   299.93  PRESS =    58.8
 Etot   =  -1018149.1554  EKtot   =    263161.5938  EPtot      =  -1281310.7492
 BOND   =     10226.9616  ANGLE   =     28036.9916  DIHED      =     32778.6388
 1-4 NB =     12343.0463  1-4 EEL =    134902.4736  VDWAALS    =    152668.0151
 EELEC  =  -1652266.8762  EHBOND  =         0.0000  RESTRAINT  =         0.0000
 EKCMT  =    111863.7657  VIRIAL  =    106365.9360  VOLUME     =   4332195.8873
                                                    Density    =         1.0094
 ------------------------------------------------------------------------------


 NSTEP = 17100000   TIME(PS) =   84775.000  TEMP(K) =   299.54  PRESS =    56.1
 Etot   =  -1018127.7574  EKtot   =    262819.3125  EPtot      =  -1280947.0699
 BOND   =     10314.0310  ANGLE   =     27754.0009  DIHED      =     32757.0120
 1-4 NB =     12369.8804  1-4 EEL =    135209.2031  VDWAALS    =    152349.4445
 EELEC  =  -1651700.6419  EHBOND  =         0.0000  RESTRAINT  =         0.0000
 EKCMT  =    112001.4869  VIRIAL  =    106757.4837  VOLUME     =   4332781.7448
                                                    Density    =         1.0092
 ------------------------------------------------------------------------------


 NSTEP = 17150000   TIME(PS) =   84875.000  TEMP(K) =   300.05  PRESS =    58.3
 Etot   =  -1016709.5578  EKtot   =    263265.9062  EPtot      =  -1279975.4641
 BOND   =     10351.8313  ANGLE   =     28078.7891  DIHED      =     32746.5128
 1-4 NB =     12344.2916  1-4 EEL =    135016.2839  VDWAALS    =    152183.7561
 EELEC  =  -1650696.9289  EHBOND  =         0.0000  RESTRAINT  =         0.0000
 EKCMT  =    111804.9592  VIRIAL  =    106347.4505  VOLUME     =   4337916.8294
                                                    Density    =         1.0080
 ------------------------------------------------------------------------------


 NSTEP = 17200000   TIME(PS) =   84975.000  TEMP(K) =   300.61  PRESS =   -62.1
 Etot   =  -1016472.2055  EKtot   =    263756.1875  EPtot      =  -1280228.3930
 BOND   =     10282.6135  ANGLE   =     28050.1956  DIHED      =     32941.1341
 1-4 NB =     12338.1120  1-4 EEL =    135009.1643  VDWAALS    =    151113.5197
 EELEC  =  -1649963.1322  EHBOND  =         0.0000  RESTRAINT  =         0.0000
 EKCMT  =    112190.8751  VIRIAL  =    118001.6702  VOLUME     =   4331623.9866
                                                    Density    =         1.0095
 ------------------------------------------------------------------------------


 NSTEP = 17250000   TIME(PS) =   85075.000  TEMP(K) =   300.29  PRESS =   -25.6
 Etot   =  -1015624.6491  EKtot   =    263474.6562  EPtot      =  -1279099.3054
 BOND   =     10518.3426  ANGLE   =     28001.4303  DIHED      =     32751.6974
 1-4 NB =     12415.2078  1-4 EEL =    134984.3219  VDWAALS    =    152200.3194
 EELEC  =  -1649970.6248  EHBOND  =         0.0000  RESTRAINT  =         0.0000
 EKCMT  =    111945.3110  VIRIAL  =    114337.1970  VOLUME     =   4334148.7497
                                                    Density    =         1.0089
 ------------------------------------------------------------------------------


 NSTEP = 17300000   TIME(PS) =   85175.000  TEMP(K) =   300.00  PRESS =    -7.4
 Etot   =  -1016786.9001  EKtot   =    263218.0625  EPtot      =  -1280004.9626
 BOND   =     10417.5675  ANGLE   =     28142.2070  DIHED      =     32886.3820
 1-4 NB =     12317.7142  1-4 EEL =    134885.9548  VDWAALS    =    152587.3094
 EELEC  =  -1651242.0975  EHBOND  =         0.0000  RESTRAINT  =         0.0000
 EKCMT  =    111683.2192  VIRIAL  =    112373.7776  VOLUME     =   4331518.3811
                                                    Density    =         1.0095
 ------------------------------------------------------------------------------


 NSTEP = 17350000   TIME(PS) =   85275.000  TEMP(K) =   299.51  PRESS =   -87.2
 Etot   =  -1017628.3788  EKtot   =    262792.5625  EPtot      =  -1280420.9413
 BOND   =     10445.5023  ANGLE   =     27796.1569  DIHED      =     32871.0057
 1-4 NB =     12353.5056  1-4 EEL =    135091.2187  VDWAALS    =    151112.1751
 EELEC  =  -1650090.5056  EHBOND  =         0.0000  RESTRAINT  =         0.0000
 EKCMT  =    111977.0964  VIRIAL  =    120135.3951  VOLUME     =   4334110.0279
                                                    Density    =         1.0089
 ------------------------------------------------------------------------------


 NSTEP = 17400000   TIME(PS) =   85375.000  TEMP(K) =   300.01  PRESS =    94.8
 Etot   =  -1017580.3933  EKtot   =    263227.3438  EPtot      =  -1280807.7371
 BOND   =     10485.3405  ANGLE   =     27776.4672  DIHED      =     32875.2989
 1-4 NB =     12325.7522  1-4 EEL =    134867.3741  VDWAALS    =    152939.6788
 EELEC  =  -1652077.6488  EHBOND  =         0.0000  RESTRAINT  =         0.0000
 EKCMT  =    111997.3346  VIRIAL  =    103129.7973  VOLUME     =   4334181.4437
                                                    Density    =         1.0089
 ------------------------------------------------------------------------------


 NSTEP = 17450000   TIME(PS) =   85475.000  TEMP(K) =   300.30  PRESS =    29.5
 Etot   =  -1017289.9619  EKtot   =    263485.5938  EPtot      =  -1280775.5557
 BOND   =     10296.8403  ANGLE   =     27738.4262  DIHED      =     32889.4437
 1-4 NB =     12434.9779  1-4 EEL =    135285.3420  VDWAALS    =    153174.2797
 EELEC  =  -1652594.8655  EHBOND  =         0.0000  RESTRAINT  =         0.0000
 EKCMT  =    112095.6846  VIRIAL  =    109333.6407  VOLUME     =   4335538.0749
                                                    Density    =         1.0086
 ------------------------------------------------------------------------------


 NSTEP = 17500000   TIME(PS) =   85575.000  TEMP(K) =   299.68  PRESS =    17.5
 Etot   =  -1017881.7735  EKtot   =    262939.8750  EPtot      =  -1280821.6485
 BOND   =     10319.2282  ANGLE   =     27940.6249  DIHED      =     32770.6238
 1-4 NB =     12306.5480  1-4 EEL =    134849.8509  VDWAALS    =    152629.8347
 EELEC  =  -1651638.3591  EHBOND  =         0.0000  RESTRAINT  =         0.0000
 EKCMT  =    111681.8305  VIRIAL  =    110043.0816  VOLUME     =   4332180.9525
                                                    Density    =         1.0094
 ------------------------------------------------------------------------------


 NSTEP = 17550000   TIME(PS) =   85675.000  TEMP(K) =   299.72  PRESS =    40.1
 Etot   =  -1016025.7055  EKtot   =    262972.9688  EPtot      =  -1278998.6742
 BOND   =     10289.5503  ANGLE   =     28084.4520  DIHED      =     32778.6926
 1-4 NB =     12411.9500  1-4 EEL =    135118.4457  VDWAALS    =    152675.4157
 EELEC  =  -1650357.1805  EHBOND  =         0.0000  RESTRAINT  =         0.0000
 EKCMT  =    111973.1584  VIRIAL  =    108218.8914  VOLUME     =   4336142.0910
                                                    Density    =         1.0084
 ------------------------------------------------------------------------------


 NSTEP = 17600000   TIME(PS) =   85775.000  TEMP(K) =   299.95  PRESS =    23.2
 Etot   =  -1017515.2423  EKtot   =    263179.6250  EPtot      =  -1280694.8673
 BOND   =     10518.9998  ANGLE   =     27940.9618  DIHED      =     32803.3299
 1-4 NB =     12290.0955  1-4 EEL =    135133.1866  VDWAALS    =    153178.2194
 EELEC  =  -1652559.6602  EHBOND  =         0.0000  RESTRAINT  =         0.0000
 EKCMT  =    111837.9985  VIRIAL  =    109667.8172  VOLUME     =   4333201.8760
                                                    Density    =         1.0091
 ------------------------------------------------------------------------------


 NSTEP = 17650000   TIME(PS) =   85875.000  TEMP(K) =   299.75  PRESS =    65.3
 Etot   =  -1016909.7706  EKtot   =    262996.8750  EPtot      =  -1279906.6456
 BOND   =     10472.1543  ANGLE   =     28124.7752  DIHED      =     32842.3786
 1-4 NB =     12369.4714  1-4 EEL =    134857.3819  VDWAALS    =    153643.6356
 EELEC  =  -1652216.4425  EHBOND  =         0.0000  RESTRAINT  =         0.0000
 EKCMT  =    112175.4902  VIRIAL  =    106069.4936  VOLUME     =   4332495.9999
                                                    Density    =         1.0093
 ------------------------------------------------------------------------------


 NSTEP = 17700000   TIME(PS) =   85975.000  TEMP(K) =   299.89  PRESS =    -0.7
 Etot   =  -1016412.9115  EKtot   =    263119.6250  EPtot      =  -1279532.5365
 BOND   =     10462.9343  ANGLE   =     27998.8653  DIHED      =     32679.2805
 1-4 NB =     12323.4128  1-4 EEL =    135022.7471  VDWAALS    =    152262.6976
 EELEC  =  -1650282.4741  EHBOND  =         0.0000  RESTRAINT  =         0.0000
 EKCMT  =    111948.5161  VIRIAL  =    112010.3067  VOLUME     =   4335022.7945
                                                    Density    =         1.0087
 ------------------------------------------------------------------------------


 NSTEP = 17750000   TIME(PS) =   86075.000  TEMP(K) =   300.56  PRESS =    14.7
 Etot   =  -1016767.4567  EKtot   =    263709.1250  EPtot      =  -1280476.5817
 BOND   =     10403.4598  ANGLE   =     28104.2592  DIHED      =     32718.7643
 1-4 NB =     12363.8596  1-4 EEL =    134970.4128  VDWAALS    =    152578.3781
 EELEC  =  -1651615.7155  EHBOND  =         0.0000  RESTRAINT  =         0.0000
 EKCMT  =    112337.6748  VIRIAL  =    110962.3565  VOLUME     =   4333322.4875
                                                    Density    =         1.0091
 ------------------------------------------------------------------------------


 NSTEP = 17800000   TIME(PS) =   86175.000  TEMP(K) =   299.45  PRESS =   -30.5
 Etot   =  -1018336.0189  EKtot   =    262735.0000  EPtot      =  -1281071.0189
 BOND   =     10521.1304  ANGLE   =     27964.4911  DIHED      =     32854.4271
 1-4 NB =     12281.4146  1-4 EEL =    135042.2994  VDWAALS    =    152348.8309
 EELEC  =  -1652083.6123  EHBOND  =         0.0000  RESTRAINT  =         0.0000
 EKCMT  =    111663.2592  VIRIAL  =    114519.7558  VOLUME     =   4330805.2007
                                                    Density    =         1.0097
 ------------------------------------------------------------------------------


 NSTEP = 17850000   TIME(PS) =   86275.000  TEMP(K) =   300.44  PRESS =   -14.9
 Etot   =  -1016760.8016  EKtot   =    263608.9375  EPtot      =  -1280369.7391
 BOND   =     10420.4176  ANGLE   =     27718.4776  DIHED      =     32957.4181
 1-4 NB =     12348.4183  1-4 EEL =    135103.4054  VDWAALS    =    152537.4778
 EELEC  =  -1651455.3540  EHBOND  =         0.0000  RESTRAINT  =         0.0000
 EKCMT  =    112284.7155  VIRIAL  =    113677.3793  VOLUME     =   4331561.0328
                                                    Density    =         1.0095
 ------------------------------------------------------------------------------


 NSTEP = 17900000   TIME(PS) =   86375.000  TEMP(K) =   299.37  PRESS =   -13.8
 Etot   =  -1017609.0191  EKtot   =    262664.3438  EPtot      =  -1280273.3628
 BOND   =     10601.8353  ANGLE   =     28104.9311  DIHED      =     32763.5871
 1-4 NB =     12410.5066  1-4 EEL =    135113.4896  VDWAALS    =    152068.4955
 EELEC  =  -1651336.2081  EHBOND  =         0.0000  RESTRAINT  =         0.0000
 EKCMT  =    111771.0234  VIRIAL  =    113058.4714  VOLUME     =   4333695.4985
                                                    Density    =         1.0090
 ------------------------------------------------------------------------------


 NSTEP = 17950000   TIME(PS) =   86475.000  TEMP(K) =   300.87  PRESS =   -46.3
 Etot   =  -1016562.6226  EKtot   =    263986.1562  EPtot      =  -1280548.7788
 BOND   =     10428.8983  ANGLE   =     27742.2194  DIHED      =     32767.2120
 1-4 NB =     12396.2594  1-4 EEL =    134927.0019  VDWAALS    =    151901.3449
 EELEC  =  -1650711.7148  EHBOND  =         0.0000  RESTRAINT  =         0.0000
 EKCMT  =    113047.2207  VIRIAL  =    117383.1663  VOLUME     =   4334650.8454
                                                    Density    =         1.0088
 ------------------------------------------------------------------------------


 NSTEP = 18000000   TIME(PS) =   86575.000  TEMP(K) =   299.70  PRESS =   -28.2
 Etot   =  -1018421.5522  EKtot   =    262956.7500  EPtot      =  -1281378.3022
 BOND   =     10426.9206  ANGLE   =     27952.9637  DIHED      =     32736.0745
 1-4 NB =     12414.6656  1-4 EEL =    135285.5827  VDWAALS    =    152866.2674
 EELEC  =  -1653060.7767  EHBOND  =         0.0000  RESTRAINT  =         0.0000
 EKCMT  =    112293.1470  VIRIAL  =    114932.3002  VOLUME     =   4332704.3658
                                                    Density    =         1.0092
 ------------------------------------------------------------------------------


 NSTEP = 18050000   TIME(PS) =   86675.000  TEMP(K) =   300.45  PRESS =   -76.2
 Etot   =  -1017420.7034  EKtot   =    263612.2500  EPtot      =  -1281032.9534
 BOND   =     10354.8459  ANGLE   =     27748.4851  DIHED      =     32789.6666
 1-4 NB =     12363.9999  1-4 EEL =    135236.2214  VDWAALS    =    152181.1156
 EELEC  =  -1651707.2879  EHBOND  =         0.0000  RESTRAINT  =         0.0000
 EKCMT  =    112665.6091  VIRIAL  =    119792.3395  VOLUME     =   4331566.4051
                                                    Density    =         1.0095
 ------------------------------------------------------------------------------


 NSTEP = 18100000   TIME(PS) =   86775.000  TEMP(K) =   300.04  PRESS =   -19.2
 Etot   =  -1017474.3248  EKtot   =    263254.6250  EPtot      =  -1280728.9498
 BOND   =     10515.0555  ANGLE   =     27802.0380  DIHED      =     32850.1797
 1-4 NB =     12350.7892  1-4 EEL =    135326.8071  VDWAALS    =    152481.1766
 EELEC  =  -1652054.9959  EHBOND  =         0.0000  RESTRAINT  =         0.0000
 EKCMT  =    112158.9144  VIRIAL  =    113953.4111  VOLUME     =   4333862.3823
                                                    Density    =         1.0090
 ------------------------------------------------------------------------------


 NSTEP = 18150000   TIME(PS) =   86875.000  TEMP(K) =   299.97  PRESS =    13.5
 Etot   =  -1016952.0461  EKtot   =    263191.7500  EPtot      =  -1280143.7961
 BOND   =     10663.2973  ANGLE   =     27824.6425  DIHED      =     32771.0612
 1-4 NB =     12341.6932  1-4 EEL =    134898.6298  VDWAALS    =    152941.8652
 EELEC  =  -1651584.9853  EHBOND  =         0.0000  RESTRAINT  =         0.0000
 EKCMT  =    111980.5440  VIRIAL  =    110718.5038  VOLUME     =   4334442.3641
                                                    Density    =         1.0088
 ------------------------------------------------------------------------------


 NSTEP = 18200000   TIME(PS) =   86975.000  TEMP(K) =   299.93  PRESS =    48.7
 Etot   =  -1017139.9628  EKtot   =    263156.2188  EPtot      =  -1280296.1816
 BOND   =     10491.5132  ANGLE   =     27958.2249  DIHED      =     32723.6429
 1-4 NB =     12333.5260  1-4 EEL =    135070.6331  VDWAALS    =    153003.2885
 EELEC  =  -1651877.0103  EHBOND  =         0.0000  RESTRAINT  =         0.0000
 EKCMT  =    112554.3203  VIRIAL  =    107996.0939  VOLUME     =   4334970.0069
                                                    Density    =         1.0087
 ------------------------------------------------------------------------------


 NSTEP = 18250000   TIME(PS) =   87075.000  TEMP(K) =   299.67  PRESS =    10.3
 Etot   =  -1017254.8162  EKtot   =    262929.3438  EPtot      =  -1280184.1599
 BOND   =     10481.8917  ANGLE   =     27945.9174  DIHED      =     32766.3326
 1-4 NB =     12362.9949  1-4 EEL =    135047.7895  VDWAALS    =    153415.4614
 EELEC  =  -1652204.5474  EHBOND  =         0.0000  RESTRAINT  =         0.0000
 EKCMT  =    112097.4141  VIRIAL  =    111134.9060  VOLUME     =   4335406.4940
                                                    Density    =         1.0086
 ------------------------------------------------------------------------------


 NSTEP = 18300000   TIME(PS) =   87175.000  TEMP(K) =   299.36  PRESS =     8.4
 Etot   =  -1017542.3543  EKtot   =    262656.2500  EPtot      =  -1280198.6043
 BOND   =     10439.8317  ANGLE   =     27865.4652  DIHED      =     32684.1408
 1-4 NB =     12404.6955  1-4 EEL =    134999.9324  VDWAALS    =    152539.9144
 EELEC  =  -1651132.5842  EHBOND  =         0.0000  RESTRAINT  =         0.0000
 EKCMT  =    112015.0109  VIRIAL  =    111226.0656  VOLUME     =   4333270.0751
                                                    Density    =         1.0091
 ------------------------------------------------------------------------------


 NSTEP = 18350000   TIME(PS) =   87275.000  TEMP(K) =   299.75  PRESS =   -32.0
 Etot   =  -1017097.4504  EKtot   =    263003.8438  EPtot      =  -1280101.2941
 BOND   =     10514.3580  ANGLE   =     27866.5042  DIHED      =     32867.0556
 1-4 NB =     12408.2984  1-4 EEL =    134927.6996  VDWAALS    =    152628.7392
 EELEC  =  -1651313.9491  EHBOND  =         0.0000  RESTRAINT  =         0.0000
 EKCMT  =    111976.3087  VIRIAL  =    114974.0257  VOLUME     =   4334605.5474
                                                    Density    =         1.0088
 ------------------------------------------------------------------------------


 NSTEP = 18400000   TIME(PS) =   87375.000  TEMP(K) =   299.38  PRESS =    77.1
 Etot   =  -1017468.0917  EKtot   =    262677.4062  EPtot      =  -1280145.4979
 BOND   =     10404.7991  ANGLE   =     28036.3392  DIHED      =     32873.5672
 1-4 NB =     12359.0015  1-4 EEL =    135150.0182  VDWAALS    =    153302.4808
 EELEC  =  -1652271.7040  EHBOND  =         0.0000  RESTRAINT  =         0.0000
 EKCMT  =    111715.9123  VIRIAL  =    104504.5384  VOLUME     =   4333558.9941
                                                    Density    =         1.0090
 ------------------------------------------------------------------------------


 NSTEP = 18450000   TIME(PS) =   87475.000  TEMP(K) =   300.83  PRESS =     7.8
 Etot   =  -1015727.5550  EKtot   =    263948.5000  EPtot      =  -1279676.0550
 BOND   =     10462.8144  ANGLE   =     28028.1264  DIHED      =     32882.9084
 1-4 NB =     12276.0912  1-4 EEL =    135270.7732  VDWAALS    =    152366.2171
 EELEC  =  -1650962.9857  EHBOND  =         0.0000  RESTRAINT  =         0.0000
 EKCMT  =    112040.7222  VIRIAL  =    111306.5754  VOLUME     =   4334332.6270
                                                    Density    =         1.0089
 ------------------------------------------------------------------------------


 NSTEP = 18500000   TIME(PS) =   87575.000  TEMP(K) =   299.74  PRESS =   -38.7
 Etot   =  -1017642.3929  EKtot   =    262989.1562  EPtot      =  -1280631.5492
 BOND   =     10454.7129  ANGLE   =     27952.5016  DIHED      =     32789.7781
 1-4 NB =     12306.8622  1-4 EEL =    134921.6436  VDWAALS    =    153102.6568
 EELEC  =  -1652159.7044  EHBOND  =         0.0000  RESTRAINT  =         0.0000
 EKCMT  =    112124.3621  VIRIAL  =    115743.8583  VOLUME     =   4333522.6942
                                                    Density    =         1.0091
 ------------------------------------------------------------------------------


 NSTEP = 18550000   TIME(PS) =   87675.000  TEMP(K) =   300.26  PRESS =   -20.0
 Etot   =  -1017197.0147  EKtot   =    263444.8750  EPtot      =  -1280641.8897
 BOND   =     10602.2600  ANGLE   =     27862.3948  DIHED      =     32851.2748
 1-4 NB =     12340.1003  1-4 EEL =    135087.5098  VDWAALS    =    152783.6633
 EELEC  =  -1652169.0926  EHBOND  =         0.0000  RESTRAINT  =         0.0000
 EKCMT  =    112196.5487  VIRIAL  =    114069.3433  VOLUME     =   4332861.2452
                                                    Density    =         1.0092
 ------------------------------------------------------------------------------


 NSTEP = 18600000   TIME(PS) =   87775.000  TEMP(K) =   299.72  PRESS =    15.0
 Etot   =  -1017509.9129  EKtot   =    262975.0312  EPtot      =  -1280484.9441
 BOND   =     10508.4316  ANGLE   =     27850.7861  DIHED      =     32710.1579
 1-4 NB =     12423.7323  1-4 EEL =    135078.9607  VDWAALS    =    152963.6560
 EELEC  =  -1652020.6687  EHBOND  =         0.0000  RESTRAINT  =         0.0000
 EKCMT  =    112129.9112  VIRIAL  =    110726.2938  VOLUME     =   4333393.1956
                                                    Density    =         1.0091
 ------------------------------------------------------------------------------


 NSTEP = 18650000   TIME(PS) =   87875.000  TEMP(K) =   299.77  PRESS =  -116.0
 Etot   =  -1017507.3219  EKtot   =    263019.9062  EPtot      =  -1280527.2282
 BOND   =     10524.5488  ANGLE   =     27856.5755  DIHED      =     32773.5227
 1-4 NB =     12353.2894  1-4 EEL =    135158.2096  VDWAALS    =    152548.7888
 EELEC  =  -1651742.1630  EHBOND  =         0.0000  RESTRAINT  =         0.0000
 EKCMT  =    112000.4550  VIRIAL  =    122857.0103  VOLUME     =   4336304.4849
                                                    Density    =         1.0084
 ------------------------------------------------------------------------------


 NSTEP = 18700000   TIME(PS) =   87975.000  TEMP(K) =   300.05  PRESS =   -51.2
 Etot   =  -1017438.2835  EKtot   =    263268.2500  EPtot      =  -1280706.5335
 BOND   =     10464.8038  ANGLE   =     28004.4218  DIHED      =     32703.3508
 1-4 NB =     12385.3918  1-4 EEL =    135395.7128  VDWAALS    =    152355.0789
 EELEC  =  -1652015.2934  EHBOND  =         0.0000  RESTRAINT  =         0.0000
 EKCMT  =    111945.6972  VIRIAL  =    116732.6643  VOLUME     =   4330301.4263
                                                    Density    =         1.0098
 ------------------------------------------------------------------------------


 NSTEP = 18750000   TIME(PS) =   88075.000  TEMP(K) =   299.90  PRESS =  -105.4
 Etot   =  -1017432.3124  EKtot   =    263135.0625  EPtot      =  -1280567.3749
 BOND   =     10433.5104  ANGLE   =     27871.5314  DIHED      =     32889.2396
 1-4 NB =     12365.0229  1-4 EEL =    135201.3891  VDWAALS    =    152018.4773
 EELEC  =  -1651346.5455  EHBOND  =         0.0000  RESTRAINT  =         0.0000
 EKCMT  =    111995.5507  VIRIAL  =    121852.3676  VOLUME     =   4333027.4968
                                                    Density    =         1.0092
 ------------------------------------------------------------------------------


 NSTEP = 18800000   TIME(PS) =   88175.000  TEMP(K) =   300.25  PRESS =   -18.2
 Etot   =  -1016969.4150  EKtot   =    263435.5625  EPtot      =  -1280404.9775
 BOND   =     10376.1907  ANGLE   =     27877.0668  DIHED      =     32866.3100
 1-4 NB =     12403.1870  1-4 EEL =    135330.2088  VDWAALS    =    152551.6018
 EELEC  =  -1651809.5426  EHBOND  =         0.0000  RESTRAINT  =         0.0000
 EKCMT  =    112223.1714  VIRIAL  =    113924.7293  VOLUME     =   4331156.7982
                                                    Density    =         1.0096
 ------------------------------------------------------------------------------


 NSTEP = 18850000   TIME(PS) =   88275.000  TEMP(K) =   300.00  PRESS =   -58.7
 Etot   =  -1016442.9497  EKtot   =    263220.0625  EPtot      =  -1279663.0122
 BOND   =     10464.9934  ANGLE   =     27908.3396  DIHED      =     32720.7140
 1-4 NB =     12419.4267  1-4 EEL =    135212.8821  VDWAALS    =    152219.1955
 EELEC  =  -1650608.5634  EHBOND  =         0.0000  RESTRAINT  =         0.0000
 EKCMT  =    112298.5241  VIRIAL  =    117794.1928  VOLUME     =   4333371.6613
                                                    Density    =         1.0091
 ------------------------------------------------------------------------------


 NSTEP = 18900000   TIME(PS) =   88375.000  TEMP(K) =   300.23  PRESS =   -49.9
 Etot   =  -1016973.0302  EKtot   =    263420.0625  EPtot      =  -1280393.0927
 BOND   =     10502.4383  ANGLE   =     28133.5750  DIHED      =     32918.5484
 1-4 NB =     12360.9841  1-4 EEL =    135217.9736  VDWAALS    =    151807.2665
 EELEC  =  -1651333.8786  EHBOND  =         0.0000  RESTRAINT  =         0.0000
 EKCMT  =    112294.3100  VIRIAL  =    116958.5024  VOLUME     =   4332916.7773
                                                    Density    =         1.0092
 ------------------------------------------------------------------------------


 NSTEP = 18950000   TIME(PS) =   88475.000  TEMP(K) =   299.87  PRESS =    60.8
 Etot   =  -1017682.6342  EKtot   =    263107.0625  EPtot      =  -1280789.6967
 BOND   =     10346.0788  ANGLE   =     27856.6253  DIHED      =     32777.6696
 1-4 NB =     12356.3331  1-4 EEL =    135196.5411  VDWAALS    =    153141.2052
 EELEC  =  -1652464.1497  EHBOND  =         0.0000  RESTRAINT  =         0.0000
 EKCMT  =    112101.1736  VIRIAL  =    106418.0013  VOLUME     =   4332588.7801
                                                    Density    =         1.0093
 ------------------------------------------------------------------------------


 NSTEP = 19000000   TIME(PS) =   88575.000  TEMP(K) =   299.89  PRESS =   -60.1
 Etot   =  -1017944.1832  EKtot   =    263126.0000  EPtot      =  -1281070.1832
 BOND   =     10461.5021  ANGLE   =     27817.5851  DIHED      =     32789.1647
 1-4 NB =     12405.5096  1-4 EEL =    135167.5005  VDWAALS    =    152573.7831
 EELEC  =  -1652285.2283  EHBOND  =         0.0000  RESTRAINT  =         0.0000
 EKCMT  =    111895.5896  VIRIAL  =    117524.6378  VOLUME     =   4334848.0328
                                                    Density    =         1.0087
 ------------------------------------------------------------------------------


 NSTEP = 19050000   TIME(PS) =   88675.000  TEMP(K) =   299.82  PRESS =   -36.0
 Etot   =  -1017697.3796  EKtot   =    263064.8750  EPtot      =  -1280762.2546
 BOND   =     10479.3297  ANGLE   =     27724.3980  DIHED      =     32784.4885
 1-4 NB =     12290.6125  1-4 EEL =    135307.4895  VDWAALS    =    152622.3949
 EELEC  =  -1651970.9678  EHBOND  =         0.0000  RESTRAINT  =         0.0000
 EKCMT  =    112132.4581  VIRIAL  =    115496.7940  VOLUME     =   4333294.8519
                                                    Density    =         1.0091
 ------------------------------------------------------------------------------


 NSTEP = 19100000   TIME(PS) =   88775.000  TEMP(K) =   300.66  PRESS =   -12.2
 Etot   =  -1017024.5767  EKtot   =    263798.5938  EPtot      =  -1280823.1704
 BOND   =     10583.1366  ANGLE   =     28054.9210  DIHED      =     32705.9572
 1-4 NB =     12292.6647  1-4 EEL =    135311.7700  VDWAALS    =    152958.1974
 EELEC  =  -1652729.8173  EHBOND  =         0.0000  RESTRAINT  =         0.0000
 EKCMT  =    112103.6490  VIRIAL  =    113241.3453  VOLUME     =   4334313.8945
                                                    Density    =         1.0089
 ------------------------------------------------------------------------------


 NSTEP = 19150000   TIME(PS) =   88875.000  TEMP(K) =   300.44  PRESS =    12.0
 Etot   =  -1016022.7858  EKtot   =    263609.6562  EPtot      =  -1279632.4421
 BOND   =     10505.2917  ANGLE   =     28166.5298  DIHED      =     32752.2783
 1-4 NB =     12442.2594  1-4 EEL =    135062.2221  VDWAALS    =    152534.4921
 EELEC  =  -1651095.5153  EHBOND  =         0.0000  RESTRAINT  =         0.0000
 EKCMT  =    112232.3292  VIRIAL  =    111105.5196  VOLUME     =   4333930.9446
                                                    Density    =         1.0090
 ------------------------------------------------------------------------------


 NSTEP = 19200000   TIME(PS) =   88975.000  TEMP(K) =   299.95  PRESS =   108.2
 Etot   =  -1018064.5356  EKtot   =    263173.3125  EPtot      =  -1281237.8481
 BOND   =     10491.7974  ANGLE   =     27700.8204  DIHED      =     32837.5419
 1-4 NB =     12372.9184  1-4 EEL =    135219.1413  VDWAALS    =    153265.5310
 EELEC  =  -1653125.5984  EHBOND  =         0.0000  RESTRAINT  =         0.0000
 EKCMT  =    112223.4256  VIRIAL  =    102111.4811  VOLUME     =   4329075.8329
                                                    Density    =         1.0101
 ------------------------------------------------------------------------------


 NSTEP = 19250000   TIME(PS) =   89075.000  TEMP(K) =   299.96  PRESS =   -14.6
 Etot   =  -1018353.2178  EKtot   =    263188.0000  EPtot      =  -1281541.2178
 BOND   =     10305.2977  ANGLE   =     27753.2066  DIHED      =     32824.6563
 1-4 NB =     12379.0832  1-4 EEL =    135116.7025  VDWAALS    =    153012.3965
 EELEC  =  -1652932.5607  EHBOND  =         0.0000  RESTRAINT  =         0.0000
 EKCMT  =    111626.5920  VIRIAL  =    112987.2657  VOLUME     =   4329607.6729
                                                    Density    =         1.0100
 ------------------------------------------------------------------------------


 NSTEP = 19300000   TIME(PS) =   89175.000  TEMP(K) =   300.29  PRESS =    20.7
 Etot   =  -1017059.8970  EKtot   =    263473.6250  EPtot      =  -1280533.5220
 BOND   =     10610.6733  ANGLE   =     28024.1804  DIHED      =     32730.5007
 1-4 NB =     12406.1922  1-4 EEL =    135098.4743  VDWAALS    =    152628.7335
 EELEC  =  -1652032.2764  EHBOND  =         0.0000  RESTRAINT  =         0.0000
 EKCMT  =    111926.0704  VIRIAL  =    109988.2469  VOLUME     =   4330419.6487
                                                    Density    =         1.0098
 ------------------------------------------------------------------------------


 NSTEP = 19350000   TIME(PS) =   89275.000  TEMP(K) =   299.89  PRESS =   -36.3
 Etot   =  -1017331.4286  EKtot   =    263119.5000  EPtot      =  -1280450.9286
 BOND   =     10510.0842  ANGLE   =     27939.9009  DIHED      =     32863.1136
 1-4 NB =     12285.1685  1-4 EEL =    135119.5933  VDWAALS    =    152387.2254
 EELEC  =  -1651556.0145  EHBOND  =         0.0000  RESTRAINT  =         0.0000
 EKCMT  =    111796.7402  VIRIAL  =    115188.8737  VOLUME     =   4332919.4085
                                                    Density    =         1.0092
 ------------------------------------------------------------------------------


 NSTEP = 19400000   TIME(PS) =   89375.000  TEMP(K) =   300.63  PRESS =     7.0
 Etot   =  -1016891.0566  EKtot   =    263770.1875  EPtot      =  -1280661.2441
 BOND   =     10396.6030  ANGLE   =     27843.9493  DIHED      =     32791.4912
 1-4 NB =     12354.6148  1-4 EEL =    135016.9361  VDWAALS    =    152262.2930
 EELEC  =  -1651327.1314  EHBOND  =         0.0000  RESTRAINT  =         0.0000
 EKCMT  =    112646.9334  VIRIAL  =    111994.3857  VOLUME     =   4329907.0338
                                                    Density    =         1.0099
 ------------------------------------------------------------------------------


 NSTEP = 19450000   TIME(PS) =   89475.000  TEMP(K) =   300.40  PRESS =   -43.8
 Etot   =  -1017249.6239  EKtot   =    263571.2188  EPtot      =  -1280820.8426
 BOND   =     10482.9948  ANGLE   =     28052.0793  DIHED      =     32724.4855
 1-4 NB =     12327.6122  1-4 EEL =    135054.9434  VDWAALS    =    153164.1384
 EELEC  =  -1652627.0962  EHBOND  =         0.0000  RESTRAINT  =         0.0000
 EKCMT  =    111902.0344  VIRIAL  =    115995.4112  VOLUME     =   4332974.4849
                                                    Density    =         1.0092
 ------------------------------------------------------------------------------


 NSTEP = 19500000   TIME(PS) =   89575.000  TEMP(K) =   299.90  PRESS =   114.6
 Etot   =  -1016108.1236  EKtot   =    263135.5000  EPtot      =  -1279243.6236
 BOND   =     10567.9083  ANGLE   =     27786.3532  DIHED      =     32851.7894
 1-4 NB =     12386.5087  1-4 EEL =    135249.1191  VDWAALS    =    153006.9290
 EELEC  =  -1651092.2312  EHBOND  =         0.0000  RESTRAINT  =         0.0000
 EKCMT  =    111983.9759  VIRIAL  =    101263.4076  VOLUME     =   4334164.6489
                                                    Density    =         1.0089
 ------------------------------------------------------------------------------


 NSTEP = 19550000   TIME(PS) =   89675.000  TEMP(K) =   299.82  PRESS =     7.8
 Etot   =  -1018567.7020  EKtot   =    263059.5625  EPtot      =  -1281627.2645
 BOND   =     10460.0048  ANGLE   =     27768.4249  DIHED      =     32842.8339
 1-4 NB =     12372.5288  1-4 EEL =    135205.6397  VDWAALS    =    152650.5775
 EELEC  =  -1652927.2740  EHBOND  =         0.0000  RESTRAINT  =         0.0000
 EKCMT  =    112070.0839  VIRIAL  =    111342.3417  VOLUME     =   4331994.9161
                                                    Density    =         1.0094
 ------------------------------------------------------------------------------


 NSTEP = 19600000   TIME(PS) =   89775.000  TEMP(K) =   299.48  PRESS =    32.6
 Etot   =  -1017643.6686  EKtot   =    262764.2500  EPtot      =  -1280407.9186
 BOND   =     10570.8572  ANGLE   =     27856.8755  DIHED      =     32914.4495
 1-4 NB =     12330.5995  1-4 EEL =    135178.4268  VDWAALS    =    152215.1548
 EELEC  =  -1651474.2819  EHBOND  =         0.0000  RESTRAINT  =         0.0000
 EKCMT  =    111775.5317  VIRIAL  =    108722.0814  VOLUME     =   4331829.5633
                                                    Density    =         1.0095
 ------------------------------------------------------------------------------


 NSTEP = 19650000   TIME(PS) =   89875.000  TEMP(K) =   299.61  PRESS =   -13.6
 Etot   =  -1016964.9426  EKtot   =    262882.0938  EPtot      =  -1279847.0363
 BOND   =     10433.3818  ANGLE   =     27902.0689  DIHED      =     32927.5635
 1-4 NB =     12305.0393  1-4 EEL =    134983.3374  VDWAALS    =    151974.3759
 EELEC  =  -1650372.8031  EHBOND  =         0.0000  RESTRAINT  =         0.0000
 EKCMT  =    112151.1631  VIRIAL  =    113423.9915  VOLUME     =   4332179.5805
                                                    Density    =         1.0094
 ------------------------------------------------------------------------------


 NSTEP = 19700000   TIME(PS) =   89975.000  TEMP(K) =   300.64  PRESS =   -76.8
 Etot   =  -1017375.0180  EKtot   =    263781.6250  EPtot      =  -1281156.6430
 BOND   =     10535.4091  ANGLE   =     27730.3958  DIHED      =     32778.8383
 1-4 NB =     12445.3981  1-4 EEL =    134940.1089  VDWAALS    =    152125.2034
 EELEC  =  -1651711.9965  EHBOND  =         0.0000  RESTRAINT  =         0.0000
 EKCMT  =    112146.3184  VIRIAL  =    119336.2113  VOLUME     =   4334931.3885
                                                    Density    =         1.0087
 ------------------------------------------------------------------------------


 NSTEP = 19750000   TIME(PS) =   90075.000  TEMP(K) =   299.05  PRESS =     5.5
 Etot   =  -1017979.0685  EKtot   =    262386.7500  EPtot      =  -1280365.8185
 BOND   =     10350.3084  ANGLE   =     27796.0553  DIHED      =     32726.2399
 1-4 NB =     12341.1939  1-4 EEL =    135085.7604  VDWAALS    =    152449.9232
 EELEC  =  -1651115.2996  EHBOND  =         0.0000  RESTRAINT  =         0.0000
 EKCMT  =    111932.5512  VIRIAL  =    111420.9782  VOLUME     =   4332514.2384
                                                    Density    =         1.0093
 ------------------------------------------------------------------------------


 NSTEP = 19800000   TIME(PS) =   90175.000  TEMP(K) =   299.98  PRESS =   -13.1
 Etot   =  -1017561.9106  EKtot   =    263201.1875  EPtot      =  -1280763.0981
 BOND   =     10443.8760  ANGLE   =     27928.6213  DIHED      =     32744.6256
 1-4 NB =     12305.5861  1-4 EEL =    135312.8952  VDWAALS    =    152312.2734
 EELEC  =  -1651810.9757  EHBOND  =         0.0000  RESTRAINT  =         0.0000
 EKCMT  =    111919.8977  VIRIAL  =    113143.6508  VOLUME     =   4333165.3942
                                                    Density    =         1.0091
 ------------------------------------------------------------------------------


 NSTEP = 19850000   TIME(PS) =   90275.000  TEMP(K) =   299.58  PRESS =   -55.1
 Etot   =  -1017490.2272  EKtot   =    262847.8125  EPtot      =  -1280338.0397
 BOND   =     10480.4546  ANGLE   =     28020.2075  DIHED      =     32871.1923
 1-4 NB =     12430.9070  1-4 EEL =    135071.5588  VDWAALS    =    152886.2829
 EELEC  =  -1652098.6428  EHBOND  =         0.0000  RESTRAINT  =         0.0000
 EKCMT  =    112385.2841  VIRIAL  =    117540.1363  VOLUME     =   4332393.5964
                                                    Density    =         1.0093
 ------------------------------------------------------------------------------


 NSTEP = 19900000   TIME(PS) =   90375.000  TEMP(K) =   299.83  PRESS =   -56.5
 Etot   =  -1018086.9335  EKtot   =    263072.0938  EPtot      =  -1281159.0272
 BOND   =     10571.1674  ANGLE   =     27525.1767  DIHED      =     32741.9913
 1-4 NB =     12358.5960  1-4 EEL =    135050.9236  VDWAALS    =    152454.3878
 EELEC  =  -1651861.2700  EHBOND  =         0.0000  RESTRAINT  =         0.0000
 EKCMT  =    112172.1582  VIRIAL  =    117458.0749  VOLUME     =   4330774.9815
                                                    Density    =         1.0097
 ------------------------------------------------------------------------------


 NSTEP = 19950000   TIME(PS) =   90475.000  TEMP(K) =   299.98  PRESS =     2.1
 Etot   =  -1017507.8814  EKtot   =    263202.9688  EPtot      =  -1280710.8501
 BOND   =     10436.2412  ANGLE   =     27953.8165  DIHED      =     32866.5603
 1-4 NB =     12408.1690  1-4 EEL =    135062.8075  VDWAALS    =    152547.6038
 EELEC  =  -1651986.0485  EHBOND  =         0.0000  RESTRAINT  =         0.0000
 EKCMT  =    112039.9960  VIRIAL  =    111844.9916  VOLUME     =   4329696.7193
                                                    Density    =         1.0099
 ------------------------------------------------------------------------------


 NSTEP = 20000000   TIME(PS) =   90575.000  TEMP(K) =   299.21  PRESS =   -21.5
 Etot   =  -1018175.1231  EKtot   =    262527.9688  EPtot      =  -1280703.0918
 BOND   =     10522.8113  ANGLE   =     27658.7470  DIHED      =     32836.5219
 1-4 NB =     12435.2831  1-4 EEL =    135231.4826  VDWAALS    =    153093.4392
 EELEC  =  -1652481.3768  EHBOND  =         0.0000  RESTRAINT  =         0.0000
 EKCMT  =    112056.5033  VIRIAL  =    114063.9747  VOLUME     =   4333594.2559
                                                    Density    =         1.0090
 ------------------------------------------------------------------------------


 NSTEP = 20050000   TIME(PS) =   90675.000  TEMP(K) =   300.38  PRESS =    39.5
 Etot   =  -1017610.7555  EKtot   =    263549.3438  EPtot      =  -1281160.0993
 BOND   =     10442.5214  ANGLE   =     27992.4142  DIHED      =     32789.0453
 1-4 NB =     12362.5656  1-4 EEL =    134946.4844  VDWAALS    =    152949.4955
 EELEC  =  -1652642.6257  EHBOND  =         0.0000  RESTRAINT  =         0.0000
 EKCMT  =    112189.5034  VIRIAL  =    108498.3150  VOLUME     =   4331954.3565
                                                    Density    =         1.0094
 ------------------------------------------------------------------------------


 NSTEP = 20100000   TIME(PS) =   90775.000  TEMP(K) =   299.49  PRESS =   -32.7
 Etot   =  -1018538.2880  EKtot   =    262769.4375  EPtot      =  -1281307.7255
 BOND   =     10449.2468  ANGLE   =     27817.3736  DIHED      =     32825.3929
 1-4 NB =     12380.8723  1-4 EEL =    135101.5045  VDWAALS    =    152525.6519
 EELEC  =  -1652407.7675  EHBOND  =         0.0000  RESTRAINT  =         0.0000
 EKCMT  =    112145.1512  VIRIAL  =    115200.1331  VOLUME     =   4332603.1227
                                                    Density    =         1.0093
 ------------------------------------------------------------------------------


 NSTEP = 20150000   TIME(PS) =   90875.000  TEMP(K) =   299.38  PRESS =   -52.7
 Etot   =  -1017707.0310  EKtot   =    262673.5312  EPtot      =  -1280380.5622
 BOND   =     10438.2869  ANGLE   =     27975.8628  DIHED      =     32844.6212
 1-4 NB =     12396.0818  1-4 EEL =    135114.3390  VDWAALS    =    151898.6106
 EELEC  =  -1651048.3647  EHBOND  =         0.0000  RESTRAINT  =         0.0000
 EKCMT  =    111555.8492  VIRIAL  =    116487.4372  VOLUME     =   4334264.9697
                                                    Density    =         1.0089
 ------------------------------------------------------------------------------


 NSTEP = 20200000   TIME(PS) =   90975.000  TEMP(K) =   300.38  PRESS =    -7.5
 Etot   =  -1016518.1577  EKtot   =    263557.8438  EPtot      =  -1280076.0014
 BOND   =     10389.4880  ANGLE   =     27939.7085  DIHED      =     32759.1741
 1-4 NB =     12402.2229  1-4 EEL =    134958.6274  VDWAALS    =    152097.4311
 EELEC  =  -1650622.6535  EHBOND  =         0.0000  RESTRAINT  =         0.0000
 EKCMT  =    112160.5005  VIRIAL  =    112866.2186  VOLUME     =   4334901.6400
                                                    Density    =         1.0087
 ------------------------------------------------------------------------------


 NSTEP = 20250000   TIME(PS) =   91075.000  TEMP(K) =   300.37  PRESS =    80.6
 Etot   =  -1017680.8404  EKtot   =    263543.0000  EPtot      =  -1281223.8404
 BOND   =     10383.9789  ANGLE   =     27763.5073  DIHED      =     32839.4067
 1-4 NB =     12332.6387  1-4 EEL =    135103.7216  VDWAALS    =    153216.9533
 EELEC  =  -1652864.0469  EHBOND  =         0.0000  RESTRAINT  =         0.0000
 EKCMT  =    112449.9274  VIRIAL  =    104910.0737  VOLUME     =   4332568.4700
                                                    Density    =         1.0093
 ------------------------------------------------------------------------------


 NSTEP = 20300000   TIME(PS) =   91175.000  TEMP(K) =   299.95  PRESS =    14.2
 Etot   =  -1016769.4627  EKtot   =    263172.5938  EPtot      =  -1279942.0565
 BOND   =     10524.1799  ANGLE   =     27783.0123  DIHED      =     32742.0479
 1-4 NB =     12456.6966  1-4 EEL =    135332.6818  VDWAALS    =    152119.2410
 EELEC  =  -1650899.9160  EHBOND  =         0.0000  RESTRAINT  =         0.0000
 EKCMT  =    112001.3537  VIRIAL  =    110672.9916  VOLUME     =   4334011.3526
                                                    Density    =         1.0089
 ------------------------------------------------------------------------------


 NSTEP = 20350000   TIME(PS) =   91275.000  TEMP(K) =   300.39  PRESS =    61.7
 Etot   =  -1017132.9138  EKtot   =    263566.4062  EPtot      =  -1280699.3201
 BOND   =     10388.5356  ANGLE   =     27891.8331  DIHED      =     32756.4959
 1-4 NB =     12390.1044  1-4 EEL =    135314.4998  VDWAALS    =    153452.6323
 EELEC  =  -1652893.4212  EHBOND  =         0.0000  RESTRAINT  =         0.0000
 EKCMT  =    112233.7179  VIRIAL  =    106456.2259  VOLUME     =   4335072.6923
                                                    Density    =         1.0087
 ------------------------------------------------------------------------------


 NSTEP = 20400000   TIME(PS) =   91375.000  TEMP(K) =   300.34  PRESS =   -15.7
 Etot   =  -1017212.8843  EKtot   =    263517.9375  EPtot      =  -1280730.8218
 BOND   =     10410.8476  ANGLE   =     27933.4949  DIHED      =     32837.0983
 1-4 NB =     12464.3221  1-4 EEL =    135383.7227  VDWAALS    =    152771.7469
 EELEC  =  -1652532.0543  EHBOND  =         0.0000  RESTRAINT  =         0.0000
 EKCMT  =    112272.9236  VIRIAL  =    113740.5388  VOLUME     =   4333214.7738
                                                    Density    =         1.0091
 ------------------------------------------------------------------------------


 NSTEP = 20450000   TIME(PS) =   91475.000  TEMP(K) =   300.17  PRESS =    10.4
 Etot   =  -1015724.0848  EKtot   =    263368.5625  EPtot      =  -1279092.6473
 BOND   =     10648.3477  ANGLE   =     28010.6693  DIHED      =     32805.1895
 1-4 NB =     12336.7954  1-4 EEL =    135061.1620  VDWAALS    =    151664.3900
 EELEC  =  -1649619.2012  EHBOND  =         0.0000  RESTRAINT  =         0.0000
 EKCMT  =    112230.8281  VIRIAL  =    111259.0351  VOLUME     =   4333477.0750
                                                    Density    =         1.0091
 ------------------------------------------------------------------------------


 NSTEP = 20500000   TIME(PS) =   91575.000  TEMP(K) =   299.71  PRESS =    27.5
 Etot   =  -1017709.5403  EKtot   =    262969.1875  EPtot      =  -1280678.7278
 BOND   =     10671.2418  ANGLE   =     27816.2561  DIHED      =     32777.5139
 1-4 NB =     12254.6396  1-4 EEL =    135146.4834  VDWAALS    =    152774.9961
 EELEC  =  -1652119.8587  EHBOND  =         0.0000  RESTRAINT  =         0.0000
 EKCMT  =    111670.8360  VIRIAL  =    109098.0555  VOLUME     =   4331191.5652
                                                    Density    =         1.0096
 ------------------------------------------------------------------------------


 NSTEP = 20550000   TIME(PS) =   91675.000  TEMP(K) =   300.97  PRESS =     9.0
 Etot   =  -1016278.4360  EKtot   =    264068.3438  EPtot      =  -1280346.7798
 BOND   =     10622.0227  ANGLE   =     27880.0002  DIHED      =     32783.3854
 1-4 NB =     12320.7087  1-4 EEL =    135276.2235  VDWAALS    =    153368.4125
 EELEC  =  -1652597.5327  EHBOND  =         0.0000  RESTRAINT  =         0.0000
 EKCMT  =    113041.0544  VIRIAL  =    112200.9717  VOLUME     =   4333088.3103
                                                    Density    =         1.0092
 ------------------------------------------------------------------------------


 NSTEP = 20600000   TIME(PS) =   91775.000  TEMP(K) =   300.28  PRESS =   -91.9
 Etot   =  -1017036.0281  EKtot   =    263468.1875  EPtot      =  -1280504.2156
 BOND   =     10503.8392  ANGLE   =     27972.4239  DIHED      =     32834.3309
 1-4 NB =     12323.2397  1-4 EEL =    134846.3980  VDWAALS    =    152140.7008
 EELEC  =  -1651125.1482  EHBOND  =         0.0000  RESTRAINT  =         0.0000
 EKCMT  =    112579.9850  VIRIAL  =    121177.5879  VOLUME     =   4332258.6251
                                                    Density    =         1.0094
 ------------------------------------------------------------------------------


 NSTEP = 20650000   TIME(PS) =   91875.000  TEMP(K) =   299.96  PRESS =   -27.0
 Etot   =  -1016533.3299  EKtot   =    263184.7812  EPtot      =  -1279718.1112
 BOND   =     10529.5404  ANGLE   =     27940.9721  DIHED      =     32753.2071
 1-4 NB =     12425.0992  1-4 EEL =    135316.2044  VDWAALS    =    151535.7869
 EELEC  =  -1650218.9212  EHBOND  =         0.0000  RESTRAINT  =         0.0000
 EKCMT  =    111866.0285  VIRIAL  =    114387.5819  VOLUME     =   4333116.8132
                                                    Density    =         1.0092
 ------------------------------------------------------------------------------


 NSTEP = 20700000   TIME(PS) =   91975.000  TEMP(K) =   299.80  PRESS =    61.5
 Etot   =  -1016628.8635  EKtot   =    263044.2500  EPtot      =  -1279673.1135
 BOND   =     10409.8862  ANGLE   =     28102.1978  DIHED      =     32984.2690
 1-4 NB =     12368.5298  1-4 EEL =    135197.6625  VDWAALS    =    152219.8794
 EELEC  =  -1650955.5381  EHBOND  =         0.0000  RESTRAINT  =         0.0000
 EKCMT  =    111896.3296  VIRIAL  =    106147.1781  VOLUME     =   4330306.6922
                                                    Density    =         1.0098
 ------------------------------------------------------------------------------


 NSTEP = 20750000   TIME(PS) =   92075.000  TEMP(K) =   300.39  PRESS =   -61.5
 Etot   =  -1015970.4985  EKtot   =    263560.0625  EPtot      =  -1279530.5610
 BOND   =     10640.6577  ANGLE   =     27968.1923  DIHED      =     32887.2424
 1-4 NB =     12335.1751  1-4 EEL =    135141.4746  VDWAALS    =    152091.9661
 EELEC  =  -1650595.2693  EHBOND  =         0.0000  RESTRAINT  =         0.0000
 EKCMT  =    112329.7473  VIRIAL  =    118084.0926  VOLUME     =   4333218.8238
                                                    Density    =         1.0091
 ------------------------------------------------------------------------------


 NSTEP = 20800000   TIME(PS) =   92175.000  TEMP(K) =   300.11  PRESS =   -79.0
 Etot   =  -1016489.2176  EKtot   =    263319.7500  EPtot      =  -1279808.9676
 BOND   =     10421.0609  ANGLE   =     27808.2630  DIHED      =     32772.3715
 1-4 NB =     12390.9290  1-4 EEL =    135377.0942  VDWAALS    =    152545.2885
 EELEC  =  -1651123.9747  EHBOND  =         0.0000  RESTRAINT  =         0.0000
 EKCMT  =    111868.6669  VIRIAL  =    119262.8114  VOLUME     =   4334279.5007
                                                    Density    =         1.0089
 ------------------------------------------------------------------------------


 NSTEP = 20850000   TIME(PS) =   92275.000  TEMP(K) =   300.01  PRESS =   -71.2
 Etot   =  -1017014.9436  EKtot   =    263227.1562  EPtot      =  -1280242.0999
 BOND   =     10617.0321  ANGLE   =     27940.9367  DIHED      =     32870.0343
 1-4 NB =     12306.3733  1-4 EEL =    135259.1088  VDWAALS    =    151780.1897
 EELEC  =  -1651015.7747  EHBOND  =         0.0000  RESTRAINT  =         0.0000
 EKCMT  =    112269.3588  VIRIAL  =    118932.6791  VOLUME     =   4332724.2080
                                                    Density    =         1.0092
 ------------------------------------------------------------------------------


 NSTEP = 20900000   TIME(PS) =   92375.000  TEMP(K) =   299.59  PRESS =   -84.8
 Etot   =  -1017394.1236  EKtot   =    262860.0000  EPtot      =  -1280254.1236
 BOND   =     10439.5244  ANGLE   =     27951.1176  DIHED      =     32888.4247
 1-4 NB =     12449.7226  1-4 EEL =    135360.9598  VDWAALS    =    151898.7975
 EELEC  =  -1651242.6701  EHBOND  =         0.0000  RESTRAINT  =         0.0000
 EKCMT  =    111569.3636  VIRIAL  =    119503.8961  VOLUME     =   4332427.8055
                                                    Density    =         1.0093
 ------------------------------------------------------------------------------


 NSTEP = 20950000   TIME(PS) =   92475.000  TEMP(K) =   299.53  PRESS =    54.4
 Etot   =  -1018093.2062  EKtot   =    262806.3750  EPtot      =  -1280899.5812
 BOND   =     10465.9103  ANGLE   =     28168.1169  DIHED      =     32821.6146
 1-4 NB =     12342.7131  1-4 EEL =    135235.7109  VDWAALS    =    152879.7108
 EELEC  =  -1652813.3578  EHBOND  =         0.0000  RESTRAINT  =         0.0000
 EKCMT  =    112004.0970  VIRIAL  =    106918.9536  VOLUME     =   4329849.1546
                                                    Density    =         1.0099
 ------------------------------------------------------------------------------


 NSTEP = 21000000   TIME(PS) =   92575.000  TEMP(K) =   299.83  PRESS =   -30.5
 Etot   =  -1017694.2327  EKtot   =    263070.7500  EPtot      =  -1280764.9827
 BOND   =     10548.4046  ANGLE   =     27922.2610  DIHED      =     32825.1852
 1-4 NB =     12287.7127  1-4 EEL =    135181.0691  VDWAALS    =    152945.8677
 EELEC  =  -1652475.4829  EHBOND  =         0.0000  RESTRAINT  =         0.0000
 EKCMT  =    111787.3486  VIRIAL  =    114640.8850  VOLUME     =   4333513.4764
                                                    Density    =         1.0091
 ------------------------------------------------------------------------------


 NSTEP = 21050000   TIME(PS) =   92675.000  TEMP(K) =   299.92  PRESS =    42.2
 Etot   =  -1017661.0083  EKtot   =    263148.6875  EPtot      =  -1280809.6958
 BOND   =     10507.9603  ANGLE   =     27832.2747  DIHED      =     32713.2055
 1-4 NB =     12447.1058  1-4 EEL =    135243.8776  VDWAALS    =    153316.0372
 EELEC  =  -1652870.1570  EHBOND  =         0.0000  RESTRAINT  =         0.0000
 EKCMT  =    111816.7021  VIRIAL  =    107872.8086  VOLUME     =   4332950.5029
                                                    Density    =         1.0092
 ------------------------------------------------------------------------------


 NSTEP = 21100000   TIME(PS) =   92775.000  TEMP(K) =   300.62  PRESS =   -28.3
 Etot   =  -1016307.0554  EKtot   =    263768.4375  EPtot      =  -1280075.4929
 BOND   =     10390.0813  ANGLE   =     27860.5064  DIHED      =     32795.6493
 1-4 NB =     12354.7917  1-4 EEL =    135160.3452  VDWAALS    =    152126.3749
 EELEC  =  -1650763.2418  EHBOND  =         0.0000  RESTRAINT  =         0.0000
 EKCMT  =    112142.4703  VIRIAL  =    114795.1989  VOLUME     =   4335439.6889
                                                    Density    =         1.0086
 ------------------------------------------------------------------------------


 NSTEP = 21150000   TIME(PS) =   92875.000  TEMP(K) =   300.30  PRESS =   -53.9
 Etot   =  -1017130.8646  EKtot   =    263486.5625  EPtot      =  -1280617.4271
 BOND   =     10521.8609  ANGLE   =     27989.4596  DIHED      =     32623.0512
 1-4 NB =     12332.0551  1-4 EEL =    135174.7090  VDWAALS    =    152117.0908
 EELEC  =  -1651375.6538  EHBOND  =         0.0000  RESTRAINT  =         0.0000
 EKCMT  =    112043.7195  VIRIAL  =    117091.2304  VOLUME     =   4334495.6548
                                                    Density    =         1.0088
 ------------------------------------------------------------------------------


 NSTEP = 21200000   TIME(PS) =   92975.000  TEMP(K) =   300.11  PRESS =   -15.5
 Etot   =  -1016567.3813  EKtot   =    263313.3438  EPtot      =  -1279880.7251
 BOND   =     10416.4465  ANGLE   =     27775.1115  DIHED      =     32757.8096
 1-4 NB =     12391.5571  1-4 EEL =    135552.6550  VDWAALS    =    152123.2379
 EELEC  =  -1650897.5427  EHBOND  =         0.0000  RESTRAINT  =         0.0000
 EKCMT  =    111997.2161  VIRIAL  =    113447.3477  VOLUME     =   4330831.9906
                                                    Density    =         1.0097
 ------------------------------------------------------------------------------


 NSTEP = 21250000   TIME(PS) =   93075.000  TEMP(K) =   300.42  PRESS =    31.8
 Etot   =  -1016814.5520  EKtot   =    263586.4375  EPtot      =  -1280400.9895
 BOND   =     10461.9737  ANGLE   =     28215.9154  DIHED      =     32841.6902
 1-4 NB =     12384.9910  1-4 EEL =    135077.7824  VDWAALS    =    152310.4198
 EELEC  =  -1651693.7620  EHBOND  =         0.0000  RESTRAINT  =         0.0000
 EKCMT  =    111982.3905  VIRIAL  =    109009.1031  VOLUME     =   4332149.7951
                                                    Density    =         1.0094
 ------------------------------------------------------------------------------


 NSTEP = 21300000   TIME(PS) =   93175.000  TEMP(K) =   301.17  PRESS =    15.1
 Etot   =  -1016721.7666  EKtot   =    264249.2812  EPtot      =  -1280971.0479
 BOND   =     10526.6089  ANGLE   =     28050.1684  DIHED      =     32743.6910
 1-4 NB =     12336.6350  1-4 EEL =    135182.5550  VDWAALS    =    152136.7058
 EELEC  =  -1651947.4121  EHBOND  =         0.0000  RESTRAINT  =         0.0000
 EKCMT  =    112550.7433  VIRIAL  =    111141.3680  VOLUME     =   4331096.6903
                                                    Density    =         1.0096
 ------------------------------------------------------------------------------


 NSTEP = 21350000   TIME(PS) =   93275.000  TEMP(K) =   299.73  PRESS =   -14.3
 Etot   =  -1018215.3021  EKtot   =    262980.1562  EPtot      =  -1281195.4583
 BOND   =     10288.5864  ANGLE   =     27885.4671  DIHED      =     32756.4009
 1-4 NB =     12319.4107  1-4 EEL =    135116.1584  VDWAALS    =    153791.5611
 EELEC  =  -1653353.0430  EHBOND  =         0.0000  RESTRAINT  =         0.0000
 EKCMT  =    111979.7843  VIRIAL  =    113313.9492  VOLUME     =   4334050.1475
                                                    Density    =         1.0089
 ------------------------------------------------------------------------------


 NSTEP = 21400000   TIME(PS) =   93375.000  TEMP(K) =   299.64  PRESS =    44.2
 Etot   =  -1017956.6535  EKtot   =    262900.9062  EPtot      =  -1280857.5597
 BOND   =     10535.3865  ANGLE   =     27952.1974  DIHED      =     32882.6369
 1-4 NB =     12301.3931  1-4 EEL =    135015.3745  VDWAALS    =    153242.0660
 EELEC  =  -1652786.6142  EHBOND  =         0.0000  RESTRAINT  =         0.0000
 EKCMT  =    111680.0702  VIRIAL  =    107542.9419  VOLUME     =   4334135.1036
                                                    Density    =         1.0089
 ------------------------------------------------------------------------------


 NSTEP = 21450000   TIME(PS) =   93475.000  TEMP(K) =   299.94  PRESS =    26.0
 Etot   =  -1016443.6321  EKtot   =    263170.4688  EPtot      =  -1279614.1009
 BOND   =     10564.8278  ANGLE   =     28107.9191  DIHED      =     32727.5042
 1-4 NB =     12426.3036  1-4 EEL =    135332.1339  VDWAALS    =    152936.7191
 EELEC  =  -1651709.5086  EHBOND  =         0.0000  RESTRAINT  =         0.0000
 EKCMT  =    112157.9251  VIRIAL  =    109722.4064  VOLUME     =   4336692.4398
                                                    Density    =         1.0083
 ------------------------------------------------------------------------------


 NSTEP = 21500000   TIME(PS) =   93575.000  TEMP(K) =   300.33  PRESS =   -52.1
 Etot   =  -1017391.6301  EKtot   =    263510.6250  EPtot      =  -1280902.2551
 BOND   =     10450.5941  ANGLE   =     27974.1291  DIHED      =     32723.0903
 1-4 NB =     12359.8246  1-4 EEL =    135319.7414  VDWAALS    =    152811.2618
 EELEC  =  -1652540.8963  EHBOND  =         0.0000  RESTRAINT  =         0.0000
 EKCMT  =    112393.0263  VIRIAL  =    117264.9115  VOLUME     =   4332695.4018
                                                    Density    =         1.0092
 ------------------------------------------------------------------------------


 NSTEP = 21550000   TIME(PS) =   93675.000  TEMP(K) =   300.06  PRESS =   -16.1
 Etot   =  -1017152.2536  EKtot   =    263274.0625  EPtot      =  -1280426.3161
 BOND   =     10493.1842  ANGLE   =     27820.8925  DIHED      =     32732.0529
 1-4 NB =     12369.0445  1-4 EEL =    134963.6351  VDWAALS    =    152486.7359
 EELEC  =  -1651291.8612  EHBOND  =         0.0000  RESTRAINT  =         0.0000
 EKCMT  =    111991.0056  VIRIAL  =    113492.7114  VOLUME     =   4332611.2102
                                                    Density    =         1.0093
 ------------------------------------------------------------------------------


 NSTEP = 21600000   TIME(PS) =   93775.000  TEMP(K) =   299.56  PRESS =  -101.4
 Etot   =  -1017262.4660  EKtot   =    262833.2188  EPtot      =  -1280095.6848
 BOND   =     10458.1639  ANGLE   =     27937.2297  DIHED      =     32803.5630
 1-4 NB =     12396.1424  1-4 EEL =    135271.3848  VDWAALS    =    152301.4097
 EELEC  =  -1651263.5784  EHBOND  =         0.0000  RESTRAINT  =         0.0000
 EKCMT  =    112019.7666  VIRIAL  =    121505.0414  VOLUME     =   4331991.1044
                                                    Density    =         1.0094
 ------------------------------------------------------------------------------


 NSTEP = 21650000   TIME(PS) =   93875.000  TEMP(K) =   300.12  PRESS =   -37.7
 Etot   =  -1017217.4365  EKtot   =    263326.2812  EPtot      =  -1280543.7178
 BOND   =     10465.9267  ANGLE   =     27972.1280  DIHED      =     32795.3821
 1-4 NB =     12350.7680  1-4 EEL =    134874.2465  VDWAALS    =    152404.8434
 EELEC  =  -1651407.0124  EHBOND  =         0.0000  RESTRAINT  =         0.0000
 EKCMT  =    111982.3741  VIRIAL  =    115509.5510  VOLUME     =   4332995.5129
                                                    Density    =         1.0092
 ------------------------------------------------------------------------------


 NSTEP = 21700000   TIME(PS) =   93975.000  TEMP(K) =   299.80  PRESS =    -3.3
 Etot   =  -1017657.3891  EKtot   =    263046.8125  EPtot      =  -1280704.2016
 BOND   =     10455.4934  ANGLE   =     27664.5483  DIHED      =     32723.3962
 1-4 NB =     12410.3248  1-4 EEL =    134914.8632  VDWAALS    =    152837.9747
 EELEC  =  -1651710.8022  EHBOND  =         0.0000  RESTRAINT  =         0.0000
 EKCMT  =    112201.9294  VIRIAL  =    112507.7599  VOLUME     =   4334231.8617
                                                    Density    =         1.0089
 ------------------------------------------------------------------------------


 NSTEP = 21750000   TIME(PS) =   94075.000  TEMP(K) =   299.99  PRESS =    18.7
 Etot   =  -1016392.4826  EKtot   =    263214.8750  EPtot      =  -1279607.3576
 BOND   =     10595.0958  ANGLE   =     28018.2038  DIHED      =     32647.6881
 1-4 NB =     12382.4666  1-4 EEL =    135053.7039  VDWAALS    =    152206.8019
 EELEC  =  -1650511.3177  EHBOND  =         0.0000  RESTRAINT  =         0.0000
 EKCMT  =    112398.7593  VIRIAL  =    110646.1643  VOLUME     =   4334492.6538
                                                    Density    =         1.0088
 ------------------------------------------------------------------------------


 NSTEP = 21800000   TIME(PS) =   94175.000  TEMP(K) =   300.11  PRESS =   -70.5
 Etot   =  -1017479.1588  EKtot   =    263313.3438  EPtot      =  -1280792.5025
 BOND   =     10475.1060  ANGLE   =     27825.6597  DIHED      =     32797.5262
 1-4 NB =     12403.6690  1-4 EEL =    135123.2495  VDWAALS    =    151842.4063
 EELEC  =  -1651260.1193  EHBOND  =         0.0000  RESTRAINT  =         0.0000
 EKCMT  =    112343.4336  VIRIAL  =    118942.1370  VOLUME     =   4334373.5442
                                                    Density    =         1.0089
 ------------------------------------------------------------------------------


 NSTEP = 21850000   TIME(PS) =   94275.000  TEMP(K) =   299.85  PRESS =    -6.0
 Etot   =  -1017781.5202  EKtot   =    263084.7500  EPtot      =  -1280866.2702
 BOND   =     10451.6751  ANGLE   =     27731.9434  DIHED      =     32609.2073
 1-4 NB =     12314.5371  1-4 EEL =    135053.8421  VDWAALS    =    153278.6939
 EELEC  =  -1652306.1691  EHBOND  =         0.0000  RESTRAINT  =         0.0000
 EKCMT  =    112270.1915  VIRIAL  =    112829.1664  VOLUME     =   4335102.8133
                                                    Density    =         1.0087
 ------------------------------------------------------------------------------


 NSTEP = 21900000   TIME(PS) =   94375.000  TEMP(K) =   299.78  PRESS =    50.3
 Etot   =  -1016780.6483  EKtot   =    263025.0000  EPtot      =  -1279805.6483
 BOND   =     10638.0563  ANGLE   =     27857.3083  DIHED      =     32760.1022
 1-4 NB =     12303.6106  1-4 EEL =    135067.2251  VDWAALS    =    153008.5832
 EELEC  =  -1651440.5340  EHBOND  =         0.0000  RESTRAINT  =         0.0000
 EKCMT  =    111854.9261  VIRIAL  =    107144.9460  VOLUME     =   4333396.7340
                                                    Density    =         1.0091
 ------------------------------------------------------------------------------


 NSTEP = 21950000   TIME(PS) =   94475.000  TEMP(K) =   299.66  PRESS =     5.1
 Etot   =  -1017100.3799  EKtot   =    262920.3125  EPtot      =  -1280020.6924
 BOND   =     10375.8621  ANGLE   =     27923.2543  DIHED      =     32879.9858
 1-4 NB =     12335.8777  1-4 EEL =    135016.1754  VDWAALS    =    153034.2125
 EELEC  =  -1651586.0602  EHBOND  =         0.0000  RESTRAINT  =         0.0000
 EKCMT  =    112153.1159  VIRIAL  =    111673.9075  VOLUME     =   4333807.9029
                                                    Density    =         1.0090
 ------------------------------------------------------------------------------


 NSTEP = 22000000   TIME(PS) =   94575.000  TEMP(K) =   300.12  PRESS =    19.2
 Etot   =  -1017679.2938  EKtot   =    263326.8438  EPtot      =  -1281006.1376
 BOND   =     10370.4551  ANGLE   =     27690.7718  DIHED      =     32817.6807
 1-4 NB =     12346.0074  1-4 EEL =    135296.4252  VDWAALS    =    152755.5334
 EELEC  =  -1652283.0111  EHBOND  =         0.0000  RESTRAINT  =         0.0000
 EKCMT  =    112314.4524  VIRIAL  =    110522.3880  VOLUME     =   4334058.3155
                                                    Density    =         1.0089
 ------------------------------------------------------------------------------


 NSTEP = 22050000   TIME(PS) =   94675.000  TEMP(K) =   300.42  PRESS =   -55.1
 Etot   =  -1016264.6293  EKtot   =    263585.7812  EPtot      =  -1279850.4105
 BOND   =     10615.3772  ANGLE   =     28017.2527  DIHED      =     32840.4964
 1-4 NB =     12295.6442  1-4 EEL =    135031.1233  VDWAALS    =    152588.4754
 EELEC  =  -1651238.7797  EHBOND  =         0.0000  RESTRAINT  =         0.0000
 EKCMT  =    112489.0300  VIRIAL  =    117647.5711  VOLUME     =   4332440.6552
                                                    Density    =         1.0093
 ------------------------------------------------------------------------------


 NSTEP = 22100000   TIME(PS) =   94775.000  TEMP(K) =   299.68  PRESS =    14.8
 Etot   =  -1018130.2385  EKtot   =    262942.3750  EPtot      =  -1281072.6135
 BOND   =     10558.3976  ANGLE   =     27820.6563  DIHED      =     32809.9624
 1-4 NB =     12351.9130  1-4 EEL =    134897.7544  VDWAALS    =    152923.3303
 EELEC  =  -1652434.6276  EHBOND  =         0.0000  RESTRAINT  =         0.0000
 EKCMT  =    111725.4793  VIRIAL  =    110342.3020  VOLUME     =   4333781.6450
                                                    Density    =         1.0090
 ------------------------------------------------------------------------------


 NSTEP = 22150000   TIME(PS) =   94875.000  TEMP(K) =   299.76  PRESS =   -87.2
 Etot   =  -1018322.0151  EKtot   =    263011.8438  EPtot      =  -1281333.8589
 BOND   =     10535.8515  ANGLE   =     27706.7835  DIHED      =     32727.3575
 1-4 NB =     12463.3989  1-4 EEL =    135270.3794  VDWAALS    =    151656.0321
 EELEC  =  -1651693.6617  EHBOND  =         0.0000  RESTRAINT  =         0.0000
 EKCMT  =    111843.9447  VIRIAL  =    119995.4641  VOLUME     =   4331506.4842
                                                    Density    =         1.0095
 ------------------------------------------------------------------------------


 NSTEP = 22200000   TIME(PS) =   94975.000  TEMP(K) =   299.94  PRESS =    56.8
 Etot   =  -1016719.9669  EKtot   =    263163.4062  EPtot      =  -1279883.3731
 BOND   =     10525.9749  ANGLE   =     28006.0007  DIHED      =     32637.5708
 1-4 NB =     12323.0401  1-4 EEL =    134989.9013  VDWAALS    =    153552.3604
 EELEC  =  -1651918.2214  EHBOND  =         0.0000  RESTRAINT  =         0.0000
 EKCMT  =    111905.9385  VIRIAL  =    106588.6877  VOLUME     =   4334539.7187
                                                    Density    =         1.0088
 ------------------------------------------------------------------------------


 NSTEP = 22250000   TIME(PS) =   95075.000  TEMP(K) =   300.36  PRESS =   -72.0
 Etot   =  -1017617.6413  EKtot   =    263537.6250  EPtot      =  -1281155.2663
 BOND   =     10564.8690  ANGLE   =     27853.8545  DIHED      =     32704.5279
 1-4 NB =     12287.9412  1-4 EEL =    134993.4955  VDWAALS    =    152788.3444
 EELEC  =  -1652348.2987  EHBOND  =         0.0000  RESTRAINT  =         0.0000
 EKCMT  =    112109.3956  VIRIAL  =    118841.3005  VOLUME     =   4332846.0567
                                                    Density    =         1.0092
 ------------------------------------------------------------------------------


 NSTEP = 22300000   TIME(PS) =   95175.000  TEMP(K) =   299.24  PRESS =    71.9
 Etot   =  -1018052.3246  EKtot   =    262551.8438  EPtot      =  -1280604.1684
 BOND   =     10494.0264  ANGLE   =     27748.9415  DIHED      =     32807.2686
 1-4 NB =     12318.8450  1-4 EEL =    134953.3864  VDWAALS    =    152475.9475
 EELEC  =  -1651402.5838  EHBOND  =         0.0000  RESTRAINT  =         0.0000
 EKCMT  =    111635.0932  VIRIAL  =    104910.2566  VOLUME     =   4332940.3758
                                                    Density    =         1.0092
 ------------------------------------------------------------------------------


 NSTEP = 22350000   TIME(PS) =   95275.000  TEMP(K) =   300.01  PRESS =   -21.5
 Etot   =  -1016163.5820  EKtot   =    263228.3125  EPtot      =  -1279391.8945
 BOND   =     10411.2878  ANGLE   =     27898.6793  DIHED      =     32590.2047
 1-4 NB =     12373.1463  1-4 EEL =    135350.5144  VDWAALS    =    152217.9284
 EELEC  =  -1650233.6553  EHBOND  =         0.0000  RESTRAINT  =         0.0000
 EKCMT  =    111848.0955  VIRIAL  =    113860.4016  VOLUME     =   4337093.8551
                                                    Density    =         1.0082
 ------------------------------------------------------------------------------


 NSTEP = 22400000   TIME(PS) =   95375.000  TEMP(K) =   300.00  PRESS =     1.3
 Etot   =  -1018086.6350  EKtot   =    263220.1875  EPtot      =  -1281306.8225
 BOND   =     10536.3495  ANGLE   =     27846.9183  DIHED      =     32738.4785
 1-4 NB =     12270.3974  1-4 EEL =    135052.5171  VDWAALS    =    153196.9067
 EELEC  =  -1652948.3899  EHBOND  =         0.0000  RESTRAINT  =         0.0000
 EKCMT  =    112027.3584  VIRIAL  =    111909.1437  VOLUME     =   4333589.7228
                                                    Density    =         1.0090
 ------------------------------------------------------------------------------


 NSTEP = 22450000   TIME(PS) =   95475.000  TEMP(K) =   300.26  PRESS =   -44.8
 Etot   =  -1017461.3660  EKtot   =    263446.1562  EPtot      =  -1280907.5222
 BOND   =     10433.0854  ANGLE   =     27619.4851  DIHED      =     32686.0544
 1-4 NB =     12393.6053  1-4 EEL =    135039.4285  VDWAALS    =    152226.3515
 EELEC  =  -1651305.5323  EHBOND  =         0.0000  RESTRAINT  =         0.0000
 EKCMT  =    112055.1344  VIRIAL  =    116253.3779  VOLUME     =   4335927.2851
                                                    Density    =         1.0085
 ------------------------------------------------------------------------------


 NSTEP = 22500000   TIME(PS) =   95575.000  TEMP(K) =   299.57  PRESS =   -39.0
 Etot   =  -1017073.9907  EKtot   =    262843.2812  EPtot      =  -1279917.2719
 BOND   =     10427.2686  ANGLE   =     27782.2938  DIHED      =     32804.4935
 1-4 NB =     12399.2513  1-4 EEL =    135100.1111  VDWAALS    =    151936.2063
 EELEC  =  -1650366.8964  EHBOND  =         0.0000  RESTRAINT  =         0.0000
 EKCMT  =    112128.5261  VIRIAL  =    115776.3978  VOLUME     =   4336675.3347
                                                    Density    =         1.0083
 ------------------------------------------------------------------------------


 NSTEP = 22550000   TIME(PS) =   95675.000  TEMP(K) =   299.75  PRESS =     4.4
 Etot   =  -1017475.2967  EKtot   =    263000.1250  EPtot      =  -1280475.4217
 BOND   =     10590.7035  ANGLE   =     27928.0128  DIHED      =     32815.8932
 1-4 NB =     12383.7037  1-4 EEL =    135301.2734  VDWAALS    =    152500.8378
 EELEC  =  -1651995.8461  EHBOND  =         0.0000  RESTRAINT  =         0.0000
 EKCMT  =    112077.7391  VIRIAL  =    111670.0515  VOLUME     =   4333902.5823
                                                    Density    =         1.0090
 ------------------------------------------------------------------------------


 NSTEP = 22600000   TIME(PS) =   95775.000  TEMP(K) =   300.03  PRESS =    19.4
 Etot   =  -1017411.9834  EKtot   =    263248.4062  EPtot      =  -1280660.3896
 BOND   =     10348.1269  ANGLE   =     27924.3679  DIHED      =     32736.0394
 1-4 NB =     12344.5848  1-4 EEL =    135187.9183  VDWAALS    =    153069.5589
 EELEC  =  -1652270.9857  EHBOND  =         0.0000  RESTRAINT  =         0.0000
 EKCMT  =    111843.5578  VIRIAL  =    110030.0656  VOLUME     =   4333884.5846
                                                    Density    =         1.0090
 ------------------------------------------------------------------------------


 NSTEP = 22650000   TIME(PS) =   95875.000  TEMP(K) =   300.47  PRESS =   -21.1
 Etot   =  -1016178.8671  EKtot   =    263630.8750  EPtot      =  -1279809.7421
 BOND   =     10344.9927  ANGLE   =     28072.3216  DIHED      =     32761.5080
 1-4 NB =     12372.2716  1-4 EEL =    135244.8341  VDWAALS    =    152286.0750
 EELEC  =  -1650891.7451  EHBOND  =         0.0000  RESTRAINT  =         0.0000
 EKCMT  =    112228.3893  VIRIAL  =    114203.9019  VOLUME     =   4335930.2004
                                                    Density    =         1.0085
 ------------------------------------------------------------------------------


 NSTEP = 22700000   TIME(PS) =   95975.000  TEMP(K) =   300.19  PRESS =    48.9
 Etot   =  -1016355.2116  EKtot   =    263383.3750  EPtot      =  -1279738.5866
 BOND   =     10504.2699  ANGLE   =     28215.3308  DIHED      =     32797.5807
 1-4 NB =     12360.0678  1-4 EEL =    135170.7470  VDWAALS    =    153251.4306
 EELEC  =  -1652038.0133  EHBOND  =         0.0000  RESTRAINT  =         0.0000
 EKCMT  =    112282.6905  VIRIAL  =    107703.7007  VOLUME     =   4335327.4545
                                                    Density    =         1.0086
 ------------------------------------------------------------------------------


 NSTEP = 22750000   TIME(PS) =   96075.000  TEMP(K) =   300.12  PRESS =    46.3
 Etot   =  -1016493.5645  EKtot   =    263329.3125  EPtot      =  -1279822.8770
 BOND   =     10373.8822  ANGLE   =     27819.4040  DIHED      =     32651.5796
 1-4 NB =     12381.9805  1-4 EEL =    135298.0102  VDWAALS    =    152920.7124
 EELEC  =  -1651268.4460  EHBOND  =         0.0000  RESTRAINT  =         0.0000
 EKCMT  =    111851.3406  VIRIAL  =    107521.6660  VOLUME     =   4334926.8841
                                                    Density    =         1.0087
 ------------------------------------------------------------------------------


 NSTEP = 22800000   TIME(PS) =   96175.000  TEMP(K) =   300.89  PRESS =    52.1
 Etot   =  -1015775.7345  EKtot   =    263999.2812  EPtot      =  -1279775.0158
 BOND   =     10298.0481  ANGLE   =     27993.6830  DIHED      =     32758.2067
 1-4 NB =     12413.9772  1-4 EEL =    135384.1842  VDWAALS    =    152706.9845
 EELEC  =  -1651330.0997  EHBOND  =         0.0000  RESTRAINT  =         0.0000
 EKCMT  =    112274.1380  VIRIAL  =    107395.7941  VOLUME     =   4334791.1092
                                                    Density    =         1.0088
 ------------------------------------------------------------------------------


 NSTEP = 22850000   TIME(PS) =   96275.000  TEMP(K) =   299.27  PRESS =   -38.5
 Etot   =  -1018307.8736  EKtot   =    262579.7188  EPtot      =  -1280887.5924
 BOND   =     10366.5211  ANGLE   =     27899.5845  DIHED      =     32678.6587
 1-4 NB =     12403.4917  1-4 EEL =    135207.3655  VDWAALS    =    152959.6872
 EELEC  =  -1652402.9010  EHBOND  =         0.0000  RESTRAINT  =         0.0000
 EKCMT  =    111742.9570  VIRIAL  =    115350.3949  VOLUME     =   4336955.7374
                                                    Density    =         1.0083
 ------------------------------------------------------------------------------


 NSTEP = 22900000   TIME(PS) =   96375.000  TEMP(K) =   299.77  PRESS =    -6.9
 Etot   =  -1017065.0031  EKtot   =    263020.5625  EPtot      =  -1280085.5656
 BOND   =     10435.8993  ANGLE   =     27837.0788  DIHED      =     32674.1167
 1-4 NB =     12357.0762  1-4 EEL =    135115.0379  VDWAALS    =    152459.7824
 EELEC  =  -1650964.5569  EHBOND  =         0.0000  RESTRAINT  =         0.0000
 EKCMT  =    111988.2437  VIRIAL  =    112635.6888  VOLUME     =   4336055.7525
                                                    Density    =         1.0085
 ------------------------------------------------------------------------------


 NSTEP = 22950000   TIME(PS) =   96475.000  TEMP(K) =   300.04  PRESS =   106.3
 Etot   =  -1017187.9420  EKtot   =    263257.2812  EPtot      =  -1280445.2233
 BOND   =     10483.4187  ANGLE   =     27961.9763  DIHED      =     32729.7408
 1-4 NB =     12369.6138  1-4 EEL =    135263.2025  VDWAALS    =    152437.8107
 EELEC  =  -1651690.9861  EHBOND  =         0.0000  RESTRAINT  =         0.0000
 EKCMT  =    112407.9933  VIRIAL  =    102461.6155  VOLUME     =   4332460.6479
                                                    Density    =         1.0093
 ------------------------------------------------------------------------------


 NSTEP = 23000000   TIME(PS) =   96575.000  TEMP(K) =   300.47  PRESS =   -24.1
 Etot   =  -1016542.6335  EKtot   =    263632.0625  EPtot      =  -1280174.6960
 BOND   =     10429.8853  ANGLE   =     27803.3788  DIHED      =     32748.3408
 1-4 NB =     12345.6251  1-4 EEL =    135277.5742  VDWAALS    =    152233.6376
 EELEC  =  -1651013.1377  EHBOND  =         0.0000  RESTRAINT  =         0.0000
 EKCMT  =    112388.1124  VIRIAL  =    114639.4822  VOLUME     =   4334618.4013
                                                    Density    =         1.0088
 ------------------------------------------------------------------------------


 NSTEP = 23050000   TIME(PS) =   96675.000  TEMP(K) =   300.40  PRESS =    41.3
 Etot   =  -1017291.5482  EKtot   =    263567.2188  EPtot      =  -1280858.7670
 BOND   =     10507.3210  ANGLE   =     27907.6262  DIHED      =     32826.3912
 1-4 NB =     12368.1080  1-4 EEL =    135240.5189  VDWAALS    =    152530.9515
 EELEC  =  -1652239.6837  EHBOND  =         0.0000  RESTRAINT  =         0.0000
 EKCMT  =    112205.7592  VIRIAL  =    108342.6380  VOLUME     =   4331484.9573
                                                    Density    =         1.0095
 ------------------------------------------------------------------------------


 NSTEP = 23100000   TIME(PS) =   96775.000  TEMP(K) =   300.59  PRESS =   -87.5
 Etot   =  -1017580.1988  EKtot   =    263735.6250  EPtot      =  -1281315.8238
 BOND   =     10472.1206  ANGLE   =     27999.4181  DIHED      =     32699.9463
 1-4 NB =     12413.4324  1-4 EEL =    135219.1944  VDWAALS    =    152190.1126
 EELEC  =  -1652310.0482  EHBOND  =         0.0000  RESTRAINT  =         0.0000
 EKCMT  =    112462.0665  VIRIAL  =    120653.1284  VOLUME     =   4334098.7340
                                                    Density    =         1.0089
 ------------------------------------------------------------------------------


 NSTEP = 23150000   TIME(PS) =   96875.000  TEMP(K) =   300.04  PRESS =    31.5
 Etot   =  -1016860.5040  EKtot   =    263255.0625  EPtot      =  -1280115.5665
 BOND   =     10363.5049  ANGLE   =     27842.2609  DIHED      =     32757.4016
 1-4 NB =     12395.4881  1-4 EEL =    135482.4727  VDWAALS    =    153155.3645
 EELEC  =  -1652112.0592  EHBOND  =         0.0000  RESTRAINT  =         0.0000
 EKCMT  =    112194.9525  VIRIAL  =    109246.0971  VOLUME     =   4333304.9614
                                                    Density    =         1.0091
 ------------------------------------------------------------------------------


 NSTEP = 23200000   TIME(PS) =   96975.000  TEMP(K) =   299.80  PRESS =    42.3
 Etot   =  -1017362.9323  EKtot   =    263041.9062  EPtot      =  -1280404.8386
 BOND   =     10385.1214  ANGLE   =     27923.2429  DIHED      =     32706.6784
 1-4 NB =     12491.5318  1-4 EEL =    135156.6926  VDWAALS    =    152274.8816
 EELEC  =  -1651342.9874  EHBOND  =         0.0000  RESTRAINT  =         0.0000
 EKCMT  =    111730.6606  VIRIAL  =    107774.8992  VOLUME     =   4334676.4760
                                                    Density    =         1.0088
 ------------------------------------------------------------------------------


 NSTEP = 23250000   TIME(PS) =   97075.000  TEMP(K) =   299.88  PRESS =     8.3
 Etot   =  -1017017.7381  EKtot   =    263110.9688  EPtot      =  -1280128.7069
 BOND   =     10451.4633  ANGLE   =     27906.0797  DIHED      =     32806.0183
 1-4 NB =     12478.7175  1-4 EEL =    135243.7002  VDWAALS    =    152671.5418
 EELEC  =  -1651686.2278  EHBOND  =         0.0000  RESTRAINT  =         0.0000
 EKCMT  =    112159.3848  VIRIAL  =    111380.9804  VOLUME     =   4334673.9465
                                                    Density    =         1.0088
 ------------------------------------------------------------------------------


 NSTEP = 23300000   TIME(PS) =   97175.000  TEMP(K) =   300.29  PRESS =  -115.5
 Etot   =  -1017538.5067  EKtot   =    263473.8750  EPtot      =  -1281012.3817
 BOND   =     10419.7406  ANGLE   =     27785.6772  DIHED      =     32718.7787
 1-4 NB =     12390.6095  1-4 EEL =    135402.9349  VDWAALS    =    152468.9378
 EELEC  =  -1652199.0603  EHBOND  =         0.0000  RESTRAINT  =         0.0000
 EKCMT  =    112140.6901  VIRIAL  =    122948.7261  VOLUME     =   4334454.9884
                                                    Density    =         1.0088
 ------------------------------------------------------------------------------


 NSTEP = 23350000   TIME(PS) =   97275.000  TEMP(K) =   300.57  PRESS =   -69.0
 Etot   =  -1017045.0717  EKtot   =    263719.5000  EPtot      =  -1280764.5717
 BOND   =     10442.6970  ANGLE   =     27784.3676  DIHED      =     32773.5184
 1-4 NB =     12366.4480  1-4 EEL =    135275.2279  VDWAALS    =    151481.5601
 EELEC  =  -1650888.3908  EHBOND  =         0.0000  RESTRAINT  =         0.0000
 EKCMT  =    112191.4190  VIRIAL  =    118646.9062  VOLUME     =   4333009.4238
                                                    Density    =         1.0092
 ------------------------------------------------------------------------------


 NSTEP = 23400000   TIME(PS) =   97375.000  TEMP(K) =   300.46  PRESS =    -2.6
 Etot   =  -1017128.1032  EKtot   =    263620.3125  EPtot      =  -1280748.4157
 BOND   =     10558.7630  ANGLE   =     27910.0627  DIHED      =     32925.4508
 1-4 NB =     12319.7727  1-4 EEL =    135061.6703  VDWAALS    =    153173.1426
 EELEC  =  -1652697.2777  EHBOND  =         0.0000  RESTRAINT  =         0.0000
 EKCMT  =    112368.6919  VIRIAL  =    112611.7447  VOLUME     =   4333987.1148
                                                    Density    =         1.0089
 ------------------------------------------------------------------------------


 NSTEP = 23450000   TIME(PS) =   97475.000  TEMP(K) =   300.24  PRESS =     9.6
 Etot   =  -1016777.2129  EKtot   =    263430.7812  EPtot      =  -1280207.9941
 BOND   =     10452.2527  ANGLE   =     28114.8849  DIHED      =     32677.8708
 1-4 NB =     12314.8468  1-4 EEL =    135303.4731  VDWAALS    =    153038.0139
 EELEC  =  -1652109.3364  EHBOND  =         0.0000  RESTRAINT  =         0.0000
 EKCMT  =    112333.2267  VIRIAL  =    111437.3611  VOLUME     =   4333176.3789
                                                    Density    =         1.0091
 ------------------------------------------------------------------------------


 NSTEP = 23500000   TIME(PS) =   97575.000  TEMP(K) =   299.60  PRESS =    78.7
 Etot   =  -1017339.3563  EKtot   =    262866.0312  EPtot      =  -1280205.3875
 BOND   =     10509.0040  ANGLE   =     27995.5483  DIHED      =     32601.5823
 1-4 NB =     12363.9807  1-4 EEL =    135170.6104  VDWAALS    =    152141.5379
 EELEC  =  -1650987.6511  EHBOND  =         0.0000  RESTRAINT  =         0.0000
 EKCMT  =    111800.8669  VIRIAL  =    104441.2452  VOLUME     =   4331681.4838
                                                    Density    =         1.0095
 ------------------------------------------------------------------------------


 NSTEP = 23550000   TIME(PS) =   97675.000  TEMP(K) =   299.59  PRESS =   -48.9
 Etot   =  -1017088.4075  EKtot   =    262863.5000  EPtot      =  -1279951.9075
 BOND   =     10572.2516  ANGLE   =     27871.1045  DIHED      =     32795.0188
 1-4 NB =     12469.8549  1-4 EEL =    135369.7802  VDWAALS    =    152743.1981
 EELEC  =  -1651773.1157  EHBOND  =         0.0000  RESTRAINT  =         0.0000
 EKCMT  =    111808.0825  VIRIAL  =    116381.0091  VOLUME     =   4332749.2739
                                                    Density    =         1.0092
 ------------------------------------------------------------------------------


 NSTEP = 23600000   TIME(PS) =   97775.000  TEMP(K) =   299.93  PRESS =    -5.0
 Etot   =  -1016573.1906  EKtot   =    263162.7500  EPtot      =  -1279735.9406
 BOND   =     10600.7781  ANGLE   =     27806.2366  DIHED      =     32780.1687
 1-4 NB =     12334.4480  1-4 EEL =    135165.2718  VDWAALS    =    152087.3926
 EELEC  =  -1650510.2364  EHBOND  =         0.0000  RESTRAINT  =         0.0000
 EKCMT  =    111792.9306  VIRIAL  =    112259.1218  VOLUME     =   4333837.3966
                                                    Density    =         1.0090
 ------------------------------------------------------------------------------


 NSTEP = 23650000   TIME(PS) =   97875.000  TEMP(K) =   300.49  PRESS =    24.2
 Etot   =  -1017189.5229  EKtot   =    263647.6250  EPtot      =  -1280837.1479
 BOND   =     10557.2146  ANGLE   =     27734.2739  DIHED      =     32746.6132
 1-4 NB =     12348.0316  1-4 EEL =    135174.7187  VDWAALS    =    152602.2419
 EELEC  =  -1652000.2417  EHBOND  =         0.0000  RESTRAINT  =         0.0000
 EKCMT  =    112253.4240  VIRIAL  =    109987.5444  VOLUME     =   4333503.7757
                                                    Density    =         1.0091
 ------------------------------------------------------------------------------


 NSTEP = 23700000   TIME(PS) =   97975.000  TEMP(K) =   299.67  PRESS =   -42.2
 Etot   =  -1017167.6507  EKtot   =    262933.4062  EPtot      =  -1280101.0570
 BOND   =     10440.8174  ANGLE   =     27812.2417  DIHED      =     32743.6090
 1-4 NB =     12402.0765  1-4 EEL =    135137.4214  VDWAALS    =    152167.9188
 EELEC  =  -1650805.1419  EHBOND  =         0.0000  RESTRAINT  =         0.0000
 EKCMT  =    111869.3922  VIRIAL  =    115820.1400  VOLUME     =   4336579.5569
                                                    Density    =         1.0083
 ------------------------------------------------------------------------------


 NSTEP = 23750000   TIME(PS) =   98075.000  TEMP(K) =   298.97  PRESS =    25.2
 Etot   =  -1017707.7665  EKtot   =    262320.5625  EPtot      =  -1280028.3290
 BOND   =     10262.9490  ANGLE   =     27995.1146  DIHED      =     32737.4158
 1-4 NB =     12419.9707  1-4 EEL =    135183.5113  VDWAALS    =    153306.1093
 EELEC  =  -1651933.3997  EHBOND  =         0.0000  RESTRAINT  =         0.0000
 EKCMT  =    111775.7394  VIRIAL  =    109420.1724  VOLUME     =   4334868.3604
                                                    Density    =         1.0087
 ------------------------------------------------------------------------------


 NSTEP = 23800000   TIME(PS) =   98175.000  TEMP(K) =   300.28  PRESS =    11.8
 Etot   =  -1016022.7949  EKtot   =    263464.9375  EPtot      =  -1279487.7324
 BOND   =     10639.0103  ANGLE   =     27895.9688  DIHED      =     32721.9465
 1-4 NB =     12332.1951  1-4 EEL =    134984.5502  VDWAALS    =    152467.5601
 EELEC  =  -1650528.9635  EHBOND  =         0.0000  RESTRAINT  =         0.0000
 EKCMT  =    112071.4302  VIRIAL  =    110968.4607  VOLUME     =   4333876.2083
                                                    Density    =         1.0090
 ------------------------------------------------------------------------------


 NSTEP = 23850000   TIME(PS) =   98275.000  TEMP(K) =   299.75  PRESS =    25.0
 Etot   =  -1017698.7738  EKtot   =    263001.6875  EPtot      =  -1280700.4613
 BOND   =     10491.6897  ANGLE   =     28000.1244  DIHED      =     32700.0365
 1-4 NB =     12332.0711  1-4 EEL =    135190.2829  VDWAALS    =    152733.8434
 EELEC  =  -1652148.5092  EHBOND  =         0.0000  RESTRAINT  =         0.0000
 EKCMT  =    112174.1486  VIRIAL  =    109837.4030  VOLUME     =   4334449.8921
                                                    Density    =         1.0088
 ------------------------------------------------------------------------------


 NSTEP = 23900000   TIME(PS) =   98375.000  TEMP(K) =   300.42  PRESS =     4.7
 Etot   =  -1017646.0348  EKtot   =    263593.0000  EPtot      =  -1281239.0348
 BOND   =     10434.9884  ANGLE   =     27913.8470  DIHED      =     32672.5358
 1-4 NB =     12316.5993  1-4 EEL =    135164.5363  VDWAALS    =    153398.0132
 EELEC  =  -1653139.5549  EHBOND  =         0.0000  RESTRAINT  =         0.0000
 EKCMT  =    112463.1574  VIRIAL  =    112026.1356  VOLUME     =   4331561.9673
                                                    Density    =         1.0095
 ------------------------------------------------------------------------------


 NSTEP = 23950000   TIME(PS) =   98475.000  TEMP(K) =   299.26  PRESS =    33.5
 Etot   =  -1018003.0201  EKtot   =    262570.1250  EPtot      =  -1280573.1451
 BOND   =     10368.0215  ANGLE   =     27648.7848  DIHED      =     32674.5008
 1-4 NB =     12401.3673  1-4 EEL =    135386.6525  VDWAALS    =    151996.6760
 EELEC  =  -1651049.1481  EHBOND  =         0.0000  RESTRAINT  =         0.0000
 EKCMT  =    111899.0149  VIRIAL  =    108762.5333  VOLUME     =   4334005.6774
                                                    Density    =         1.0089
 ------------------------------------------------------------------------------


 NSTEP = 24000000   TIME(PS) =   98575.000  TEMP(K) =   299.76  PRESS =   -21.3
 Etot   =  -1017201.4357  EKtot   =    263012.2500  EPtot      =  -1280213.6857
 BOND   =     10346.1340  ANGLE   =     27975.8936  DIHED      =     32681.7459
 1-4 NB =     12409.4794  1-4 EEL =    135224.9740  VDWAALS    =    152532.5125
 EELEC  =  -1651384.4251  EHBOND  =         0.0000  RESTRAINT  =         0.0000
 EKCMT  =    112490.5664  VIRIAL  =    114482.8573  VOLUME     =   4334840.3965
                                                    Density    =         1.0088
 ------------------------------------------------------------------------------


 NSTEP = 24050000   TIME(PS) =   98675.000  TEMP(K) =   299.69  PRESS =   -11.4
 Etot   =  -1018134.5701  EKtot   =    262952.1250  EPtot      =  -1281086.6951
 BOND   =     10346.0839  ANGLE   =     27829.8655  DIHED      =     32719.7358
 1-4 NB =     12355.1232  1-4 EEL =    135304.1527  VDWAALS    =    152108.9663
 EELEC  =  -1651750.6224  EHBOND  =         0.0000  RESTRAINT  =         0.0000
 EKCMT  =    111798.7557  VIRIAL  =    112864.9078  VOLUME     =   4335927.9694
                                                    Density    =         1.0085
 ------------------------------------------------------------------------------


 NSTEP = 24100000   TIME(PS) =   98775.000  TEMP(K) =   299.77  PRESS =    84.1
 Etot   =  -1018134.8099  EKtot   =    263016.2188  EPtot      =  -1281151.0287
 BOND   =     10555.0219  ANGLE   =     27911.7560  DIHED      =     32815.7313
 1-4 NB =     12417.4060  1-4 EEL =    135058.6286  VDWAALS    =    153624.3643
 EELEC  =  -1653533.9367  EHBOND  =         0.0000  RESTRAINT  =         0.0000
 EKCMT  =    111761.1447  VIRIAL  =    103886.3779  VOLUME     =   4334675.4172
                                                    Density    =         1.0088
 ------------------------------------------------------------------------------


 NSTEP = 24150000   TIME(PS) =   98875.000  TEMP(K) =   299.47  PRESS =   -45.6
 Etot   =  -1017988.1140  EKtot   =    262755.0312  EPtot      =  -1280743.1453
 BOND   =     10639.2083  ANGLE   =     28008.7125  DIHED      =     32803.9268
 1-4 NB =     12244.6348  1-4 EEL =    134967.8853  VDWAALS    =    152717.8095
 EELEC  =  -1652125.3226  EHBOND  =         0.0000  RESTRAINT  =         0.0000
 EKCMT  =    111853.0627  VIRIAL  =    116115.0162  VOLUME     =   4332942.6886
                                                    Density    =         1.0092
 ------------------------------------------------------------------------------


 NSTEP = 24200000   TIME(PS) =   98975.000  TEMP(K) =   300.01  PRESS =  -105.8
 Etot   =  -1017422.6180  EKtot   =    263232.5000  EPtot      =  -1280655.1180
 BOND   =     10388.6103  ANGLE   =     27837.0879  DIHED      =     32695.2218
 1-4 NB =     12372.5740  1-4 EEL =    135119.8402  VDWAALS    =    152840.2979
 EELEC  =  -1651908.7502  EHBOND  =         0.0000  RESTRAINT  =         0.0000
 EKCMT  =    112100.5823  VIRIAL  =    122000.1098  VOLUME     =   4331976.7313
                                                    Density    =         1.0094
 ------------------------------------------------------------------------------


 NSTEP = 24250000   TIME(PS) =   99075.000  TEMP(K) =   300.30  PRESS =    80.4
 Etot   =  -1017195.2130  EKtot   =    263487.7500  EPtot      =  -1280682.9630
 BOND   =     10234.3927  ANGLE   =     28074.2198  DIHED      =     32567.1027
 1-4 NB =     12405.4661  1-4 EEL =    135239.6440  VDWAALS    =    151823.4912
 EELEC  =  -1651027.2796  EHBOND  =         0.0000  RESTRAINT  =         0.0000
 EKCMT  =    112004.7047  VIRIAL  =    104485.3364  VOLUME     =   4333954.2296
                                                    Density    =         1.0090
 ------------------------------------------------------------------------------


 NSTEP = 24300000   TIME(PS) =   99175.000  TEMP(K) =   299.99  PRESS =    82.2
 Etot   =  -1017253.9469  EKtot   =    263210.5938  EPtot      =  -1280464.5407
 BOND   =     10346.4093  ANGLE   =     28150.4960  DIHED      =     32566.4180
 1-4 NB =     12343.0135  1-4 EEL =    135227.5586  VDWAALS    =    152804.2064
 EELEC  =  -1651902.6424  EHBOND  =         0.0000  RESTRAINT  =         0.0000
 EKCMT  =    112189.9404  VIRIAL  =    104499.3169  VOLUME     =   4330715.6103
                                                    Density    =         1.0097
 ------------------------------------------------------------------------------


 NSTEP = 24350000   TIME(PS) =   99275.000  TEMP(K) =   299.65  PRESS =   -33.5
 Etot   =  -1017434.6453  EKtot   =    262917.0312  EPtot      =  -1280351.6766
 BOND   =     10659.1762  ANGLE   =     27834.8558  DIHED      =     32739.4816
 1-4 NB =     12293.9320  1-4 EEL =    135233.4826  VDWAALS    =    152925.2988
 EELEC  =  -1652037.9034  EHBOND  =         0.0000  RESTRAINT  =         0.0000
 EKCMT  =    112199.6401  VIRIAL  =    115329.5194  VOLUME     =   4331550.5740
                                                    Density    =         1.0095
 ------------------------------------------------------------------------------


 NSTEP = 24400000   TIME(PS) =   99375.000  TEMP(K) =   300.84  PRESS =   -17.5
 Etot   =  -1016805.1554  EKtot   =    263956.7188  EPtot      =  -1280761.8742
 BOND   =     10364.9046  ANGLE   =     27906.4105  DIHED      =     32743.2172
 1-4 NB =     12399.6352  1-4 EEL =    135100.0889  VDWAALS    =    152548.6915
 EELEC  =  -1651824.8220  EHBOND  =         0.0000  RESTRAINT  =         0.0000
 EKCMT  =    111942.9760  VIRIAL  =    113579.0011  VOLUME     =   4332300.8665
                                                    Density    =         1.0093
 ------------------------------------------------------------------------------


 NSTEP = 24450000   TIME(PS) =   99475.000  TEMP(K) =   300.73  PRESS =    28.1
 Etot   =  -1016836.1808  EKtot   =    263864.0000  EPtot      =  -1280700.1808
 BOND   =     10377.0557  ANGLE   =     27989.3329  DIHED      =     32677.4676
 1-4 NB =     12322.6533  1-4 EEL =    135317.8123  VDWAALS    =    152248.4821
 EELEC  =  -1651632.9846  EHBOND  =         0.0000  RESTRAINT  =         0.0000
 EKCMT  =    112400.1480  VIRIAL  =    109773.4897  VOLUME     =   4331550.8194
                                                    Density    =         1.0095
 ------------------------------------------------------------------------------


 NSTEP = 24500000   TIME(PS) =   99575.000  TEMP(K) =   299.15  PRESS =    66.0
 Etot   =  -1018377.8362  EKtot   =    262470.1250  EPtot      =  -1280847.9612
 BOND   =     10509.2695  ANGLE   =     27905.4221  DIHED      =     32764.1672
 1-4 NB =     12380.9186  1-4 EEL =    135236.6993  VDWAALS    =    153387.6131
 EELEC  =  -1653032.0510  EHBOND  =         0.0000  RESTRAINT  =         0.0000
 EKCMT  =    112043.6258  VIRIAL  =    105869.8851  VOLUME     =   4335231.5612
                                                    Density    =         1.0087
 ------------------------------------------------------------------------------


 NSTEP = 24550000   TIME(PS) =   99675.000  TEMP(K) =   299.52  PRESS =    24.5
 Etot   =  -1016983.9630  EKtot   =    262802.6562  EPtot      =  -1279786.6193
 BOND   =     10503.3468  ANGLE   =     27958.3020  DIHED      =     32718.8891
 1-4 NB =     12390.2232  1-4 EEL =    135205.9787  VDWAALS    =    151729.3111
 EELEC  =  -1650292.6702  EHBOND  =         0.0000  RESTRAINT  =         0.0000
 EKCMT  =    112048.9786  VIRIAL  =    109754.5454  VOLUME     =   4336122.3796
                                                    Density    =         1.0085
 ------------------------------------------------------------------------------


 NSTEP = 24600000   TIME(PS) =   99775.000  TEMP(K) =   300.12  PRESS =    42.6
 Etot   =  -1016902.0066  EKtot   =    263329.2812  EPtot      =  -1280231.2878
 BOND   =     10354.5096  ANGLE   =     27910.7894  DIHED      =     32717.3123
 1-4 NB =     12358.3308  1-4 EEL =    135342.8320  VDWAALS    =    152517.0236
 EELEC  =  -1651432.0856  EHBOND  =         0.0000  RESTRAINT  =         0.0000
 EKCMT  =    112370.3982  VIRIAL  =    108383.6638  VOLUME     =   4334472.5121
                                                    Density    =         1.0088
 ------------------------------------------------------------------------------


 NSTEP = 24650000   TIME(PS) =   99875.000  TEMP(K) =   300.06  PRESS =     9.5
 Etot   =  -1016511.2379  EKtot   =    263272.2500  EPtot      =  -1279783.4879
 BOND   =     10454.5610  ANGLE   =     27936.3030  DIHED      =     32734.0911
 1-4 NB =     12366.8328  1-4 EEL =    135142.8788  VDWAALS    =    151960.9951
 EELEC  =  -1650379.1496  EHBOND  =         0.0000  RESTRAINT  =         0.0000
 EKCMT  =    112234.1604  VIRIAL  =    111344.4244  VOLUME     =   4334980.5144
                                                    Density    =         1.0087
 ------------------------------------------------------------------------------


 NSTEP = 24700000   TIME(PS) =   99975.000  TEMP(K) =   299.80  PRESS =    33.3
 Etot   =  -1017817.8853  EKtot   =    263041.2500  EPtot      =  -1280859.1353
 BOND   =     10556.3729  ANGLE   =     27895.9013  DIHED      =     32703.6991
 1-4 NB =     12392.6312  1-4 EEL =    135160.8767  VDWAALS    =    152536.0404
 EELEC  =  -1652104.6569  EHBOND  =         0.0000  RESTRAINT  =         0.0000
 EKCMT  =    111879.0656  VIRIAL  =    108765.6715  VOLUME     =   4331791.4124
                                                    Density    =         1.0095
 ------------------------------------------------------------------------------


 NSTEP = 24750000   TIME(PS) =  100075.000  TEMP(K) =   299.98  PRESS =   -10.5
 Etot   =  -1018295.9905  EKtot   =    263202.2188  EPtot      =  -1281498.2093
 BOND   =     10364.6661  ANGLE   =     28105.0131  DIHED      =     32622.1247
 1-4 NB =     12362.9956  1-4 EEL =    135145.8033  VDWAALS    =    152719.7765
 EELEC  =  -1652818.5885  EHBOND  =         0.0000  RESTRAINT  =         0.0000
 EKCMT  =    112111.8468  VIRIAL  =    113096.4975  VOLUME     =   4331095.8332
                                                    Density    =         1.0096
 ------------------------------------------------------------------------------


 NSTEP = 24800000   TIME(PS) =  100175.000  TEMP(K) =   300.10  PRESS =     0.0
 Etot   =  -1017290.6509  EKtot   =    263306.7500  EPtot      =  -1280597.4009
 BOND   =     10368.9633  ANGLE   =     28096.0545  DIHED      =     32705.8564
 1-4 NB =     12330.8483  1-4 EEL =    135133.3954  VDWAALS    =    152910.5743
 EELEC  =  -1652143.0930  EHBOND  =         0.0000  RESTRAINT  =         0.0000
 EKCMT  =    112153.9538  VIRIAL  =    112149.8506  VOLUME     =   4332982.3460
                                                    Density    =         1.0092
 ------------------------------------------------------------------------------


 NSTEP = 24850000   TIME(PS) =  100275.000  TEMP(K) =   299.97  PRESS =   -32.9
 Etot   =  -1017413.3914  EKtot   =    263196.2500  EPtot      =  -1280609.6414
 BOND   =     10480.0875  ANGLE   =     27745.1441  DIHED      =     32731.5133
 1-4 NB =     12383.3297  1-4 EEL =    135303.6708  VDWAALS    =    152715.6637
 EELEC  =  -1651969.0506  EHBOND  =         0.0000  RESTRAINT  =         0.0000
 EKCMT  =    111953.5638  VIRIAL  =    115036.3547  VOLUME     =   4334765.7257
                                                    Density    =         1.0088
 ------------------------------------------------------------------------------


 NSTEP = 24900000   TIME(PS) =  100375.000  TEMP(K) =   300.73  PRESS =    35.2
 Etot   =  -1016562.3576  EKtot   =    263857.0938  EPtot      =  -1280419.4513
 BOND   =     10382.2171  ANGLE   =     27912.4794  DIHED      =     32704.2517
 1-4 NB =     12391.0650  1-4 EEL =    135218.0645  VDWAALS    =    151866.8701
 EELEC  =  -1650894.3992  EHBOND  =         0.0000  RESTRAINT  =         0.0000
 EKCMT  =    112346.9456  VIRIAL  =    109050.7513  VOLUME     =   4332022.5421
                                                    Density    =         1.0094
 ------------------------------------------------------------------------------


 NSTEP = 24950000   TIME(PS) =  100475.000  TEMP(K) =   299.71  PRESS =    69.0
 Etot   =  -1015919.8195  EKtot   =    262963.4375  EPtot      =  -1278883.2570
 BOND   =     10449.7684  ANGLE   =     28075.2853  DIHED      =     32780.7477
 1-4 NB =     12299.6076  1-4 EEL =    135026.0732  VDWAALS    =    152621.8457
 EELEC  =  -1650136.5849  EHBOND  =         0.0000  RESTRAINT  =         0.0000
 EKCMT  =    111996.4553  VIRIAL  =    105533.7761  VOLUME     =   4335093.7063
                                                    Density    =         1.0087
 ------------------------------------------------------------------------------


 NSTEP = 25000000   TIME(PS) =  100575.000  TEMP(K) =   299.60  PRESS =   -49.0
 Etot   =  -1017873.8587  EKtot   =    262868.7500  EPtot      =  -1280742.6087
 BOND   =     10484.5165  ANGLE   =     27907.8292  DIHED      =     32806.7141
 1-4 NB =     12374.6248  1-4 EEL =    135123.5687  VDWAALS    =    151794.0091
 EELEC  =  -1651233.8712  EHBOND  =         0.0000  RESTRAINT  =         0.0000
 EKCMT  =    111516.6293  VIRIAL  =    116104.3910  VOLUME     =   4333875.6746
                                                    Density    =         1.0090
 ------------------------------------------------------------------------------


      A V E R A G E S   O V E R     500 S T E P S


 NSTEP = 25000000   TIME(PS) =  100575.000  TEMP(K) =   300.00  PRESS =    -0.5
 Etot   =  -1017122.4763  EKtot   =    263221.9936  EPtot      =  -1280344.4700
 BOND   =     10462.7038  ANGLE   =     27896.2065  DIHED      =     32849.8465
 1-4 NB =     12365.7591  1-4 EEL =    135146.9148  VDWAALS    =    152568.5137
 EELEC  =  -1651634.4145  EHBOND  =         0.0000  RESTRAINT  =         0.0000
 EKCMT  =    112110.5099  VIRIAL  =    112159.1651  VOLUME     =   4333970.7221
                                                    Density    =         1.0090
 ------------------------------------------------------------------------------


      R M S  F L U C T U A T I O N S


 NSTEP = 25000000   TIME(PS) =  100575.000  TEMP(K) =     0.44  PRESS =    46.9
 Etot   =       689.3813  EKtot   =       388.8045  EPtot      =       564.7844
 BOND   =        90.2097  ANGLE   =       125.5836  DIHED      =       102.9806
 1-4 NB =        47.6261  1-4 EEL =       140.5620  VDWAALS    =       497.8928
 EELEC  =       820.9694  EHBOND  =         0.0000  RESTRAINT  =         0.0000
 EKCMT  =       255.1405  VIRIAL  =      4398.6245  VOLUME     =      1648.2394
                                                    Density    =         0.0004
 ------------------------------------------------------------------------------

--------------------------------------------------------------------------------
   5.  TIMINGS
--------------------------------------------------------------------------------

|  NonSetup CPU Time in Major Routines:
|
|     Routine           Sec        %
|     ------------------------------
|     Nonbond      188972.09   73.46
|     Bond              0.00    0.00
|     Angle             0.00    0.00
|     Dihedral          0.00    0.00
|     Shake           177.04    0.07
|     RunMD         68040.50   26.45
|     Other            48.76    0.02
|     ------------------------------
|     Total        257238.38

|  PME Nonbond Pairlist CPU Time:
|
|     Routine              Sec        %
|     ---------------------------------
|     Set Up Cit           0.00    0.00
|     Build List           0.00    0.00
|     ---------------------------------
|     Total                0.00    0.00

|  PME Direct Force CPU Time:
|
|     Routine              Sec        %
|     ---------------------------------
|     NonBonded Calc       0.00    0.00
|     Exclude Masked       0.00    0.00
|     Other               27.85    0.01
|     ---------------------------------
|     Total               27.85    0.01

|  PME Reciprocal Force CPU Time:
|
|     Routine              Sec        %
|     ---------------------------------
|     1D bspline           0.00    0.00
|     Grid Charges         0.00    0.00
|     Scalar Sum           0.00    0.00
|     Gradient Sum         0.00    0.00
|     FFT                  0.00    0.00
|     ---------------------------------
|     Total                0.00    0.00

|  Final Performance Info:
|     -----------------------------------------------------
|     Average timings for last       1 steps:
|     Elapsed(s) =       0.00 Per Step(ms) =       0.18
|         ns/day =     950.05   seconds/ns =      90.94
|
|     Average timings for all steps:
|     Elapsed(s) =  257344.69 Per Step(ms) =      10.29
|         ns/day =      16.79   seconds/ns =    5146.89
|     -----------------------------------------------------

|  Setup CPU time:            2.86 seconds
|  NonSetup CPU time:    257238.38 seconds
|  Total CPU time:       257241.24 seconds    71.46 hours

|  Setup wall time:           3    seconds
|  NonSetup wall time:   257344    seconds
|  Total wall time:      257347    seconds    71.49 hours
