
          -------------------------------------------------------
          Amber 22 PMEMD                              2022
          -------------------------------------------------------

| PMEMD implementation of SANDER, Release 22

|  Compiled date/time: Thu Apr 14 23:06:37 2022
| Run on 03/29/2025 at 08:40:47

|   Executable path: /usr/local/amber22/bin/pmemd.cuda
| Working directory: /home/zuh/Working/nizakat/FMDV-VLP/FMDV/prod
|          Hostname: Unknown
  [-O]verwriting output

File Assignments:
|   MDIN: prod.in                                                               
|  MDOUT: prod4.out                                                             
| INPCRD: prod3.rst                                                             
|   PARM: comp_solvated.prmtop                                                  
| RESTRT: prod4.rst                                                             
|   REFC: refc                                                                  
|  MDVEL: mdvel                                                                 
|   MDEN: mden                                                                  
|  MDCRD: prod4.mdcrd                                                           
| MDINFO: mdinfo                                                                
|  MDFRC: mdfrc                                                                 


 Here is the input file:

heat ras-raf                                                                   
 &cntrl                                                                        
  imin=0,irest=1,ntx=5,                                                        
  nstlim=25000000,dt=0.002,                                                    
  ntc=2,ntf=2,                                                                 
  cut=8.0, ntb=2, ntp=1, taup=2.0,                                             
  ntpr=50000, ntwx=50000,                                                      
  ntt=3, gamma_ln=2.0,                                                         
  temp0=300.0, ig=-1,                                                          
 /                                                                             
                                                                               


Note: ig = -1. Setting random seed to   140400 based on wallclock time in 
      microseconds.
| irandom = 1, using AMBER's internal random number generator (default).
 
|--------------------- INFORMATION ----------------------
| GPU (CUDA) Version of PMEMD in use: NVIDIA GPU IN USE.
|                    Version 18.0.0
| 
|                      03/25/2018
| 
| Implementation by:
|                    Ross C. Walker     (SDSC)
|                    Scott Le Grand     (nVIDIA)
| 
| Version 18 performance extensions by:
|                    David Cerutti     (Rutgers)
| 
| Precision model in use:
|      [SPFP] - Single Precision Forces, 64-bit Fixed Point
|               Accumulation. (Default)
| 
|--------------------------------------------------------
 
|----------------- CITATION INFORMATION -----------------
|
|    When publishing work that utilized the CUDA version
|    of AMBER, please cite the following in addition to
|    the regular AMBER citations:
|
|  - Romelia Salomon-Ferrer; Andreas W. Goetz; Duncan
|    Poole; Scott Le Grand; Ross C. Walker "Routine
|    microsecond molecular dynamics simulations with
|    AMBER - Part II: Particle Mesh Ewald", J. Chem.
|    Theory Comput., 2013, 9 (9), pp3878-3888,
|    DOI: 10.1021/ct400314y.
|
|  - Andreas W. Goetz; Mark J. Williamson; Dong Xu;
|    Duncan Poole; Scott Le Grand; Ross C. Walker
|    "Routine microsecond molecular dynamics simulations
|    with AMBER - Part I: Generalized Born", J. Chem.
|    Theory Comput., 2012, 8 (5), pp1542-1555.
|
|  - Scott Le Grand; Andreas W. Goetz; Ross C. Walker
|    "SPFP: Speed without compromise - a mixed precision
|    model for GPU accelerated molecular dynamics
|    simulations.", Comp. Phys. Comm., 2013, 184
|    pp374-380, DOI: 10.1016/j.cpc.2012.09.022
|
|--------------------------------------------------------
 
|------------------- GPU DEVICE INFO --------------------
|
|            CUDA_VISIBLE_DEVICES: not set
|   CUDA Capable Devices Detected:      1
|           CUDA Device ID in use:      0
|                CUDA Device Name: NVIDIA GeForce RTX 3060
|     CUDA Device Global Mem Size:  12036 MB
| CUDA Device Num Multiprocessors:     28
|           CUDA Device Core Freq:   1.81 GHz
|
|--------------------------------------------------------
 
 
| Conditional Compilation Defines Used:
| PUBFFT
| BINTRAJ
| CUDA
| EMIL

| Largest sphere to fit in unit cell has radius =    66.772

| New format PARM file being parsed.
| Version =    1.000 Date = 03/19/25 Time = 11:55:27

| Note: 1-4 EEL scale factors are being read from the topology file.

| Note: 1-4 VDW scale factors are being read from the topology file.
| Duplicated    0 dihedrals

| Duplicated    0 dihedrals

--------------------------------------------------------------------------------
   1.  RESOURCE   USE: 
--------------------------------------------------------------------------------

 getting box info from netcdf restart file
 NATOM  =  428063 NTYPES =      16 NBONH =  401133 MBONA  =   27565
 NTHETH =   59490 MTHETA =   37620 NPHIH =  118745 MPHIA  =   73110
 NHPARM =       0 NPARM  =       0 NNB   =  793424 NRES   =  128436
 NBONA  =   27565 NTHETA =   37620 NPHIA =   73110 NUMBND =      43
 NUMANG =      89 NPTRA  =      39 NATYP =      31 NPHB   =       0
 IFBOX  =       1 NMXRS  =      24 IFCAP =       0 NEXTRA =       0
 NCOPY  =       0

| Coordinate Index Table dimensions:    42   37   29
| Direct force subcell size =     4.5595    4.5808    4.6050

     BOX TYPE: RECTILINEAR

--------------------------------------------------------------------------------
   2.  CONTROL  DATA  FOR  THE  RUN
--------------------------------------------------------------------------------

default_name                                                                    

General flags:
     imin    =       0, nmropt  =       0

Nature and format of input:
     ntx     =       5, irest   =       1, ntrx    =       1

Nature and format of output:
     ntxo    =       2, ntpr    =   50000, ntrx    =       1, ntwr    =25000000
     iwrap   =       0, ntwx    =   50000, ntwv    =       0, ntwe    =       0
     ioutfm  =       1, ntwprt  =       0, idecomp =       0, rbornstat=      0

Potential function:
     ntf     =       2, ntb     =       2, igb     =       0, nsnb    =      25
     ipol    =       0, gbsa    =       0, iesp    =       0
     dielc   =   1.00000, cut     =   8.00000, intdiel =   1.00000

Frozen or restrained atoms:
     ibelly  =       0, ntr     =       0

Molecular dynamics:
     nstlim  =  25000000, nscm    =      1000, nrespa  =         1
     t       =   0.00000, dt      =   0.00200, vlimit  =  -1.00000

Langevin dynamics temperature regulation:
     ig      =  140400
     temp0   = 300.00000, tempi   =   0.00000, gamma_ln=   2.00000

Pressure regulation:
     ntp     =       1
     pres0   =   1.00000, comp    =  44.60000, taup    =   2.00000

SHAKE:
     ntc     =       2, jfastw  =       0
     tol     =   0.00001

| Intermolecular bonds treatment:
|     no_intermolecular_bonds =       1

| Energy averages sample interval:
|     ene_avg_sampling =   50000

Ewald parameters:
     verbose =       0, ew_type =       0, nbflag  =       1, use_pme =       1
     vdwmeth =       1, eedmeth =       1, netfrc  =       1
     Box X =  191.499   Box Y =  169.489   Box Z =  133.545
     Alpha =   90.000   Beta  =   90.000   Gamma =   90.000
     NFFT1 =  192       NFFT2 =  180       NFFT3 =  128
     Cutoff=    8.000   Tol   =0.100E-04
     Ewald Coefficient =  0.34864
     Interpolation order =    4

--------------------------------------------------------------------------------
   3.  ATOMIC COORDINATES AND VELOCITIES
--------------------------------------------------------------------------------

default_name                                                                    
 begin time read from input coords =150575.000 ps

 
 Number of triangulated 3-point waters found:   124946

     Sum of charges from parm topology file =  -0.00000163
     Forcing neutrality...

| Dynamic Memory, Types Used:
| Reals            16580047
| Integers         18005616

| Nonbonded Pairs Initial Allocation:    71497222

| GPU memory information (estimate):
| KB of GPU memory in use:   1430397
| KB of CPU memory in use:    609255

--------------------------------------------------------------------------------
   4.  RESULTS
--------------------------------------------------------------------------------


 NSTEP =    50000   TIME(PS) =  150675.000  TEMP(K) =   299.47  PRESS =    71.9
 Etot   =  -1017564.8728  EKtot   =    262758.1562  EPtot      =  -1280323.0290
 BOND   =     10612.4823  ANGLE   =     27917.3686  DIHED      =     32519.5557
 1-4 NB =     12379.0031  1-4 EEL =    135062.1188  VDWAALS    =    152897.4854
 EELEC  =  -1651711.0429  EHBOND  =         0.0000  RESTRAINT  =         0.0000
 EKCMT  =    111678.9405  VIRIAL  =    104948.9055  VOLUME     =   4333879.2630
                                                    Density    =         1.0090
 ------------------------------------------------------------------------------


 NSTEP =   100000   TIME(PS) =  150775.000  TEMP(K) =   299.43  PRESS =    38.2
 Etot   =  -1017474.8423  EKtot   =    262722.9062  EPtot      =  -1280197.7485
 BOND   =     10542.6098  ANGLE   =     27810.7470  DIHED      =     32675.1907
 1-4 NB =     12362.2798  1-4 EEL =    135194.2714  VDWAALS    =    153103.9083
 EELEC  =  -1651886.7554  EHBOND  =         0.0000  RESTRAINT  =         0.0000
 EKCMT  =    112227.9734  VIRIAL  =    108656.0144  VOLUME     =   4333459.7934
                                                    Density    =         1.0091
 ------------------------------------------------------------------------------


 NSTEP =   150000   TIME(PS) =  150875.000  TEMP(K) =   300.21  PRESS =    -4.4
 Etot   =  -1018159.1057  EKtot   =    263407.5938  EPtot      =  -1281566.6994
 BOND   =     10544.6640  ANGLE   =     27813.3010  DIHED      =     32684.2259
 1-4 NB =     12385.6412  1-4 EEL =    135128.5486  VDWAALS    =    152970.3010
 EELEC  =  -1653093.3811  EHBOND  =         0.0000  RESTRAINT  =         0.0000
 EKCMT  =    112476.7922  VIRIAL  =    112892.9848  VOLUME     =   4333763.9643
                                                    Density    =         1.0090
 ------------------------------------------------------------------------------


 NSTEP =   200000   TIME(PS) =  150975.000  TEMP(K) =   300.17  PRESS =    54.4
 Etot   =  -1017758.5145  EKtot   =    263368.7188  EPtot      =  -1281127.2333
 BOND   =     10465.1909  ANGLE   =     27775.6979  DIHED      =     32782.7206
 1-4 NB =     12300.4824  1-4 EEL =    135580.8495  VDWAALS    =    153168.4155
 EELEC  =  -1653200.5900  EHBOND  =         0.0000  RESTRAINT  =         0.0000
 EKCMT  =    112340.0036  VIRIAL  =    107248.7040  VOLUME     =   4331566.8652
                                                    Density    =         1.0095
 ------------------------------------------------------------------------------


 NSTEP =   250000   TIME(PS) =  151075.000  TEMP(K) =   300.11  PRESS =    20.7
 Etot   =  -1016751.0082  EKtot   =    263313.8125  EPtot      =  -1280064.8207
 BOND   =     10552.7186  ANGLE   =     27895.4734  DIHED      =     32633.2397
 1-4 NB =     12373.4031  1-4 EEL =    135417.4941  VDWAALS    =    152093.1196
 EELEC  =  -1651030.2692  EHBOND  =         0.0000  RESTRAINT  =         0.0000
 EKCMT  =    112066.6832  VIRIAL  =    110133.2725  VOLUME     =   4333536.9992
                                                    Density    =         1.0091
 ------------------------------------------------------------------------------


 NSTEP =   300000   TIME(PS) =  151175.000  TEMP(K) =   300.20  PRESS =   -10.9
 Etot   =  -1016319.3787  EKtot   =    263393.3125  EPtot      =  -1279712.6912
 BOND   =     10367.8025  ANGLE   =     27868.0024  DIHED      =     32603.0232
 1-4 NB =     12332.7034  1-4 EEL =    135290.3519  VDWAALS    =    152090.6254
 EELEC  =  -1650265.1999  EHBOND  =         0.0000  RESTRAINT  =         0.0000
 EKCMT  =    112193.4503  VIRIAL  =    113217.2665  VOLUME     =   4336503.8658
                                                    Density    =         1.0084
 ------------------------------------------------------------------------------


 NSTEP =   350000   TIME(PS) =  151275.000  TEMP(K) =   299.57  PRESS =    -8.2
 Etot   =  -1017888.7471  EKtot   =    262838.9375  EPtot      =  -1280727.6846
 BOND   =     10513.0354  ANGLE   =     27686.1899  DIHED      =     32547.3519
 1-4 NB =     12384.0118  1-4 EEL =    135344.1764  VDWAALS    =    152539.0428
 EELEC  =  -1651741.4928  EHBOND  =         0.0000  RESTRAINT  =         0.0000
 EKCMT  =    111511.4867  VIRIAL  =    112282.0822  VOLUME     =   4333930.0927
                                                    Density    =         1.0090
 ------------------------------------------------------------------------------


 NSTEP =   400000   TIME(PS) =  151375.000  TEMP(K) =   300.09  PRESS =   -12.8
 Etot   =  -1017653.3794  EKtot   =    263301.9375  EPtot      =  -1280955.3169
 BOND   =     10507.5604  ANGLE   =     27986.5993  DIHED      =     32764.4982
 1-4 NB =     12307.3536  1-4 EEL =    135143.7235  VDWAALS    =    153305.3930
 EELEC  =  -1652970.4449  EHBOND  =         0.0000  RESTRAINT  =         0.0000
 EKCMT  =    111876.8275  VIRIAL  =    113071.9851  VOLUME     =   4333811.2492
                                                    Density    =         1.0090
 ------------------------------------------------------------------------------


 NSTEP =   450000   TIME(PS) =  151475.000  TEMP(K) =   299.81  PRESS =    11.0
 Etot   =  -1018744.0742  EKtot   =    263050.8438  EPtot      =  -1281794.9179
 BOND   =     10589.0493  ANGLE   =     27619.1498  DIHED      =     32696.0637
 1-4 NB =     12385.0358  1-4 EEL =    135186.8171  VDWAALS    =    152521.3465
 EELEC  =  -1652792.3802  EHBOND  =         0.0000  RESTRAINT  =         0.0000
 EKCMT  =    111995.4966  VIRIAL  =    110965.8852  VOLUME     =   4331585.4603
                                                    Density    =         1.0095
 ------------------------------------------------------------------------------


 NSTEP =   500000   TIME(PS) =  151575.000  TEMP(K) =   299.78  PRESS =   -54.0
 Etot   =  -1017761.3533  EKtot   =    263031.5312  EPtot      =  -1280792.8845
 BOND   =     10377.8876  ANGLE   =     27966.4050  DIHED      =     32661.6384
 1-4 NB =     12382.0810  1-4 EEL =    135274.1592  VDWAALS    =    152243.4158
 EELEC  =  -1651698.4716  EHBOND  =         0.0000  RESTRAINT  =         0.0000
 EKCMT  =    112014.6050  VIRIAL  =    117059.7880  VOLUME     =   4329915.2860
                                                    Density    =         1.0099
 ------------------------------------------------------------------------------


 NSTEP =   550000   TIME(PS) =  151675.000  TEMP(K) =   300.38  PRESS =   -92.6
 Etot   =  -1017873.4208  EKtot   =    263551.6562  EPtot      =  -1281425.0770
 BOND   =     10591.3923  ANGLE   =     27889.6006  DIHED      =     32600.9457
 1-4 NB =     12409.8880  1-4 EEL =    135251.4258  VDWAALS    =    152196.8415
 EELEC  =  -1652365.1710  EHBOND  =         0.0000  RESTRAINT  =         0.0000
 EKCMT  =    112765.1637  VIRIAL  =    121429.1530  VOLUME     =   4331965.0270
                                                    Density    =         1.0094
 ------------------------------------------------------------------------------


 NSTEP =   600000   TIME(PS) =  151775.000  TEMP(K) =   300.14  PRESS =    30.4
 Etot   =  -1018170.1439  EKtot   =    263342.1875  EPtot      =  -1281512.3314
 BOND   =     10369.3053  ANGLE   =     28025.6464  DIHED      =     32531.5688
 1-4 NB =     12336.8298  1-4 EEL =    135288.0416  VDWAALS    =    152682.7210
 EELEC  =  -1652746.4443  EHBOND  =         0.0000  RESTRAINT  =         0.0000
 EKCMT  =    112112.7664  VIRIAL  =    109264.9230  VOLUME     =   4333619.3814
                                                    Density    =         1.0090
 ------------------------------------------------------------------------------


 NSTEP =   650000   TIME(PS) =  151875.000  TEMP(K) =   299.72  PRESS =    37.8
 Etot   =  -1018561.0163  EKtot   =    262974.0000  EPtot      =  -1281535.0163
 BOND   =     10412.7161  ANGLE   =     27939.0723  DIHED      =     32713.0502
 1-4 NB =     12336.2989  1-4 EEL =    135175.9879  VDWAALS    =    153745.7162
 EELEC  =  -1653857.8580  EHBOND  =         0.0000  RESTRAINT  =         0.0000
 EKCMT  =    111962.0426  VIRIAL  =    108429.2967  VOLUME     =   4331711.9347
                                                    Density    =         1.0095
 ------------------------------------------------------------------------------


 NSTEP =   700000   TIME(PS) =  151975.000  TEMP(K) =   299.78  PRESS =  -111.7
 Etot   =  -1018217.4510  EKtot   =    263031.1562  EPtot      =  -1281248.6073
 BOND   =     10563.5329  ANGLE   =     27860.0254  DIHED      =     32605.6571
 1-4 NB =     12369.5084  1-4 EEL =    135104.9345  VDWAALS    =    152356.5940
 EELEC  =  -1652108.8596  EHBOND  =         0.0000  RESTRAINT  =         0.0000
 EKCMT  =    112054.3520  VIRIAL  =    122500.4579  VOLUME     =   4333098.0053
                                                    Density    =         1.0092
 ------------------------------------------------------------------------------


 NSTEP =   750000   TIME(PS) =  152075.000  TEMP(K) =   300.79  PRESS =   -29.8
 Etot   =  -1017550.3201  EKtot   =    263909.4062  EPtot      =  -1281459.7264
 BOND   =     10606.5470  ANGLE   =     27793.9546  DIHED      =     32564.3526
 1-4 NB =     12416.0297  1-4 EEL =    135172.1418  VDWAALS    =    153117.8566
 EELEC  =  -1653130.6087  EHBOND  =         0.0000  RESTRAINT  =         0.0000
 EKCMT  =    112176.6379  VIRIAL  =    114961.1516  VOLUME     =   4331634.7682
                                                    Density    =         1.0095
 ------------------------------------------------------------------------------


 NSTEP =   800000   TIME(PS) =  152175.000  TEMP(K) =   299.77  PRESS =   100.0
 Etot   =  -1017854.5314  EKtot   =    263016.6875  EPtot      =  -1280871.2189
 BOND   =     10474.3383  ANGLE   =     28074.1749  DIHED      =     32582.5909
 1-4 NB =     12320.4135  1-4 EEL =    135184.5403  VDWAALS    =    152563.4266
 EELEC  =  -1652070.7033  EHBOND  =         0.0000  RESTRAINT  =         0.0000
 EKCMT  =    112288.4090  VIRIAL  =    102937.5138  VOLUME     =   4331760.3758
                                                    Density    =         1.0095
 ------------------------------------------------------------------------------


 NSTEP =   850000   TIME(PS) =  152275.000  TEMP(K) =   298.82  PRESS =    56.7
 Etot   =  -1018460.9565  EKtot   =    262182.5000  EPtot      =  -1280643.4565
 BOND   =     10643.7786  ANGLE   =     27880.1376  DIHED      =     32630.9015
 1-4 NB =     12376.5222  1-4 EEL =    135283.7552  VDWAALS    =    152849.5809
 EELEC  =  -1652308.1326  EHBOND  =         0.0000  RESTRAINT  =         0.0000
 EKCMT  =    111631.8906  VIRIAL  =    106328.3539  VOLUME     =   4329905.5030
                                                    Density    =         1.0099
 ------------------------------------------------------------------------------


 NSTEP =   900000   TIME(PS) =  152375.000  TEMP(K) =   300.21  PRESS =    15.7
 Etot   =  -1017569.6743  EKtot   =    263402.5312  EPtot      =  -1280972.2056
 BOND   =     10489.2028  ANGLE   =     28045.8095  DIHED      =     32664.8462
 1-4 NB =     12403.8047  1-4 EEL =    135283.5783  VDWAALS    =    152991.9991
 EELEC  =  -1652851.4462  EHBOND  =         0.0000  RESTRAINT  =         0.0000
 EKCMT  =    112076.1300  VIRIAL  =    110606.7013  VOLUME     =   4336157.8938
                                                    Density    =         1.0084
 ------------------------------------------------------------------------------


 NSTEP =   950000   TIME(PS) =  152475.000  TEMP(K) =   298.93  PRESS =    74.6
 Etot   =  -1017745.2589  EKtot   =    262285.5000  EPtot      =  -1280030.7589
 BOND   =     10416.7085  ANGLE   =     27729.6134  DIHED      =     32700.1679
 1-4 NB =     12353.2339  1-4 EEL =    135285.1426  VDWAALS    =    153034.4258
 EELEC  =  -1651550.0510  EHBOND  =         0.0000  RESTRAINT  =         0.0000
 EKCMT  =    111777.9073  VIRIAL  =    104800.8154  VOLUME     =   4334043.7695
                                                    Density    =         1.0089
 ------------------------------------------------------------------------------


 NSTEP =  1000000   TIME(PS) =  152575.000  TEMP(K) =   300.27  PRESS =    24.2
 Etot   =  -1016910.2857  EKtot   =    263458.0312  EPtot      =  -1280368.3170
 BOND   =     10546.2449  ANGLE   =     27962.1266  DIHED      =     32624.6927
 1-4 NB =     12293.0867  1-4 EEL =    135016.3324  VDWAALS    =    152165.9576
 EELEC  =  -1650976.7579  EHBOND  =         0.0000  RESTRAINT  =         0.0000
 EKCMT  =    112184.2362  VIRIAL  =    109917.7618  VOLUME     =   4330438.7807
                                                    Density    =         1.0098
 ------------------------------------------------------------------------------


 NSTEP =  1050000   TIME(PS) =  152675.000  TEMP(K) =   299.34  PRESS =    -4.4
 Etot   =  -1019435.0358  EKtot   =    262639.3125  EPtot      =  -1282074.3483
 BOND   =     10596.6787  ANGLE   =     27772.2313  DIHED      =     32565.4584
 1-4 NB =     12419.8115  1-4 EEL =    135286.3528  VDWAALS    =    153722.3685
 EELEC  =  -1654437.2496  EHBOND  =         0.0000  RESTRAINT  =         0.0000
 EKCMT  =    111813.1314  VIRIAL  =    112229.1211  VOLUME     =   4331297.7138
                                                    Density    =         1.0096
 ------------------------------------------------------------------------------


 NSTEP =  1100000   TIME(PS) =  152775.000  TEMP(K) =   299.85  PRESS =    73.5
 Etot   =  -1017704.1282  EKtot   =    263092.2500  EPtot      =  -1280796.3782
 BOND   =     10402.7284  ANGLE   =     27880.8909  DIHED      =     32639.3600
 1-4 NB =     12430.5893  1-4 EEL =    135338.5974  VDWAALS    =    152712.0563
 EELEC  =  -1652200.6007  EHBOND  =         0.0000  RESTRAINT  =         0.0000
 EKCMT  =    112158.9494  VIRIAL  =    105285.0029  VOLUME     =   4334140.3193
                                                    Density    =         1.0089
 ------------------------------------------------------------------------------


 NSTEP =  1150000   TIME(PS) =  152875.000  TEMP(K) =   299.71  PRESS =   -39.7
 Etot   =  -1018098.1221  EKtot   =    262964.4375  EPtot      =  -1281062.5596
 BOND   =     10368.3042  ANGLE   =     27771.1810  DIHED      =     32472.7468
 1-4 NB =     12431.1822  1-4 EEL =    135354.5984  VDWAALS    =    152496.5973
 EELEC  =  -1651957.1694  EHBOND  =         0.0000  RESTRAINT  =         0.0000
 EKCMT  =    111964.4011  VIRIAL  =    115675.7781  VOLUME     =   4332735.0054
                                                    Density    =         1.0092
 ------------------------------------------------------------------------------


 NSTEP =  1200000   TIME(PS) =  152975.000  TEMP(K) =   299.24  PRESS =   -21.0
 Etot   =  -1017839.4560  EKtot   =    262555.3125  EPtot      =  -1280394.7685
 BOND   =     10504.1288  ANGLE   =     27837.1365  DIHED      =     32635.6673
 1-4 NB =     12426.2170  1-4 EEL =    135369.4161  VDWAALS    =    152724.2244
 EELEC  =  -1651891.5587  EHBOND  =         0.0000  RESTRAINT  =         0.0000
 EKCMT  =    112242.7315  VIRIAL  =    114212.9739  VOLUME     =   4335218.2127
                                                    Density    =         1.0087
 ------------------------------------------------------------------------------


 NSTEP =  1250000   TIME(PS) =  153075.000  TEMP(K) =   300.44  PRESS =   -14.6
 Etot   =  -1017347.1265  EKtot   =    263609.5000  EPtot      =  -1280956.6265
 BOND   =     10336.5358  ANGLE   =     27792.6295  DIHED      =     32630.3037
 1-4 NB =     12484.1456  1-4 EEL =    135209.3247  VDWAALS    =    152389.4778
 EELEC  =  -1651799.0436  EHBOND  =         0.0000  RESTRAINT  =         0.0000
 EKCMT  =    112594.4529  VIRIAL  =    113957.0454  VOLUME     =   4335805.7471
                                                    Density    =         1.0085
 ------------------------------------------------------------------------------


 NSTEP =  1300000   TIME(PS) =  153175.000  TEMP(K) =   299.97  PRESS =    78.9
 Etot   =  -1017583.5870  EKtot   =    263195.0938  EPtot      =  -1280778.6807
 BOND   =     10374.8858  ANGLE   =     27809.5309  DIHED      =     32523.3147
 1-4 NB =     12370.9454  1-4 EEL =    135258.6441  VDWAALS    =    153177.3756
 EELEC  =  -1652293.3771  EHBOND  =         0.0000  RESTRAINT  =         0.0000
 EKCMT  =    111919.2228  VIRIAL  =    104534.9999  VOLUME     =   4335616.5990
                                                    Density    =         1.0086
 ------------------------------------------------------------------------------


 NSTEP =  1350000   TIME(PS) =  153275.000  TEMP(K) =   300.10  PRESS =   -30.5
 Etot   =  -1017458.4346  EKtot   =    263307.8125  EPtot      =  -1280766.2471
 BOND   =     10598.2572  ANGLE   =     27983.6458  DIHED      =     32605.9594
 1-4 NB =     12398.8448  1-4 EEL =    135177.9942  VDWAALS    =    152392.8043
 EELEC  =  -1651923.7529  EHBOND  =         0.0000  RESTRAINT  =         0.0000
 EKCMT  =    112055.5695  VIRIAL  =    114907.3581  VOLUME     =   4330988.7763
                                                    Density    =         1.0096
 ------------------------------------------------------------------------------


 NSTEP =  1400000   TIME(PS) =  153375.000  TEMP(K) =   299.53  PRESS =    -1.3
 Etot   =  -1017199.0575  EKtot   =    262809.5625  EPtot      =  -1280008.6200
 BOND   =     10404.8908  ANGLE   =     28070.6049  DIHED      =     32579.8450
 1-4 NB =     12372.0045  1-4 EEL =    135197.1928  VDWAALS    =    152661.5790
 EELEC  =  -1651294.7371  EHBOND  =         0.0000  RESTRAINT  =         0.0000
 EKCMT  =    112532.5538  VIRIAL  =    112655.7589  VOLUME     =   4332099.7104
                                                    Density    =         1.0094
 ------------------------------------------------------------------------------


 NSTEP =  1450000   TIME(PS) =  153475.000  TEMP(K) =   300.12  PRESS =   -16.8
 Etot   =  -1016301.3401  EKtot   =    263325.6250  EPtot      =  -1279626.9651
 BOND   =     10523.1741  ANGLE   =     28186.4543  DIHED      =     32482.6239
 1-4 NB =     12426.9869  1-4 EEL =    135373.2069  VDWAALS    =    152074.0002
 EELEC  =  -1650693.4114  EHBOND  =         0.0000  RESTRAINT  =         0.0000
 EKCMT  =    112285.5304  VIRIAL  =    113856.3293  VOLUME     =   4334353.4863
                                                    Density    =         1.0089
 ------------------------------------------------------------------------------


 NSTEP =  1500000   TIME(PS) =  153575.000  TEMP(K) =   300.31  PRESS =   -55.0
 Etot   =  -1016569.9609  EKtot   =    263495.7188  EPtot      =  -1280065.6797
 BOND   =     10503.8195  ANGLE   =     27918.2452  DIHED      =     32484.4479
 1-4 NB =     12361.0674  1-4 EEL =    134900.6039  VDWAALS    =    151744.8488
 EELEC  =  -1649978.7123  EHBOND  =         0.0000  RESTRAINT  =         0.0000
 EKCMT  =    112164.3182  VIRIAL  =    117307.0026  VOLUME     =   4332603.6507
                                                    Density    =         1.0093
 ------------------------------------------------------------------------------


 NSTEP =  1550000   TIME(PS) =  153675.000  TEMP(K) =   299.00  PRESS =  -101.3
 Etot   =  -1018987.2531  EKtot   =    262339.7812  EPtot      =  -1281327.0344
 BOND   =     10494.3016  ANGLE   =     27874.3287  DIHED      =     32607.3291
 1-4 NB =     12371.5319  1-4 EEL =    135096.8985  VDWAALS    =    151956.4619
 EELEC  =  -1651727.8861  EHBOND  =         0.0000  RESTRAINT  =         0.0000
 EKCMT  =    111616.7129  VIRIAL  =    121085.5021  VOLUME     =   4331330.9617
                                                    Density    =         1.0096
 ------------------------------------------------------------------------------


 NSTEP =  1600000   TIME(PS) =  153775.000  TEMP(K) =   299.95  PRESS =   -73.9
 Etot   =  -1017008.8698  EKtot   =    263177.7188  EPtot      =  -1280186.5885
 BOND   =     10362.2796  ANGLE   =     27944.9605  DIHED      =     32603.1429
 1-4 NB =     12470.7014  1-4 EEL =    135470.9883  VDWAALS    =    151837.7184
 EELEC  =  -1650876.3797  EHBOND  =         0.0000  RESTRAINT  =         0.0000
 EKCMT  =    112031.8919  VIRIAL  =    118946.7649  VOLUME     =   4331564.2104
                                                    Density    =         1.0095
 ------------------------------------------------------------------------------


 NSTEP =  1650000   TIME(PS) =  153875.000  TEMP(K) =   300.19  PRESS =   -27.8
 Etot   =  -1017732.9847  EKtot   =    263384.0938  EPtot      =  -1281117.0785
 BOND   =     10471.2223  ANGLE   =     28119.1682  DIHED      =     32620.8527
 1-4 NB =     12421.7158  1-4 EEL =    135068.1250  VDWAALS    =    151889.2082
 EELEC  =  -1651707.3708  EHBOND  =         0.0000  RESTRAINT  =         0.0000
 EKCMT  =    112229.4404  VIRIAL  =    114832.3573  VOLUME     =   4333348.0606
                                                    Density    =         1.0091
 ------------------------------------------------------------------------------


 NSTEP =  1700000   TIME(PS) =  153975.000  TEMP(K) =   300.17  PRESS =    16.8
 Etot   =  -1017061.0974  EKtot   =    263370.7188  EPtot      =  -1280431.8161
 BOND   =     10394.2867  ANGLE   =     28031.5922  DIHED      =     32714.0027
 1-4 NB =     12362.9481  1-4 EEL =    135124.7492  VDWAALS    =    152273.6859
 EELEC  =  -1651333.0810  EHBOND  =         0.0000  RESTRAINT  =         0.0000
 EKCMT  =    112096.3223  VIRIAL  =    110520.7513  VOLUME     =   4333011.7827
                                                    Density    =         1.0092
 ------------------------------------------------------------------------------


 NSTEP =  1750000   TIME(PS) =  154075.000  TEMP(K) =   300.43  PRESS =   -12.7
 Etot   =  -1016535.6175  EKtot   =    263600.0000  EPtot      =  -1280135.6175
 BOND   =     10493.3083  ANGLE   =     27891.9162  DIHED      =     32635.9331
 1-4 NB =     12395.5108  1-4 EEL =    135230.0341  VDWAALS    =    152651.7581
 EELEC  =  -1651434.0782  EHBOND  =         0.0000  RESTRAINT  =         0.0000
 EKCMT  =    112333.6509  VIRIAL  =    113523.3036  VOLUME     =   4335941.2279
                                                    Density    =         1.0085
 ------------------------------------------------------------------------------


 NSTEP =  1800000   TIME(PS) =  154175.000  TEMP(K) =   299.20  PRESS =     3.5
 Etot   =  -1018972.7400  EKtot   =    262521.4062  EPtot      =  -1281494.1463
 BOND   =     10516.9980  ANGLE   =     27940.0618  DIHED      =     32592.2675
 1-4 NB =     12399.6002  1-4 EEL =    135232.0996  VDWAALS    =    151961.5644
 EELEC  =  -1652136.7377  EHBOND  =         0.0000  RESTRAINT  =         0.0000
 EKCMT  =    111654.5065  VIRIAL  =    111330.7559  VOLUME     =   4332410.1932
                                                    Density    =         1.0093
 ------------------------------------------------------------------------------


 NSTEP =  1850000   TIME(PS) =  154275.000  TEMP(K) =   300.89  PRESS =   -41.8
 Etot   =  -1018779.5123  EKtot   =    264001.3125  EPtot      =  -1282780.8248
 BOND   =     10504.1347  ANGLE   =     28037.7054  DIHED      =     32631.4292
 1-4 NB =     12354.5823  1-4 EEL =    135106.6202  VDWAALS    =    152841.6328
 EELEC  =  -1654256.9294  EHBOND  =         0.0000  RESTRAINT  =         0.0000
 EKCMT  =    112245.8226  VIRIAL  =    116154.6109  VOLUME     =   4330146.4500
                                                    Density    =         1.0098
 ------------------------------------------------------------------------------


 NSTEP =  1900000   TIME(PS) =  154375.000  TEMP(K) =   299.75  PRESS =   -52.0
 Etot   =  -1018471.3753  EKtot   =    263000.1562  EPtot      =  -1281471.5316
 BOND   =     10497.9263  ANGLE   =     27885.5974  DIHED      =     32436.4464
 1-4 NB =     12352.9198  1-4 EEL =    135078.0636  VDWAALS    =    152569.2510
 EELEC  =  -1652291.7360  EHBOND  =         0.0000  RESTRAINT  =         0.0000
 EKCMT  =    112218.0857  VIRIAL  =    117077.0520  VOLUME     =   4331565.9595
                                                    Density    =         1.0095
 ------------------------------------------------------------------------------


 NSTEP =  1950000   TIME(PS) =  154475.000  TEMP(K) =   299.63  PRESS =   -61.1
 Etot   =  -1018682.1964  EKtot   =    262895.7500  EPtot      =  -1281577.9464
 BOND   =     10441.2389  ANGLE   =     28185.0492  DIHED      =     32621.3245
 1-4 NB =     12350.5750  1-4 EEL =    134985.3558  VDWAALS    =    152324.3474
 EELEC  =  -1652485.8373  EHBOND  =         0.0000  RESTRAINT  =         0.0000
 EKCMT  =    111981.0215  VIRIAL  =    117691.5257  VOLUME     =   4329920.4470
                                                    Density    =         1.0099
 ------------------------------------------------------------------------------


 NSTEP =  2000000   TIME(PS) =  154575.000  TEMP(K) =   299.26  PRESS =     9.9
 Etot   =  -1017704.2797  EKtot   =    262568.9688  EPtot      =  -1280273.2484
 BOND   =     10432.7330  ANGLE   =     27813.6596  DIHED      =     32649.3623
 1-4 NB =     12406.5564  1-4 EEL =    135068.2153  VDWAALS    =    152929.7123
 EELEC  =  -1651573.4874  EHBOND  =         0.0000  RESTRAINT  =         0.0000
 EKCMT  =    111645.4570  VIRIAL  =    110720.0872  VOLUME     =   4335668.4893
                                                    Density    =         1.0086
 ------------------------------------------------------------------------------


 NSTEP =  2050000   TIME(PS) =  154675.000  TEMP(K) =   299.62  PRESS =    60.5
 Etot   =  -1018695.5720  EKtot   =    262883.4688  EPtot      =  -1281579.0407
 BOND   =     10427.2916  ANGLE   =     28024.2296  DIHED      =     32629.2212
 1-4 NB =     12327.9232  1-4 EEL =    135108.8615  VDWAALS    =    152397.4181
 EELEC  =  -1652493.9861  EHBOND  =         0.0000  RESTRAINT  =         0.0000
 EKCMT  =    111992.6623  VIRIAL  =    106328.2435  VOLUME     =   4333824.4451
                                                    Density    =         1.0090
 ------------------------------------------------------------------------------


 NSTEP =  2100000   TIME(PS) =  154775.000  TEMP(K) =   300.59  PRESS =   -44.1
 Etot   =  -1017304.0690  EKtot   =    263741.8125  EPtot      =  -1281045.8815
 BOND   =     10485.1339  ANGLE   =     27706.2417  DIHED      =     32563.3584
 1-4 NB =     12450.2029  1-4 EEL =    135358.3681  VDWAALS    =    152322.3522
 EELEC  =  -1651931.5387  EHBOND  =         0.0000  RESTRAINT  =         0.0000
 EKCMT  =    112571.7748  VIRIAL  =    116698.1649  VOLUME     =   4334755.1044
                                                    Density    =         1.0088
 ------------------------------------------------------------------------------


 NSTEP =  2150000   TIME(PS) =  154875.000  TEMP(K) =   299.77  PRESS =    12.7
 Etot   =  -1017982.0995  EKtot   =    263018.8125  EPtot      =  -1281000.9120
 BOND   =     10490.9081  ANGLE   =     27891.6417  DIHED      =     32624.6885
 1-4 NB =     12346.7863  1-4 EEL =    135298.4583  VDWAALS    =    152814.0898
 EELEC  =  -1652467.4848  EHBOND  =         0.0000  RESTRAINT  =         0.0000
 EKCMT  =    112515.0467  VIRIAL  =    111324.0705  VOLUME     =   4333267.1144
                                                    Density    =         1.0091
 ------------------------------------------------------------------------------


 NSTEP =  2200000   TIME(PS) =  154975.000  TEMP(K) =   300.10  PRESS =    25.6
 Etot   =  -1016713.0806  EKtot   =    263305.3438  EPtot      =  -1280018.4243
 BOND   =     10469.0528  ANGLE   =     28055.5974  DIHED      =     32699.1586
 1-4 NB =     12398.5595  1-4 EEL =    135239.5715  VDWAALS    =    152588.1080
 EELEC  =  -1651468.4721  EHBOND  =         0.0000  RESTRAINT  =         0.0000
 EKCMT  =    112255.0935  VIRIAL  =    109860.6130  VOLUME     =   4335675.6729
                                                    Density    =         1.0086
 ------------------------------------------------------------------------------


 NSTEP =  2250000   TIME(PS) =  155075.000  TEMP(K) =   300.24  PRESS =    14.7
 Etot   =  -1017975.7373  EKtot   =    263433.2500  EPtot      =  -1281408.9873
 BOND   =     10576.7175  ANGLE   =     27503.2265  DIHED      =     32491.1162
 1-4 NB =     12419.0630  1-4 EEL =    135292.4889  VDWAALS    =    152465.0912
 EELEC  =  -1652156.6906  EHBOND  =         0.0000  RESTRAINT  =         0.0000
 EKCMT  =    112064.4950  VIRIAL  =    110686.2779  VOLUME     =   4333884.4350
                                                    Density    =         1.0090
 ------------------------------------------------------------------------------


 NSTEP =  2300000   TIME(PS) =  155175.000  TEMP(K) =   300.01  PRESS =    -9.6
 Etot   =  -1017806.7581  EKtot   =    263226.5938  EPtot      =  -1281033.3519
 BOND   =     10420.1756  ANGLE   =     27761.1125  DIHED      =     32739.3848
 1-4 NB =     12454.1197  1-4 EEL =    135281.6155  VDWAALS    =    153008.6256
 EELEC  =  -1652698.3856  EHBOND  =         0.0000  RESTRAINT  =         0.0000
 EKCMT  =    112045.2108  VIRIAL  =    112939.0345  VOLUME     =   4334524.1253
                                                    Density    =         1.0088
 ------------------------------------------------------------------------------


 NSTEP =  2350000   TIME(PS) =  155275.000  TEMP(K) =   299.79  PRESS =    11.4
 Etot   =  -1016881.2951  EKtot   =    263037.5312  EPtot      =  -1279918.8264
 BOND   =     10506.6424  ANGLE   =     27957.1916  DIHED      =     32596.7407
 1-4 NB =     12316.0705  1-4 EEL =    134958.7417  VDWAALS    =    153567.0084
 EELEC  =  -1651821.2217  EHBOND  =         0.0000  RESTRAINT  =         0.0000
 EKCMT  =    111821.9674  VIRIAL  =    110755.0265  VOLUME     =   4334236.1438
                                                    Density    =         1.0089
 ------------------------------------------------------------------------------


 NSTEP =  2400000   TIME(PS) =  155375.000  TEMP(K) =   300.51  PRESS =   -23.1
 Etot   =  -1017072.9311  EKtot   =    263664.7500  EPtot      =  -1280737.6811
 BOND   =     10467.7363  ANGLE   =     27944.4955  DIHED      =     32640.5559
 1-4 NB =     12435.8896  1-4 EEL =    135357.0609  VDWAALS    =    151857.9860
 EELEC  =  -1651441.4053  EHBOND  =         0.0000  RESTRAINT  =         0.0000
 EKCMT  =    112170.6443  VIRIAL  =    114331.7498  VOLUME     =   4330640.5123
                                                    Density    =         1.0097
 ------------------------------------------------------------------------------


 NSTEP =  2450000   TIME(PS) =  155475.000  TEMP(K) =   299.72  PRESS =    68.4
 Etot   =  -1017951.4717  EKtot   =    262971.6875  EPtot      =  -1280923.1592
 BOND   =     10653.0618  ANGLE   =     27679.2717  DIHED      =     32480.2578
 1-4 NB =     12439.3226  1-4 EEL =    135254.5062  VDWAALS    =    153226.8213
 EELEC  =  -1652656.4005  EHBOND  =         0.0000  RESTRAINT  =         0.0000
 EKCMT  =    111762.7275  VIRIAL  =    105357.6220  VOLUME     =   4335338.6321
                                                    Density    =         1.0086
 ------------------------------------------------------------------------------


 NSTEP =  2500000   TIME(PS) =  155575.000  TEMP(K) =   300.22  PRESS =    27.3
 Etot   =  -1016770.2199  EKtot   =    263410.4375  EPtot      =  -1280180.6574
 BOND   =     10683.2034  ANGLE   =     27984.4246  DIHED      =     32632.6099
 1-4 NB =     12291.3890  1-4 EEL =    134848.1080  VDWAALS    =    152178.3583
 EELEC  =  -1650798.7505  EHBOND  =         0.0000  RESTRAINT  =         0.0000
 EKCMT  =    112336.9104  VIRIAL  =    109781.6595  VOLUME     =   4335002.6061
                                                    Density    =         1.0087
 ------------------------------------------------------------------------------


 NSTEP =  2550000   TIME(PS) =  155675.000  TEMP(K) =   299.95  PRESS =     2.1
 Etot   =  -1017913.3319  EKtot   =    263176.5938  EPtot      =  -1281089.9256
 BOND   =     10705.8197  ANGLE   =     27982.4613  DIHED      =     32607.9298
 1-4 NB =     12349.8071  1-4 EEL =    134835.0126  VDWAALS    =    153447.3960
 EELEC  =  -1653018.3522  EHBOND  =         0.0000  RESTRAINT  =         0.0000
 EKCMT  =    112144.1411  VIRIAL  =    111948.1676  VOLUME     =   4332448.2397
                                                    Density    =         1.0093
 ------------------------------------------------------------------------------


 NSTEP =  2600000   TIME(PS) =  155775.000  TEMP(K) =   299.91  PRESS =   -60.2
 Etot   =  -1018720.2492  EKtot   =    263138.6875  EPtot      =  -1281858.9367
 BOND   =     10325.4267  ANGLE   =     27870.3312  DIHED      =     32704.3424
 1-4 NB =     12329.4162  1-4 EEL =    135108.9031  VDWAALS    =    152089.9182
 EELEC  =  -1652287.2745  EHBOND  =         0.0000  RESTRAINT  =         0.0000
 EKCMT  =    112025.3976  VIRIAL  =    117655.5274  VOLUME     =   4333157.3775
                                                    Density    =         1.0091
 ------------------------------------------------------------------------------


 NSTEP =  2650000   TIME(PS) =  155875.000  TEMP(K) =   300.24  PRESS =   -25.6
 Etot   =  -1016686.5377  EKtot   =    263430.0625  EPtot      =  -1280116.6002
 BOND   =     10557.5450  ANGLE   =     28080.5920  DIHED      =     32793.8538
 1-4 NB =     12294.7357  1-4 EEL =    135079.8797  VDWAALS    =    152639.2866
 EELEC  =  -1651562.4929  EHBOND  =         0.0000  RESTRAINT  =         0.0000
 EKCMT  =    111840.9379  VIRIAL  =    114236.2491  VOLUME     =   4331107.7170
                                                    Density    =         1.0096
 ------------------------------------------------------------------------------


 NSTEP =  2700000   TIME(PS) =  155975.000  TEMP(K) =   300.03  PRESS =   -66.4
 Etot   =  -1017467.6451  EKtot   =    263246.3438  EPtot      =  -1280713.9889
 BOND   =     10410.0013  ANGLE   =     27859.4644  DIHED      =     32604.4555
 1-4 NB =     12392.1944  1-4 EEL =    135281.8260  VDWAALS    =    151544.0093
 EELEC  =  -1650805.9399  EHBOND  =         0.0000  RESTRAINT  =         0.0000
 EKCMT  =    112358.1406  VIRIAL  =    118572.5787  VOLUME     =   4332932.5574
                                                    Density    =         1.0092
 ------------------------------------------------------------------------------


 NSTEP =  2750000   TIME(PS) =  156075.000  TEMP(K) =   299.15  PRESS =    58.8
 Etot   =  -1018770.0669  EKtot   =    262475.8750  EPtot      =  -1281245.9419
 BOND   =     10549.4992  ANGLE   =     28016.7967  DIHED      =     32754.8373
 1-4 NB =     12304.3091  1-4 EEL =    135088.6261  VDWAALS    =    153448.3454
 EELEC  =  -1653408.3557  EHBOND  =         0.0000  RESTRAINT  =         0.0000
 EKCMT  =    111880.1213  VIRIAL  =    106381.5698  VOLUME     =   4332995.3218
                                                    Density    =         1.0092
 ------------------------------------------------------------------------------


 NSTEP =  2800000   TIME(PS) =  156175.000  TEMP(K) =   300.29  PRESS =    13.6
 Etot   =  -1017830.8933  EKtot   =    263473.2500  EPtot      =  -1281304.1433
 BOND   =     10534.2409  ANGLE   =     28019.4295  DIHED      =     32623.9153
 1-4 NB =     12340.7909  1-4 EEL =    135184.7932  VDWAALS    =    152410.0064
 EELEC  =  -1652417.3195  EHBOND  =         0.0000  RESTRAINT  =         0.0000
 EKCMT  =    111950.7035  VIRIAL  =    110680.4748  VOLUME     =   4329366.2426
                                                    Density    =         1.0100
 ------------------------------------------------------------------------------


 NSTEP =  2850000   TIME(PS) =  156275.000  TEMP(K) =   299.92  PRESS =    53.5
 Etot   =  -1017055.1612  EKtot   =    263148.3438  EPtot      =  -1280203.5050
 BOND   =     10421.8714  ANGLE   =     27902.3740  DIHED      =     32710.7314
 1-4 NB =     12419.0316  1-4 EEL =    135319.1098  VDWAALS    =    153424.9628
 EELEC  =  -1652401.5859  EHBOND  =         0.0000  RESTRAINT  =         0.0000
 EKCMT  =    112286.8052  VIRIAL  =    107280.4810  VOLUME     =   4332671.5857
                                                    Density    =         1.0093
 ------------------------------------------------------------------------------


 NSTEP =  2900000   TIME(PS) =  156375.000  TEMP(K) =   299.38  PRESS =   -27.6
 Etot   =  -1017763.5069  EKtot   =    262676.4375  EPtot      =  -1280439.9444
 BOND   =     10379.4560  ANGLE   =     27988.6344  DIHED      =     32794.8535
 1-4 NB =     12296.4788  1-4 EEL =    135197.0838  VDWAALS    =    152277.1314
 EELEC  =  -1651373.5824  EHBOND  =         0.0000  RESTRAINT  =         0.0000
 EKCMT  =    112197.7153  VIRIAL  =    114784.3297  VOLUME     =   4333880.3949
                                                    Density    =         1.0090
 ------------------------------------------------------------------------------


 NSTEP =  2950000   TIME(PS) =  156475.000  TEMP(K) =   299.24  PRESS =     8.7
 Etot   =  -1018645.1862  EKtot   =    262553.9688  EPtot      =  -1281199.1550
 BOND   =     10293.4979  ANGLE   =     27853.6080  DIHED      =     32603.1472
 1-4 NB =     12421.2013  1-4 EEL =    135445.5722  VDWAALS    =    152080.8635
 EELEC  =  -1651897.0451  EHBOND  =         0.0000  RESTRAINT  =         0.0000
 EKCMT  =    111595.7708  VIRIAL  =    110779.6641  VOLUME     =   4332131.4842
                                                    Density    =         1.0094
 ------------------------------------------------------------------------------


 NSTEP =  3000000   TIME(PS) =  156575.000  TEMP(K) =   299.64  PRESS =     3.7
 Etot   =  -1018010.2964  EKtot   =    262905.9688  EPtot      =  -1280916.2651
 BOND   =     10494.3309  ANGLE   =     27913.2007  DIHED      =     32676.3550
 1-4 NB =     12431.6537  1-4 EEL =    135261.0516  VDWAALS    =    152487.7203
 EELEC  =  -1652180.5775  EHBOND  =         0.0000  RESTRAINT  =         0.0000
 EKCMT  =    111998.9823  VIRIAL  =    111653.4425  VOLUME     =   4333238.5843
                                                    Density    =         1.0091
 ------------------------------------------------------------------------------


 NSTEP =  3050000   TIME(PS) =  156675.000  TEMP(K) =   300.06  PRESS =   -23.1
 Etot   =  -1017389.5768  EKtot   =    263272.2500  EPtot      =  -1280661.8268
 BOND   =     10521.8513  ANGLE   =     27776.2462  DIHED      =     32521.5253
 1-4 NB =     12355.6296  1-4 EEL =    135218.7036  VDWAALS    =    152282.1795
 EELEC  =  -1651337.9622  EHBOND  =         0.0000  RESTRAINT  =         0.0000
 EKCMT  =    112506.9227  VIRIAL  =    114670.3337  VOLUME     =   4333597.2284
                                                    Density    =         1.0090
 ------------------------------------------------------------------------------


 NSTEP =  3100000   TIME(PS) =  156775.000  TEMP(K) =   300.34  PRESS =   -54.5
 Etot   =  -1017339.9172  EKtot   =    263514.5312  EPtot      =  -1280854.4485
 BOND   =     10341.4262  ANGLE   =     27539.4491  DIHED      =     32688.6717
 1-4 NB =     12473.4270  1-4 EEL =    135353.3806  VDWAALS    =    151939.3550
 EELEC  =  -1651190.1580  EHBOND  =         0.0000  RESTRAINT  =         0.0000
 EKCMT  =    112234.9786  VIRIAL  =    117330.0252  VOLUME     =   4333757.5853
                                                    Density    =         1.0090
 ------------------------------------------------------------------------------


 NSTEP =  3150000   TIME(PS) =  156875.000  TEMP(K) =   300.63  PRESS =    52.7
 Etot   =  -1017169.0059  EKtot   =    263773.4062  EPtot      =  -1280942.4121
 BOND   =     10497.6484  ANGLE   =     27859.2208  DIHED      =     32611.6395
 1-4 NB =     12367.2325  1-4 EEL =    135369.7109  VDWAALS    =    152927.1173
 EELEC  =  -1652574.9816  EHBOND  =         0.0000  RESTRAINT  =         0.0000
 EKCMT  =    112332.4122  VIRIAL  =    107399.2316  VOLUME     =   4334607.8486
                                                    Density    =         1.0088
 ------------------------------------------------------------------------------


 NSTEP =  3200000   TIME(PS) =  156975.000  TEMP(K) =   300.18  PRESS =   -38.4
 Etot   =  -1017661.5410  EKtot   =    263380.6875  EPtot      =  -1281042.2285
 BOND   =     10314.5289  ANGLE   =     27903.3990  DIHED      =     32603.0538
 1-4 NB =     12407.2720  1-4 EEL =    135395.3771  VDWAALS    =    152241.4999
 EELEC  =  -1651907.3594  EHBOND  =         0.0000  RESTRAINT  =         0.0000
 EKCMT  =    112217.2432  VIRIAL  =    115810.0887  VOLUME     =   4332878.8232
                                                    Density    =         1.0092
 ------------------------------------------------------------------------------


 NSTEP =  3250000   TIME(PS) =  157075.000  TEMP(K) =   300.59  PRESS =   -67.4
 Etot   =  -1017067.3367  EKtot   =    263739.8125  EPtot      =  -1280807.1492
 BOND   =     10465.0965  ANGLE   =     27815.3078  DIHED      =     32666.7845
 1-4 NB =     12338.9727  1-4 EEL =    135157.9946  VDWAALS    =    152654.8492
 EELEC  =  -1651906.1545  EHBOND  =         0.0000  RESTRAINT  =         0.0000
 EKCMT  =    112265.7424  VIRIAL  =    118575.9328  VOLUME     =   4334361.0780
                                                    Density    =         1.0089
 ------------------------------------------------------------------------------


 NSTEP =  3300000   TIME(PS) =  157175.000  TEMP(K) =   300.12  PRESS =     6.4
 Etot   =  -1017252.9381  EKtot   =    263329.1250  EPtot      =  -1280582.0631
 BOND   =     10577.3522  ANGLE   =     28052.9227  DIHED      =     32532.0206
 1-4 NB =     12309.4632  1-4 EEL =    134975.9269  VDWAALS    =    153034.2609
 EELEC  =  -1652064.0096  EHBOND  =         0.0000  RESTRAINT  =         0.0000
 EKCMT  =    112120.9091  VIRIAL  =    111524.5473  VOLUME     =   4332753.3110
                                                    Density    =         1.0092
 ------------------------------------------------------------------------------


 NSTEP =  3350000   TIME(PS) =  157275.000  TEMP(K) =   299.79  PRESS =  -122.3
 Etot   =  -1018594.3972  EKtot   =    263035.1562  EPtot      =  -1281629.5534
 BOND   =     10400.2590  ANGLE   =     27910.8347  DIHED      =     32665.9572
 1-4 NB =     12389.8986  1-4 EEL =    135168.0393  VDWAALS    =    152506.9450
 EELEC  =  -1652671.4873  EHBOND  =         0.0000  RESTRAINT  =         0.0000
 EKCMT  =    111700.8773  VIRIAL  =    123149.9908  VOLUME     =   4334542.7013
                                                    Density    =         1.0088
 ------------------------------------------------------------------------------


 NSTEP =  3400000   TIME(PS) =  157375.000  TEMP(K) =   300.26  PRESS =   -43.1
 Etot   =  -1017034.2954  EKtot   =    263450.9688  EPtot      =  -1280485.2641
 BOND   =     10400.2370  ANGLE   =     28024.6978  DIHED      =     32532.8555
 1-4 NB =     12329.3628  1-4 EEL =    135026.3373  VDWAALS    =    151831.2442
 EELEC  =  -1650629.9988  EHBOND  =         0.0000  RESTRAINT  =         0.0000
 EKCMT  =    112316.1674  VIRIAL  =    116349.3073  VOLUME     =   4335966.3207
                                                    Density    =         1.0085
 ------------------------------------------------------------------------------


 NSTEP =  3450000   TIME(PS) =  157475.000  TEMP(K) =   298.83  PRESS =   120.4
 Etot   =  -1018039.7883  EKtot   =    262190.9375  EPtot      =  -1280230.7258
 BOND   =     10502.3332  ANGLE   =     27758.5896  DIHED      =     32601.4716
 1-4 NB =     12419.8238  1-4 EEL =    135154.9341  VDWAALS    =    153608.2471
 EELEC  =  -1652276.1252  EHBOND  =         0.0000  RESTRAINT  =         0.0000
 EKCMT  =    111778.9006  VIRIAL  =    100505.4796  VOLUME     =   4336432.3095
                                                    Density    =         1.0084
 ------------------------------------------------------------------------------


 NSTEP =  3500000   TIME(PS) =  157575.000  TEMP(K) =   299.11  PRESS =    -2.4
 Etot   =  -1018195.2179  EKtot   =    262443.1250  EPtot      =  -1280638.3429
 BOND   =     10323.3915  ANGLE   =     28067.1849  DIHED      =     32526.4271
 1-4 NB =     12418.4030  1-4 EEL =    135038.7265  VDWAALS    =    152761.4540
 EELEC  =  -1651773.9299  EHBOND  =         0.0000  RESTRAINT  =         0.0000
 EKCMT  =    111864.4673  VIRIAL  =    112087.8893  VOLUME     =   4335366.4788
                                                    Density    =         1.0086
 ------------------------------------------------------------------------------


 NSTEP =  3550000   TIME(PS) =  157675.000  TEMP(K) =   300.54  PRESS =     1.9
 Etot   =  -1016921.8481  EKtot   =    263693.6562  EPtot      =  -1280615.5044
 BOND   =     10507.9677  ANGLE   =     27893.4932  DIHED      =     32688.5480
 1-4 NB =     12408.5039  1-4 EEL =    135039.6612  VDWAALS    =    152444.2111
 EELEC  =  -1651597.8895  EHBOND  =         0.0000  RESTRAINT  =         0.0000
 EKCMT  =    112459.9808  VIRIAL  =    112283.3265  VOLUME     =   4332702.4245
                                                    Density    =         1.0092
 ------------------------------------------------------------------------------


 NSTEP =  3600000   TIME(PS) =  157775.000  TEMP(K) =   300.46  PRESS =    64.5
 Etot   =  -1017757.4709  EKtot   =    263625.3125  EPtot      =  -1281382.7834
 BOND   =     10319.3111  ANGLE   =     27972.5556  DIHED      =     32542.2504
 1-4 NB =     12401.2750  1-4 EEL =    135139.9811  VDWAALS    =    153401.4570
 EELEC  =  -1653159.6137  EHBOND  =         0.0000  RESTRAINT  =         0.0000
 EKCMT  =    112425.8076  VIRIAL  =    106392.2676  VOLUME     =   4333361.7648
                                                    Density    =         1.0091
 ------------------------------------------------------------------------------


 NSTEP =  3650000   TIME(PS) =  157875.000  TEMP(K) =   301.07  PRESS =   113.3
 Etot   =  -1016746.5209  EKtot   =    264158.9688  EPtot      =  -1280905.4896
 BOND   =     10433.3453  ANGLE   =     27849.3090  DIHED      =     32585.7742
 1-4 NB =     12415.8186  1-4 EEL =    135302.8869  VDWAALS    =    153236.2370
 EELEC  =  -1652728.8605  EHBOND  =         0.0000  RESTRAINT  =         0.0000
 EKCMT  =    112456.8738  VIRIAL  =    101857.7363  VOLUME     =   4332213.6348
                                                    Density    =         1.0094
 ------------------------------------------------------------------------------


 NSTEP =  3700000   TIME(PS) =  157975.000  TEMP(K) =   300.13  PRESS =    66.9
 Etot   =  -1016808.6113  EKtot   =    263330.0625  EPtot      =  -1280138.6738
 BOND   =     10408.4667  ANGLE   =     28207.8874  DIHED      =     32719.5280
 1-4 NB =     12295.3582  1-4 EEL =    135025.7042  VDWAALS    =    153262.1360
 EELEC  =  -1652057.7542  EHBOND  =         0.0000  RESTRAINT  =         0.0000
 EKCMT  =    111826.1813  VIRIAL  =    105571.4298  VOLUME     =   4332235.1792
                                                    Density    =         1.0094
 ------------------------------------------------------------------------------


 NSTEP =  3750000   TIME(PS) =  158075.000  TEMP(K) =   300.11  PRESS =    32.7
 Etot   =  -1016751.1256  EKtot   =    263315.1562  EPtot      =  -1280066.2819
 BOND   =     10499.3729  ANGLE   =     27864.1273  DIHED      =     32672.9665
 1-4 NB =     12387.9840  1-4 EEL =    135081.7305  VDWAALS    =    151845.2159
 EELEC  =  -1650417.6790  EHBOND  =         0.0000  RESTRAINT  =         0.0000
 EKCMT  =    112235.3199  VIRIAL  =    109177.9312  VOLUME     =   4331111.1834
                                                    Density    =         1.0096
 ------------------------------------------------------------------------------


 NSTEP =  3800000   TIME(PS) =  158175.000  TEMP(K) =   299.61  PRESS =   -65.2
 Etot   =  -1018756.1683  EKtot   =    262880.6875  EPtot      =  -1281636.8558
 BOND   =     10618.5084  ANGLE   =     27872.5202  DIHED      =     32625.1525
 1-4 NB =     12450.7389  1-4 EEL =    135279.8513  VDWAALS    =    152485.6077
 EELEC  =  -1652969.2349  EHBOND  =         0.0000  RESTRAINT  =         0.0000
 EKCMT  =    111681.1527  VIRIAL  =    117779.7896  VOLUME     =   4331385.5891
                                                    Density    =         1.0096
 ------------------------------------------------------------------------------


 NSTEP =  3850000   TIME(PS) =  158275.000  TEMP(K) =   299.48  PRESS =    37.6
 Etot   =  -1018254.3944  EKtot   =    262759.8438  EPtot      =  -1281014.2381
 BOND   =     10553.9133  ANGLE   =     27629.0475  DIHED      =     32680.5381
 1-4 NB =     12403.4154  1-4 EEL =    135233.1329  VDWAALS    =    152838.6514
 EELEC  =  -1652352.9368  EHBOND  =         0.0000  RESTRAINT  =         0.0000
 EKCMT  =    111609.6644  VIRIAL  =    108091.3808  VOLUME     =   4331800.3856
                                                    Density    =         1.0095
 ------------------------------------------------------------------------------


 NSTEP =  3900000   TIME(PS) =  158375.000  TEMP(K) =   300.29  PRESS =    21.4
 Etot   =  -1017838.9402  EKtot   =    263474.3438  EPtot      =  -1281313.2839
 BOND   =     10448.5339  ANGLE   =     27859.9759  DIHED      =     32662.0947
 1-4 NB =     12374.0187  1-4 EEL =    135032.3822  VDWAALS    =    152748.5395
 EELEC  =  -1652438.8288  EHBOND  =         0.0000  RESTRAINT  =         0.0000
 EKCMT  =    112185.6406  VIRIAL  =    110186.5990  VOLUME     =   4333495.2450
                                                    Density    =         1.0091
 ------------------------------------------------------------------------------


 NSTEP =  3950000   TIME(PS) =  158475.000  TEMP(K) =   299.71  PRESS =   -83.5
 Etot   =  -1017569.6048  EKtot   =    262967.6875  EPtot      =  -1280537.2923
 BOND   =     10521.8493  ANGLE   =     27719.2205  DIHED      =     32765.9272
 1-4 NB =     12452.8596  1-4 EEL =    135256.2694  VDWAALS    =    152491.0672
 EELEC  =  -1651744.4854  EHBOND  =         0.0000  RESTRAINT  =         0.0000
 EKCMT  =    112399.9417  VIRIAL  =    120209.8591  VOLUME     =   4331398.5700
                                                    Density    =         1.0096
 ------------------------------------------------------------------------------


 NSTEP =  4000000   TIME(PS) =  158575.000  TEMP(K) =   300.14  PRESS =    43.8
 Etot   =  -1016607.3779  EKtot   =    263345.9062  EPtot      =  -1279953.2842
 BOND   =     10468.8495  ANGLE   =     28124.9591  DIHED      =     32726.3493
 1-4 NB =     12376.6971  1-4 EEL =    135241.4219  VDWAALS    =    152168.6712
 EELEC  =  -1651060.2323  EHBOND  =         0.0000  RESTRAINT  =         0.0000
 EKCMT  =    111893.6840  VIRIAL  =    107794.0633  VOLUME     =   4331638.0024
                                                    Density    =         1.0095
 ------------------------------------------------------------------------------


 NSTEP =  4050000   TIME(PS) =  158675.000  TEMP(K) =   299.82  PRESS =   -10.5
 Etot   =  -1016799.4289  EKtot   =    263065.9062  EPtot      =  -1279865.3352
 BOND   =     10445.9945  ANGLE   =     28045.7157  DIHED      =     32650.7435
 1-4 NB =     12400.8809  1-4 EEL =    135118.6319  VDWAALS    =    151353.5123
 EELEC  =  -1649880.8141  EHBOND  =         0.0000  RESTRAINT  =         0.0000
 EKCMT  =    111976.9081  VIRIAL  =    112957.8198  VOLUME     =   4334629.9066
                                                    Density    =         1.0088
 ------------------------------------------------------------------------------


 NSTEP =  4100000   TIME(PS) =  158775.000  TEMP(K) =   299.92  PRESS =    71.2
 Etot   =  -1017985.9624  EKtot   =    263151.4062  EPtot      =  -1281137.3687
 BOND   =     10495.3278  ANGLE   =     27833.9134  DIHED      =     32581.3987
 1-4 NB =     12367.1302  1-4 EEL =    134998.8518  VDWAALS    =    152828.4901
 EELEC  =  -1652242.4807  EHBOND  =         0.0000  RESTRAINT  =         0.0000
 EKCMT  =    111878.9835  VIRIAL  =    105213.2759  VOLUME     =   4333758.6070
                                                    Density    =         1.0090
 ------------------------------------------------------------------------------


 NSTEP =  4150000   TIME(PS) =  158875.000  TEMP(K) =   299.36  PRESS =   -44.4
 Etot   =  -1017476.6834  EKtot   =    262661.1875  EPtot      =  -1280137.8709
 BOND   =     10481.6390  ANGLE   =     28092.6798  DIHED      =     32700.5871
 1-4 NB =     12427.4588  1-4 EEL =    135059.1021  VDWAALS    =    151536.7041
 EELEC  =  -1650436.0418  EHBOND  =         0.0000  RESTRAINT  =         0.0000
 EKCMT  =    111941.9079  VIRIAL  =    116097.7806  VOLUME     =   4331363.2276
                                                    Density    =         1.0096
 ------------------------------------------------------------------------------


 NSTEP =  4200000   TIME(PS) =  158975.000  TEMP(K) =   299.19  PRESS =   -62.7
 Etot   =  -1018867.2430  EKtot   =    262510.7500  EPtot      =  -1281377.9930
 BOND   =     10327.3738  ANGLE   =     27857.0591  DIHED      =     32621.9668
 1-4 NB =     12450.0055  1-4 EEL =    135084.5671  VDWAALS    =    152363.7237
 EELEC  =  -1652082.6889  EHBOND  =         0.0000  RESTRAINT  =         0.0000
 EKCMT  =    111744.8496  VIRIAL  =    117604.5323  VOLUME     =   4331119.2008
                                                    Density    =         1.0096
 ------------------------------------------------------------------------------


 NSTEP =  4250000   TIME(PS) =  159075.000  TEMP(K) =   299.39  PRESS =   -62.1
 Etot   =  -1017677.8664  EKtot   =    262684.9375  EPtot      =  -1280362.8039
 BOND   =     10438.1001  ANGLE   =     27861.3857  DIHED      =     32598.2589
 1-4 NB =     12448.9018  1-4 EEL =    135203.4120  VDWAALS    =    151795.0383
 EELEC  =  -1650707.9007  EHBOND  =         0.0000  RESTRAINT  =         0.0000
 EKCMT  =    111617.5271  VIRIAL  =    117418.7506  VOLUME     =   4329826.7132
                                                    Density    =         1.0099
 ------------------------------------------------------------------------------


 NSTEP =  4300000   TIME(PS) =  159175.000  TEMP(K) =   299.86  PRESS =    24.9
 Etot   =  -1016545.1067  EKtot   =    263099.0312  EPtot      =  -1279644.1380
 BOND   =     10510.7856  ANGLE   =     27899.2184  DIHED      =     32621.6360
 1-4 NB =     12317.4732  1-4 EEL =    135023.6958  VDWAALS    =    152893.2752
 EELEC  =  -1650910.2222  EHBOND  =         0.0000  RESTRAINT  =         0.0000
 EKCMT  =    112263.4519  VIRIAL  =    109932.6386  VOLUME     =   4331416.3281
                                                    Density    =         1.0095
 ------------------------------------------------------------------------------


 NSTEP =  4350000   TIME(PS) =  159275.000  TEMP(K) =   300.03  PRESS =   -15.8
 Etot   =  -1017629.4860  EKtot   =    263245.1562  EPtot      =  -1280874.6422
 BOND   =     10387.1108  ANGLE   =     27834.4712  DIHED      =     32615.2324
 1-4 NB =     12404.2495  1-4 EEL =    135106.6191  VDWAALS    =    152129.7351
 EELEC  =  -1651352.0603  EHBOND  =         0.0000  RESTRAINT  =         0.0000
 EKCMT  =    112084.7535  VIRIAL  =    113563.4527  VOLUME     =   4333755.1921
                                                    Density    =         1.0090
 ------------------------------------------------------------------------------


 NSTEP =  4400000   TIME(PS) =  159375.000  TEMP(K) =   300.26  PRESS =    54.8
 Etot   =  -1016802.2021  EKtot   =    263449.0000  EPtot      =  -1280251.2021
 BOND   =     10547.6121  ANGLE   =     27887.2819  DIHED      =     32548.9325
 1-4 NB =     12366.7332  1-4 EEL =    135106.7370  VDWAALS    =    152592.3246
 EELEC  =  -1651300.8233  EHBOND  =         0.0000  RESTRAINT  =         0.0000
 EKCMT  =    112284.7453  VIRIAL  =    107162.3494  VOLUME     =   4332449.6691
                                                    Density    =         1.0093
 ------------------------------------------------------------------------------


 NSTEP =  4450000   TIME(PS) =  159475.000  TEMP(K) =   299.86  PRESS =   -25.5
 Etot   =  -1016823.7879  EKtot   =    263097.7812  EPtot      =  -1279921.5691
 BOND   =     10491.5881  ANGLE   =     27808.3226  DIHED      =     32632.3726
 1-4 NB =     12359.2068  1-4 EEL =    135158.5935  VDWAALS    =    152356.8691
 EELEC  =  -1650728.5218  EHBOND  =         0.0000  RESTRAINT  =         0.0000
 EKCMT  =    111940.9484  VIRIAL  =    114331.2541  VOLUME     =   4336014.1433
                                                    Density    =         1.0085
 ------------------------------------------------------------------------------


 NSTEP =  4500000   TIME(PS) =  159575.000  TEMP(K) =   299.87  PRESS =   -11.5
 Etot   =  -1018165.0651  EKtot   =    263104.9688  EPtot      =  -1281270.0338
 BOND   =     10564.7323  ANGLE   =     27640.9837  DIHED      =     32436.2591
 1-4 NB =     12434.0759  1-4 EEL =    135129.1540  VDWAALS    =    152381.0362
 EELEC  =  -1651856.2751  EHBOND  =         0.0000  RESTRAINT  =         0.0000
 EKCMT  =    112182.7847  VIRIAL  =    113254.8811  VOLUME     =   4333752.2656
                                                    Density    =         1.0090
 ------------------------------------------------------------------------------


 NSTEP =  4550000   TIME(PS) =  159675.000  TEMP(K) =   300.87  PRESS =   -96.3
 Etot   =  -1017192.0989  EKtot   =    263986.9375  EPtot      =  -1281179.0364
 BOND   =     10446.0898  ANGLE   =     27846.1610  DIHED      =     32841.9690
 1-4 NB =     12343.9274  1-4 EEL =    135208.1680  VDWAALS    =    152110.2469
 EELEC  =  -1651975.5984  EHBOND  =         0.0000  RESTRAINT  =         0.0000
 EKCMT  =    112540.6400  VIRIAL  =    121552.6352  VOLUME     =   4334038.7298
                                                    Density    =         1.0089
 ------------------------------------------------------------------------------


 NSTEP =  4600000   TIME(PS) =  159775.000  TEMP(K) =   299.91  PRESS =    92.5
 Etot   =  -1018044.4701  EKtot   =    263144.7188  EPtot      =  -1281189.1889
 BOND   =     10517.6456  ANGLE   =     27927.0198  DIHED      =     32561.4727
 1-4 NB =     12432.2595  1-4 EEL =    134998.1409  VDWAALS    =    153406.2705
 EELEC  =  -1653031.9977  EHBOND  =         0.0000  RESTRAINT  =         0.0000
 EKCMT  =    111893.6007  VIRIAL  =    103238.5312  VOLUME     =   4333205.8347
                                                    Density    =         1.0091
 ------------------------------------------------------------------------------


 NSTEP =  4650000   TIME(PS) =  159875.000  TEMP(K) =   300.53  PRESS =   -20.2
 Etot   =  -1017745.6772  EKtot   =    263689.1562  EPtot      =  -1281434.8334
 BOND   =     10532.6256  ANGLE   =     27823.0813  DIHED      =     32671.8306
 1-4 NB =     12366.1835  1-4 EEL =    134913.0375  VDWAALS    =    152383.5803
 EELEC  =  -1652125.1723  EHBOND  =         0.0000  RESTRAINT  =         0.0000
 EKCMT  =    112447.1961  VIRIAL  =    114335.6465  VOLUME     =   4332607.6398
                                                    Density    =         1.0093
 ------------------------------------------------------------------------------


 NSTEP =  4700000   TIME(PS) =  159975.000  TEMP(K) =   299.68  PRESS =   -22.7
 Etot   =  -1019000.9626  EKtot   =    262938.7188  EPtot      =  -1281939.6814
 BOND   =     10353.9073  ANGLE   =     27616.9529  DIHED      =     32679.0853
 1-4 NB =     12391.4014  1-4 EEL =    135231.6257  VDWAALS    =    152936.4941
 EELEC  =  -1653149.1480  EHBOND  =         0.0000  RESTRAINT  =         0.0000
 EKCMT  =    111701.1347  VIRIAL  =    113827.5835  VOLUME     =   4334978.9295
                                                    Density    =         1.0087
 ------------------------------------------------------------------------------


 NSTEP =  4750000   TIME(PS) =  160075.000  TEMP(K) =   301.03  PRESS =   -43.1
 Etot   =  -1015896.7463  EKtot   =    264121.7500  EPtot      =  -1280018.4963
 BOND   =     10456.5346  ANGLE   =     27945.8106  DIHED      =     32624.9343
 1-4 NB =     12443.4028  1-4 EEL =    135443.6258  VDWAALS    =    152418.7607
 EELEC  =  -1651351.5652  EHBOND  =         0.0000  RESTRAINT  =         0.0000
 EKCMT  =    112528.2002  VIRIAL  =    116565.9435  VOLUME     =   4334611.1125
                                                    Density    =         1.0088
 ------------------------------------------------------------------------------


 NSTEP =  4800000   TIME(PS) =  160175.000  TEMP(K) =   300.27  PRESS =   -87.5
 Etot   =  -1017071.7775  EKtot   =    263460.9688  EPtot      =  -1280532.7463
 BOND   =     10435.5231  ANGLE   =     27985.2657  DIHED      =     32540.9696
 1-4 NB =     12346.8095  1-4 EEL =    135024.6193  VDWAALS    =    152320.2676
 EELEC  =  -1651186.2010  EHBOND  =         0.0000  RESTRAINT  =         0.0000
 EKCMT  =    112372.4631  VIRIAL  =    120555.0045  VOLUME     =   4331797.0723
                                                    Density    =         1.0095
 ------------------------------------------------------------------------------


 NSTEP =  4850000   TIME(PS) =  160275.000  TEMP(K) =   299.66  PRESS =   -11.3
 Etot   =  -1017503.1800  EKtot   =    262917.7500  EPtot      =  -1280420.9300
 BOND   =     10509.3075  ANGLE   =     28041.3438  DIHED      =     32559.4413
 1-4 NB =     12329.7271  1-4 EEL =    134969.2439  VDWAALS    =    152284.8218
 EELEC  =  -1651114.8155  EHBOND  =         0.0000  RESTRAINT  =         0.0000
 EKCMT  =    111869.6353  VIRIAL  =    112926.8459  VOLUME     =   4332509.3151
                                                    Density    =         1.0093
 ------------------------------------------------------------------------------


 NSTEP =  4900000   TIME(PS) =  160375.000  TEMP(K) =   300.12  PRESS =    98.5
 Etot   =  -1017602.7439  EKtot   =    263329.5625  EPtot      =  -1280932.3064
 BOND   =     10301.7998  ANGLE   =     28091.1964  DIHED      =     32441.0868
 1-4 NB =     12444.9927  1-4 EEL =    135069.7092  VDWAALS    =    153053.0559
 EELEC  =  -1652334.1472  EHBOND  =         0.0000  RESTRAINT  =         0.0000
 EKCMT  =    112099.2915  VIRIAL  =    102879.9925  VOLUME     =   4333439.8036
                                                    Density    =         1.0091
 ------------------------------------------------------------------------------


 NSTEP =  4950000   TIME(PS) =  160475.000  TEMP(K) =   300.17  PRESS =    -1.0
 Etot   =  -1017421.2294  EKtot   =    263372.5312  EPtot      =  -1280793.7607
 BOND   =     10400.1157  ANGLE   =     27886.5347  DIHED      =     32648.4663
 1-4 NB =     12387.0615  1-4 EEL =    135039.6630  VDWAALS    =    152081.4507
 EELEC  =  -1651237.0525  EHBOND  =         0.0000  RESTRAINT  =         0.0000
 EKCMT  =    111959.2757  VIRIAL  =    112054.0151  VOLUME     =   4332212.4492
                                                    Density    =         1.0094
 ------------------------------------------------------------------------------


 NSTEP =  5000000   TIME(PS) =  160575.000  TEMP(K) =   300.22  PRESS =   -21.2
 Etot   =  -1015492.4336  EKtot   =    263414.3125  EPtot      =  -1278906.7461
 BOND   =     10470.0457  ANGLE   =     28039.5072  DIHED      =     32485.1452
 1-4 NB =     12473.5929  1-4 EEL =    135242.3378  VDWAALS    =    151258.5265
 EELEC  =  -1648875.9014  EHBOND  =         0.0000  RESTRAINT  =         0.0000
 EKCMT  =    112419.8497  VIRIAL  =    114398.3626  VOLUME     =   4332535.5022
                                                    Density    =         1.0093
 ------------------------------------------------------------------------------


 NSTEP =  5050000   TIME(PS) =  160675.000  TEMP(K) =   299.36  PRESS =   -29.8
 Etot   =  -1018172.6979  EKtot   =    262660.1250  EPtot      =  -1280832.8229
 BOND   =     10505.6342  ANGLE   =     27922.3339  DIHED      =     32615.0587
 1-4 NB =     12421.2805  1-4 EEL =    135299.5509  VDWAALS    =    152479.1890
 EELEC  =  -1652075.8702  EHBOND  =         0.0000  RESTRAINT  =         0.0000
 EKCMT  =    111570.3975  VIRIAL  =    114359.2790  VOLUME     =   4331194.9906
                                                    Density    =         1.0096
 ------------------------------------------------------------------------------


 NSTEP =  5100000   TIME(PS) =  160775.000  TEMP(K) =   300.08  PRESS =    23.8
 Etot   =  -1017397.7213  EKtot   =    263286.0625  EPtot      =  -1280683.7838
 BOND   =     10294.3947  ANGLE   =     27820.1013  DIHED      =     32674.1351
 1-4 NB =     12381.3119  1-4 EEL =    135298.5768  VDWAALS    =    153542.5749
 EELEC  =  -1652694.8785  EHBOND  =         0.0000  RESTRAINT  =         0.0000
 EKCMT  =    112222.7907  VIRIAL  =    109997.7647  VOLUME     =   4331994.0087
                                                    Density    =         1.0094
 ------------------------------------------------------------------------------


 NSTEP =  5150000   TIME(PS) =  160875.000  TEMP(K) =   299.85  PRESS =   -72.3
 Etot   =  -1017583.7325  EKtot   =    263091.1250  EPtot      =  -1280674.8575
 BOND   =     10467.6758  ANGLE   =     27974.0414  DIHED      =     32631.5551
 1-4 NB =     12389.2530  1-4 EEL =    135071.0673  VDWAALS    =    151929.4293
 EELEC  =  -1651137.8796  EHBOND  =         0.0000  RESTRAINT  =         0.0000
 EKCMT  =    111978.4564  VIRIAL  =    118746.7351  VOLUME     =   4332864.6668
                                                    Density    =         1.0092
 ------------------------------------------------------------------------------


 NSTEP =  5200000   TIME(PS) =  160975.000  TEMP(K) =   299.59  PRESS =    26.4
 Etot   =  -1018557.8918  EKtot   =    262864.2188  EPtot      =  -1281422.1106
 BOND   =     10563.2693  ANGLE   =     27928.1376  DIHED      =     32569.7964
 1-4 NB =     12373.5190  1-4 EEL =    135088.6688  VDWAALS    =    153032.0791
 EELEC  =  -1652977.5807  EHBOND  =         0.0000  RESTRAINT  =         0.0000
 EKCMT  =    111842.1147  VIRIAL  =    109369.5755  VOLUME     =   4332683.8957
                                                    Density    =         1.0093
 ------------------------------------------------------------------------------


 NSTEP =  5250000   TIME(PS) =  161075.000  TEMP(K) =   300.37  PRESS =     8.1
 Etot   =  -1017235.3039  EKtot   =    263544.8438  EPtot      =  -1280780.1476
 BOND   =     10455.6615  ANGLE   =     27807.4425  DIHED      =     32662.5803
 1-4 NB =     12338.3275  1-4 EEL =    135025.6685  VDWAALS    =    153011.2079
 EELEC  =  -1652081.0359  EHBOND  =         0.0000  RESTRAINT  =         0.0000
 EKCMT  =    112283.7243  VIRIAL  =    111523.3310  VOLUME     =   4333603.8031
                                                    Density    =         1.0090
 ------------------------------------------------------------------------------


 NSTEP =  5300000   TIME(PS) =  161175.000  TEMP(K) =   300.49  PRESS =    26.1
 Etot   =  -1016983.6929  EKtot   =    263647.9688  EPtot      =  -1280631.6616
 BOND   =     10541.2444  ANGLE   =     27743.6476  DIHED      =     32590.4896
 1-4 NB =     12358.3503  1-4 EEL =    135038.3273  VDWAALS    =    152970.7550
 EELEC  =  -1651874.4759  EHBOND  =         0.0000  RESTRAINT  =         0.0000
 EKCMT  =    112496.3811  VIRIAL  =    110060.2311  VOLUME     =   4331098.5203
                                                    Density    =         1.0096
 ------------------------------------------------------------------------------


 NSTEP =  5350000   TIME(PS) =  161275.000  TEMP(K) =   300.68  PRESS =    40.2
 Etot   =  -1017250.6753  EKtot   =    263812.6250  EPtot      =  -1281063.3003
 BOND   =     10537.1919  ANGLE   =     27882.2801  DIHED      =     32620.8868
 1-4 NB =     12412.4751  1-4 EEL =    135385.8361  VDWAALS    =    153239.9999
 EELEC  =  -1653141.9701  EHBOND  =         0.0000  RESTRAINT  =         0.0000
 EKCMT  =    112444.4169  VIRIAL  =    108686.0044  VOLUME     =   4331953.2187
                                                    Density    =         1.0094
 ------------------------------------------------------------------------------


 NSTEP =  5400000   TIME(PS) =  161375.000  TEMP(K) =   300.54  PRESS =   -46.5
 Etot   =  -1018726.9561  EKtot   =    263694.0625  EPtot      =  -1282421.0186
 BOND   =     10413.6506  ANGLE   =     27949.5539  DIHED      =     32479.5413
 1-4 NB =     12428.2340  1-4 EEL =    134913.8541  VDWAALS    =    152273.3124
 EELEC  =  -1652879.1649  EHBOND  =         0.0000  RESTRAINT  =         0.0000
 EKCMT  =    112192.3676  VIRIAL  =    116542.6394  VOLUME     =   4330892.3634
                                                    Density    =         1.0097
 ------------------------------------------------------------------------------


 NSTEP =  5450000   TIME(PS) =  161475.000  TEMP(K) =   298.93  PRESS =   -22.2
 Etot   =  -1018606.2140  EKtot   =    262277.8438  EPtot      =  -1280884.0577
 BOND   =     10367.9538  ANGLE   =     27953.4357  DIHED      =     32648.1221
 1-4 NB =     12331.8330  1-4 EEL =    135101.2140  VDWAALS    =    153163.9309
 EELEC  =  -1652450.5471  EHBOND  =         0.0000  RESTRAINT  =         0.0000
 EKCMT  =    111536.1557  VIRIAL  =    113618.1368  VOLUME     =   4334472.7883
                                                    Density    =         1.0088
 ------------------------------------------------------------------------------


 NSTEP =  5500000   TIME(PS) =  161575.000  TEMP(K) =   300.39  PRESS =   -28.2
 Etot   =  -1016510.0942  EKtot   =    263560.1875  EPtot      =  -1280070.2817
 BOND   =     10443.1366  ANGLE   =     27767.8301  DIHED      =     32581.9314
 1-4 NB =     12431.0511  1-4 EEL =    135158.7747  VDWAALS    =    152205.5625
 EELEC  =  -1650658.5680  EHBOND  =         0.0000  RESTRAINT  =         0.0000
 EKCMT  =    112035.4822  VIRIAL  =    114676.5395  VOLUME     =   4334799.4211
                                                    Density    =         1.0088
 ------------------------------------------------------------------------------


 NSTEP =  5550000   TIME(PS) =  161675.000  TEMP(K) =   300.61  PRESS =     5.2
 Etot   =  -1016559.5610  EKtot   =    263752.0625  EPtot      =  -1280311.6235
 BOND   =     10668.3233  ANGLE   =     27981.6469  DIHED      =     32613.5241
 1-4 NB =     12347.7742  1-4 EEL =    135141.3482  VDWAALS    =    152274.2218
 EELEC  =  -1651338.4618  EHBOND  =         0.0000  RESTRAINT  =         0.0000
 EKCMT  =    112310.7376  VIRIAL  =    111823.2889  VOLUME     =   4333497.3589
                                                    Density    =         1.0091
 ------------------------------------------------------------------------------


 NSTEP =  5600000   TIME(PS) =  161775.000  TEMP(K) =   300.16  PRESS =    54.0
 Etot   =  -1017782.3859  EKtot   =    263362.5938  EPtot      =  -1281144.9797
 BOND   =     10335.4816  ANGLE   =     28065.7080  DIHED      =     32564.5398
 1-4 NB =     12420.8907  1-4 EEL =    135343.5261  VDWAALS    =    152341.6831
 EELEC  =  -1652216.8089  EHBOND  =         0.0000  RESTRAINT  =         0.0000
 EKCMT  =    112507.3519  VIRIAL  =    107455.9210  VOLUME     =   4332487.4719
                                                    Density    =         1.0093
 ------------------------------------------------------------------------------


 NSTEP =  5650000   TIME(PS) =  161875.000  TEMP(K) =   300.87  PRESS =    30.2
 Etot   =  -1016400.4512  EKtot   =    263980.3750  EPtot      =  -1280380.8262
 BOND   =     10517.9552  ANGLE   =     27872.9851  DIHED      =     32647.4195
 1-4 NB =     12381.8202  1-4 EEL =    135227.3596  VDWAALS    =    153526.9645
 EELEC  =  -1652555.3303  EHBOND  =         0.0000  RESTRAINT  =         0.0000
 EKCMT  =    112699.9717  VIRIAL  =    109874.5991  VOLUME     =   4334912.0031
                                                    Density    =         1.0087
 ------------------------------------------------------------------------------


 NSTEP =  5700000   TIME(PS) =  161975.000  TEMP(K) =   299.66  PRESS =   102.6
 Etot   =  -1018808.7886  EKtot   =    262924.7188  EPtot      =  -1281733.5074
 BOND   =     10470.5735  ANGLE   =     27997.2527  DIHED      =     32516.7561
 1-4 NB =     12390.2739  1-4 EEL =    135046.5455  VDWAALS    =    154169.7242
 EELEC  =  -1654324.6332  EHBOND  =         0.0000  RESTRAINT  =         0.0000
 EKCMT  =    111893.8461  VIRIAL  =    102296.0627  VOLUME     =   4333203.4932
                                                    Density    =         1.0091
 ------------------------------------------------------------------------------


 NSTEP =  5750000   TIME(PS) =  162075.000  TEMP(K) =   300.16  PRESS =    31.7
 Etot   =  -1017330.4986  EKtot   =    263358.2188  EPtot      =  -1280688.7174
 BOND   =     10437.3932  ANGLE   =     27821.5121  DIHED      =     32593.9227
 1-4 NB =     12408.1638  1-4 EEL =    135267.2858  VDWAALS    =    152999.0832
 EELEC  =  -1652216.0781  EHBOND  =         0.0000  RESTRAINT  =         0.0000
 EKCMT  =    112027.7354  VIRIAL  =    109061.3740  VOLUME     =   4331468.5972
                                                    Density    =         1.0095
 ------------------------------------------------------------------------------


 NSTEP =  5800000   TIME(PS) =  162175.000  TEMP(K) =   299.09  PRESS =     4.5
 Etot   =  -1017860.1526  EKtot   =    262423.2500  EPtot      =  -1280283.4026
 BOND   =     10481.7094  ANGLE   =     27905.9750  DIHED      =     32649.1401
 1-4 NB =     12352.9302  1-4 EEL =    135193.9716  VDWAALS    =    152269.2467
 EELEC  =  -1651136.3757  EHBOND  =         0.0000  RESTRAINT  =         0.0000
 EKCMT  =    111613.2994  VIRIAL  =    111192.2236  VOLUME     =   4335808.5942
                                                    Density    =         1.0085
 ------------------------------------------------------------------------------


 NSTEP =  5850000   TIME(PS) =  162275.000  TEMP(K) =   300.09  PRESS =   -68.6
 Etot   =  -1018073.0544  EKtot   =    263295.8438  EPtot      =  -1281368.8982
 BOND   =     10513.6156  ANGLE   =     27948.0338  DIHED      =     32470.5669
 1-4 NB =     12428.7791  1-4 EEL =    135241.8601  VDWAALS    =    152300.4668
 EELEC  =  -1652272.2204  EHBOND  =         0.0000  RESTRAINT  =         0.0000
 EKCMT  =    112249.5325  VIRIAL  =    118667.4211  VOLUME     =   4335802.7947
                                                    Density    =         1.0085
 ------------------------------------------------------------------------------


 NSTEP =  5900000   TIME(PS) =  162375.000  TEMP(K) =   300.12  PRESS =   -27.8
 Etot   =  -1016671.7750  EKtot   =    263322.3750  EPtot      =  -1279994.1500
 BOND   =     10592.7437  ANGLE   =     27877.6363  DIHED      =     32630.9872
 1-4 NB =     12405.5576  1-4 EEL =    135266.3062  VDWAALS    =    152723.8461
 EELEC  =  -1651491.2270  EHBOND  =         0.0000  RESTRAINT  =         0.0000
 EKCMT  =    112230.6515  VIRIAL  =    114834.1120  VOLUME     =   4333590.5875
                                                    Density    =         1.0090
 ------------------------------------------------------------------------------


 NSTEP =  5950000   TIME(PS) =  162475.000  TEMP(K) =   299.70  PRESS =   -14.9
 Etot   =  -1018230.2218  EKtot   =    262959.1875  EPtot      =  -1281189.4093
 BOND   =     10462.2885  ANGLE   =     27788.1127  DIHED      =     32469.4194
 1-4 NB =     12315.4392  1-4 EEL =    135265.4143  VDWAALS    =    152011.5939
 EELEC  =  -1651501.6773  EHBOND  =         0.0000  RESTRAINT  =         0.0000
 EKCMT  =    112121.6310  VIRIAL  =    113512.6881  VOLUME     =   4331996.5799
                                                    Density    =         1.0094
 ------------------------------------------------------------------------------


 NSTEP =  6000000   TIME(PS) =  162575.000  TEMP(K) =   299.64  PRESS =    78.9
 Etot   =  -1018950.6323  EKtot   =    262908.1250  EPtot      =  -1281858.7573
 BOND   =     10428.0856  ANGLE   =     27966.7479  DIHED      =     32646.3372
 1-4 NB =     12281.4984  1-4 EEL =    135221.7572  VDWAALS    =    153655.6387
 EELEC  =  -1654058.8222  EHBOND  =         0.0000  RESTRAINT  =         0.0000
 EKCMT  =    111984.6397  VIRIAL  =    104602.0734  VOLUME     =   4333065.0939
                                                    Density    =         1.0092
 ------------------------------------------------------------------------------


 NSTEP =  6050000   TIME(PS) =  162675.000  TEMP(K) =   299.92  PRESS =    12.6
 Etot   =  -1018758.5072  EKtot   =    263147.1562  EPtot      =  -1281905.6635
 BOND   =     10407.3519  ANGLE   =     27936.1069  DIHED      =     32642.1936
 1-4 NB =     12439.3270  1-4 EEL =    135189.7703  VDWAALS    =    152917.0744
 EELEC  =  -1653437.4876  EHBOND  =         0.0000  RESTRAINT  =         0.0000
 EKCMT  =    112533.1038  VIRIAL  =    111350.0775  VOLUME     =   4333095.5006
                                                    Density    =         1.0092
 ------------------------------------------------------------------------------


 NSTEP =  6100000   TIME(PS) =  162775.000  TEMP(K) =   299.95  PRESS =   -85.1
 Etot   =  -1017972.1125  EKtot   =    263177.3750  EPtot      =  -1281149.4875
 BOND   =     10562.9173  ANGLE   =     27951.9332  DIHED      =     32630.9718
 1-4 NB =     12322.7330  1-4 EEL =    135201.7834  VDWAALS    =    152207.3610
 EELEC  =  -1652027.1872  EHBOND  =         0.0000  RESTRAINT  =         0.0000
 EKCMT  =    112086.2385  VIRIAL  =    120044.2611  VOLUME     =   4331939.3775
                                                    Density    =         1.0094
 ------------------------------------------------------------------------------


 NSTEP =  6150000   TIME(PS) =  162875.000  TEMP(K) =   300.42  PRESS =    -4.8
 Etot   =  -1017392.2476  EKtot   =    263584.5312  EPtot      =  -1280976.7788
 BOND   =     10460.6994  ANGLE   =     27689.2233  DIHED      =     32484.4352
 1-4 NB =     12376.4648  1-4 EEL =    135179.6585  VDWAALS    =    152287.6892
 EELEC  =  -1651454.9493  EHBOND  =         0.0000  RESTRAINT  =         0.0000
 EKCMT  =    112489.0504  VIRIAL  =    112941.1159  VOLUME     =   4331924.2917
                                                    Density    =         1.0094
 ------------------------------------------------------------------------------


 NSTEP =  6200000   TIME(PS) =  162975.000  TEMP(K) =   299.63  PRESS =   -60.5
 Etot   =  -1017524.9519  EKtot   =    262897.6250  EPtot      =  -1280422.5769
 BOND   =     10471.0543  ANGLE   =     27970.5541  DIHED      =     32594.6279
 1-4 NB =     12406.4190  1-4 EEL =    135100.0475  VDWAALS    =    152157.8625
 EELEC  =  -1651123.1422  EHBOND  =         0.0000  RESTRAINT  =         0.0000
 EKCMT  =    112251.0958  VIRIAL  =    117909.4426  VOLUME     =   4333199.4726
                                                    Density    =         1.0091
 ------------------------------------------------------------------------------


 NSTEP =  6250000   TIME(PS) =  163075.000  TEMP(K) =   300.11  PRESS =    57.5
 Etot   =  -1018610.2229  EKtot   =    263313.3125  EPtot      =  -1281923.5354
 BOND   =     10457.5289  ANGLE   =     27762.0638  DIHED      =     32517.8330
 1-4 NB =     12363.7235  1-4 EEL =    134950.6628  VDWAALS    =    152826.9074
 EELEC  =  -1652802.2547  EHBOND  =         0.0000  RESTRAINT  =         0.0000
 EKCMT  =    112062.5760  VIRIAL  =    106682.5193  VOLUME     =   4333886.6085
                                                    Density    =         1.0090
 ------------------------------------------------------------------------------


 NSTEP =  6300000   TIME(PS) =  163175.000  TEMP(K) =   299.73  PRESS =    16.2
 Etot   =  -1017589.3820  EKtot   =    262980.0938  EPtot      =  -1280569.4757
 BOND   =     10490.3775  ANGLE   =     28105.2818  DIHED      =     32537.2134
 1-4 NB =     12282.7816  1-4 EEL =    135062.3613  VDWAALS    =    153099.4145
 EELEC  =  -1652146.9057  EHBOND  =         0.0000  RESTRAINT  =         0.0000
 EKCMT  =    112067.2670  VIRIAL  =    110553.3628  VOLUME     =   4332108.9533
                                                    Density    =         1.0094
 ------------------------------------------------------------------------------


 NSTEP =  6350000   TIME(PS) =  163275.000  TEMP(K) =   299.94  PRESS =   -37.2
 Etot   =  -1017968.0181  EKtot   =    263170.3125  EPtot      =  -1281138.3306
 BOND   =     10499.3392  ANGLE   =     27912.4113  DIHED      =     32594.6008
 1-4 NB =     12335.2812  1-4 EEL =    134934.8282  VDWAALS    =    152423.2338
 EELEC  =  -1651838.0251  EHBOND  =         0.0000  RESTRAINT  =         0.0000
 EKCMT  =    111999.1094  VIRIAL  =    115479.1153  VOLUME     =   4331618.4904
                                                    Density    =         1.0095
 ------------------------------------------------------------------------------


 NSTEP =  6400000   TIME(PS) =  163375.000  TEMP(K) =   299.74  PRESS =    33.2
 Etot   =  -1018572.3211  EKtot   =    262993.6875  EPtot      =  -1281566.0086
 BOND   =     10456.4959  ANGLE   =     27987.4221  DIHED      =     32528.1780
 1-4 NB =     12452.6929  1-4 EEL =    135096.6894  VDWAALS    =    153062.5773
 EELEC  =  -1653150.0642  EHBOND  =         0.0000  RESTRAINT  =         0.0000
 EKCMT  =    111962.8976  VIRIAL  =    108857.9524  VOLUME     =   4332389.2905
                                                    Density    =         1.0093
 ------------------------------------------------------------------------------


 NSTEP =  6450000   TIME(PS) =  163475.000  TEMP(K) =   299.88  PRESS =   -58.8
 Etot   =  -1017245.5655  EKtot   =    263112.4062  EPtot      =  -1280357.9718
 BOND   =     10432.8471  ANGLE   =     27853.8475  DIHED      =     32592.8198
 1-4 NB =     12343.6174  1-4 EEL =    135320.9935  VDWAALS    =    152320.0888
 EELEC  =  -1651222.1858  EHBOND  =         0.0000  RESTRAINT  =         0.0000
 EKCMT  =    112321.5845  VIRIAL  =    117820.7706  VOLUME     =   4335201.0452
                                                    Density    =         1.0087
 ------------------------------------------------------------------------------


 NSTEP =  6500000   TIME(PS) =  163575.000  TEMP(K) =   299.89  PRESS =   -58.7
 Etot   =  -1018425.9473  EKtot   =    263123.4375  EPtot      =  -1281549.3848
 BOND   =     10510.7356  ANGLE   =     27644.4831  DIHED      =     32654.7050
 1-4 NB =     12346.8324  1-4 EEL =    135118.8336  VDWAALS    =    153105.8418
 EELEC  =  -1652930.8163  EHBOND  =         0.0000  RESTRAINT  =         0.0000
 EKCMT  =    112286.3513  VIRIAL  =    117780.1797  VOLUME     =   4334152.7704
                                                    Density    =         1.0089
 ------------------------------------------------------------------------------


 NSTEP =  6550000   TIME(PS) =  163675.000  TEMP(K) =   299.73  PRESS =    35.6
 Etot   =  -1017112.2802  EKtot   =    262987.6250  EPtot      =  -1280099.9052
 BOND   =     10379.4893  ANGLE   =     27990.3926  DIHED      =     32497.3485
 1-4 NB =     12356.3939  1-4 EEL =    134901.7828  VDWAALS    =    152466.0506
 EELEC  =  -1650691.3629  EHBOND  =         0.0000  RESTRAINT  =         0.0000
 EKCMT  =    112162.3012  VIRIAL  =    108824.8701  VOLUME     =   4336052.2074
                                                    Density    =         1.0085
 ------------------------------------------------------------------------------


 NSTEP =  6600000   TIME(PS) =  163775.000  TEMP(K) =   300.70  PRESS =     7.6
 Etot   =  -1016784.5766  EKtot   =    263834.2812  EPtot      =  -1280618.8578
 BOND   =     10480.0227  ANGLE   =     27788.7903  DIHED      =     32596.9306
 1-4 NB =     12372.0196  1-4 EEL =    135094.7735  VDWAALS    =    152817.3480
 EELEC  =  -1651768.7425  EHBOND  =         0.0000  RESTRAINT  =         0.0000
 EKCMT  =    112097.4219  VIRIAL  =    111385.1606  VOLUME     =   4336067.8089
                                                    Density    =         1.0085
 ------------------------------------------------------------------------------


 NSTEP =  6650000   TIME(PS) =  163875.000  TEMP(K) =   300.39  PRESS =   -48.4
 Etot   =  -1016751.7471  EKtot   =    263561.0625  EPtot      =  -1280312.8096
 BOND   =     10501.9165  ANGLE   =     27957.5273  DIHED      =     32573.6521
 1-4 NB =     12335.6583  1-4 EEL =    135125.4470  VDWAALS    =    152956.1927
 EELEC  =  -1651763.2036  EHBOND  =         0.0000  RESTRAINT  =         0.0000
 EKCMT  =    112459.6273  VIRIAL  =    116988.7777  VOLUME     =   4336219.1883
                                                    Density    =         1.0084
 ------------------------------------------------------------------------------


 NSTEP =  6700000   TIME(PS) =  163975.000  TEMP(K) =   299.70  PRESS =    56.8
 Etot   =  -1017790.4861  EKtot   =    262959.1562  EPtot      =  -1280749.6423
 BOND   =     10473.8778  ANGLE   =     27951.3946  DIHED      =     32630.8001
 1-4 NB =     12374.6946  1-4 EEL =    134925.4179  VDWAALS    =    152343.1635
 EELEC  =  -1651448.9908  EHBOND  =         0.0000  RESTRAINT  =         0.0000
 EKCMT  =    111661.0805  VIRIAL  =    106343.2641  VOLUME     =   4332642.2709
                                                    Density    =         1.0093
 ------------------------------------------------------------------------------


 NSTEP =  6750000   TIME(PS) =  164075.000  TEMP(K) =   300.29  PRESS =   -52.6
 Etot   =  -1016133.8469  EKtot   =    263476.6875  EPtot      =  -1279610.5344
 BOND   =     10547.8133  ANGLE   =     27997.7661  DIHED      =     32625.1318
 1-4 NB =     12354.6426  1-4 EEL =    135048.0839  VDWAALS    =    151769.5634
 EELEC  =  -1649953.5355  EHBOND  =         0.0000  RESTRAINT  =         0.0000
 EKCMT  =    112192.6032  VIRIAL  =    117115.0643  VOLUME     =   4333229.8383
                                                    Density    =         1.0091
 ------------------------------------------------------------------------------


 NSTEP =  6800000   TIME(PS) =  164175.000  TEMP(K) =   300.87  PRESS =    -6.0
 Etot   =  -1017058.7915  EKtot   =    263983.3438  EPtot      =  -1281042.1353
 BOND   =     10567.3174  ANGLE   =     27836.6046  DIHED      =     32564.7035
 1-4 NB =     12347.4606  1-4 EEL =    135204.1676  VDWAALS    =    152909.4225
 EELEC  =  -1652471.8114  EHBOND  =         0.0000  RESTRAINT  =         0.0000
 EKCMT  =    112526.2653  VIRIAL  =    113087.8115  VOLUME     =   4336100.0087
                                                    Density    =         1.0085
 ------------------------------------------------------------------------------


 NSTEP =  6850000   TIME(PS) =  164275.000  TEMP(K) =   300.36  PRESS =    59.5
 Etot   =  -1016760.5635  EKtot   =    263533.0312  EPtot      =  -1280293.5947
 BOND   =     10481.0376  ANGLE   =     27915.5715  DIHED      =     32692.7352
 1-4 NB =     12386.7077  1-4 EEL =    135135.5938  VDWAALS    =    152365.3257
 EELEC  =  -1651270.5662  EHBOND  =         0.0000  RESTRAINT  =         0.0000
 EKCMT  =    112336.7216  VIRIAL  =    106771.9117  VOLUME     =   4334610.3714
                                                    Density    =         1.0088
 ------------------------------------------------------------------------------


 NSTEP =  6900000   TIME(PS) =  164375.000  TEMP(K) =   299.37  PRESS =    55.8
 Etot   =  -1018009.6451  EKtot   =    262668.5625  EPtot      =  -1280678.2076
 BOND   =     10384.4446  ANGLE   =     27967.8327  DIHED      =     32565.7006
 1-4 NB =     12436.6290  1-4 EEL =    134914.8185  VDWAALS    =    152880.6245
 EELEC  =  -1651828.2572  EHBOND  =         0.0000  RESTRAINT  =         0.0000
 EKCMT  =    111976.0454  VIRIAL  =    106759.1889  VOLUME     =   4333301.0619
                                                    Density    =         1.0091
 ------------------------------------------------------------------------------


 NSTEP =  6950000   TIME(PS) =  164475.000  TEMP(K) =   299.72  PRESS =     0.2
 Etot   =  -1018055.8026  EKtot   =    262973.7188  EPtot      =  -1281029.5214
 BOND   =     10531.3055  ANGLE   =     27702.7848  DIHED      =     32540.7692
 1-4 NB =     12413.2224  1-4 EEL =    135232.9928  VDWAALS    =    152681.0411
 EELEC  =  -1652131.6370  EHBOND  =         0.0000  RESTRAINT  =         0.0000
 EKCMT  =    112012.5743  VIRIAL  =    111993.4810  VOLUME     =   4332001.3849
                                                    Density    =         1.0094
 ------------------------------------------------------------------------------


 NSTEP =  7000000   TIME(PS) =  164575.000  TEMP(K) =   299.20  PRESS =   -11.7
 Etot   =  -1017814.1653  EKtot   =    262521.7188  EPtot      =  -1280335.8841
 BOND   =     10572.8391  ANGLE   =     27989.4128  DIHED      =     32538.2321
 1-4 NB =     12362.4086  1-4 EEL =    134904.1813  VDWAALS    =    151751.6097
 EELEC  =  -1650454.5677  EHBOND  =         0.0000  RESTRAINT  =         0.0000
 EKCMT  =    111669.4124  VIRIAL  =    112761.6071  VOLUME     =   4333363.4745
                                                    Density    =         1.0091
 ------------------------------------------------------------------------------


 NSTEP =  7050000   TIME(PS) =  164675.000  TEMP(K) =   299.73  PRESS =   -17.3
 Etot   =  -1017976.0480  EKtot   =    262981.8125  EPtot      =  -1280957.8605
 BOND   =     10575.1575  ANGLE   =     28060.7890  DIHED      =     32698.7353
 1-4 NB =     12331.0106  1-4 EEL =    134925.1601  VDWAALS    =    152291.1447
 EELEC  =  -1651839.8578  EHBOND  =         0.0000  RESTRAINT  =         0.0000
 EKCMT  =    112052.7197  VIRIAL  =    113675.8102  VOLUME     =   4334980.9329
                                                    Density    =         1.0087
 ------------------------------------------------------------------------------


 NSTEP =  7100000   TIME(PS) =  164775.000  TEMP(K) =   299.57  PRESS =     4.2
 Etot   =  -1017843.1748  EKtot   =    262839.5625  EPtot      =  -1280682.7373
 BOND   =     10387.4647  ANGLE   =     27950.7943  DIHED      =     32579.2836
 1-4 NB =     12388.8445  1-4 EEL =    135016.3910  VDWAALS    =    153092.5250
 EELEC  =  -1652098.0403  EHBOND  =         0.0000  RESTRAINT  =         0.0000
 EKCMT  =    111960.3049  VIRIAL  =    111565.7771  VOLUME     =   4332340.6592
                                                    Density    =         1.0093
 ------------------------------------------------------------------------------


 NSTEP =  7150000   TIME(PS) =  164875.000  TEMP(K) =   299.62  PRESS =   -86.0
 Etot   =  -1018673.3254  EKtot   =    262882.4688  EPtot      =  -1281555.7941
 BOND   =     10336.7546  ANGLE   =     27826.3040  DIHED      =     32561.4444
 1-4 NB =     12385.1973  1-4 EEL =    135159.9827  VDWAALS    =    151841.4115
 EELEC  =  -1651666.8887  EHBOND  =         0.0000  RESTRAINT  =         0.0000
 EKCMT  =    111801.1738  VIRIAL  =    119844.0668  VOLUME     =   4333137.8370
                                                    Density    =         1.0091
 ------------------------------------------------------------------------------


 NSTEP =  7200000   TIME(PS) =  164975.000  TEMP(K) =   299.87  PRESS =    74.1
 Etot   =  -1017898.2824  EKtot   =    263107.8750  EPtot      =  -1281006.1574
 BOND   =     10496.5303  ANGLE   =     27986.1972  DIHED      =     32594.1919
 1-4 NB =     12457.5236  1-4 EEL =    135004.1251  VDWAALS    =    153055.4730
 EELEC  =  -1652600.1986  EHBOND  =         0.0000  RESTRAINT  =         0.0000
 EKCMT  =    111982.9673  VIRIAL  =    105046.1662  VOLUME     =   4335440.4735
                                                    Density    =         1.0086
 ------------------------------------------------------------------------------


 NSTEP =  7250000   TIME(PS) =  165075.000  TEMP(K) =   300.07  PRESS =   -18.0
 Etot   =  -1018385.7484  EKtot   =    263285.5000  EPtot      =  -1281671.2484
 BOND   =     10401.5534  ANGLE   =     28018.3325  DIHED      =     32612.0196
 1-4 NB =     12376.4543  1-4 EEL =    134979.0743  VDWAALS    =    152366.8046
 EELEC  =  -1652425.4871  EHBOND  =         0.0000  RESTRAINT  =         0.0000
 EKCMT  =    112097.7890  VIRIAL  =    113781.2786  VOLUME     =   4329421.0708
                                                    Density    =         1.0100
 ------------------------------------------------------------------------------


 NSTEP =  7300000   TIME(PS) =  165175.000  TEMP(K) =   300.55  PRESS =   -19.5
 Etot   =  -1017277.5545  EKtot   =    263699.5000  EPtot      =  -1280977.0545
 BOND   =     10367.3151  ANGLE   =     28105.3514  DIHED      =     32454.3892
 1-4 NB =     12362.1898  1-4 EEL =    134981.1391  VDWAALS    =    152810.9224
 EELEC  =  -1652058.3615  EHBOND  =         0.0000  RESTRAINT  =         0.0000
 EKCMT  =    112491.4620  VIRIAL  =    114314.6575  VOLUME     =   4331717.7818
                                                    Density    =         1.0095
 ------------------------------------------------------------------------------


 NSTEP =  7350000   TIME(PS) =  165275.000  TEMP(K) =   299.59  PRESS =   -24.6
 Etot   =  -1017640.0120  EKtot   =    262862.6562  EPtot      =  -1280502.6683
 BOND   =     10508.9240  ANGLE   =     27834.9123  DIHED      =     32709.8250
 1-4 NB =     12286.0945  1-4 EEL =    135013.7341  VDWAALS    =    152085.5502
 EELEC  =  -1650941.7083  EHBOND  =         0.0000  RESTRAINT  =         0.0000
 EKCMT  =    112221.0566  VIRIAL  =    114526.4042  VOLUME     =   4331590.5671
                                                    Density    =         1.0095
 ------------------------------------------------------------------------------


 NSTEP =  7400000   TIME(PS) =  165375.000  TEMP(K) =   300.30  PRESS =   -43.0
 Etot   =  -1017650.6752  EKtot   =    263486.5938  EPtot      =  -1281137.2689
 BOND   =     10444.3219  ANGLE   =     27808.1315  DIHED      =     32554.1459
 1-4 NB =     12391.1827  1-4 EEL =    135083.7294  VDWAALS    =    152471.3057
 EELEC  =  -1651890.0858  EHBOND  =         0.0000  RESTRAINT  =         0.0000
 EKCMT  =    112412.1950  VIRIAL  =    116434.4552  VOLUME     =   4331252.5400
                                                    Density    =         1.0096
 ------------------------------------------------------------------------------


 NSTEP =  7450000   TIME(PS) =  165475.000  TEMP(K) =   300.10  PRESS =    17.0
 Etot   =  -1018161.9827  EKtot   =    263310.9062  EPtot      =  -1281472.8890
 BOND   =     10455.3968  ANGLE   =     27798.5213  DIHED      =     32517.7414
 1-4 NB =     12390.4650  1-4 EEL =    134951.6159  VDWAALS    =    152698.8121
 EELEC  =  -1652285.4413  EHBOND  =         0.0000  RESTRAINT  =         0.0000
 EKCMT  =    112418.0447  VIRIAL  =    110828.5543  VOLUME     =   4334088.7456
                                                    Density    =         1.0089
 ------------------------------------------------------------------------------


 NSTEP =  7500000   TIME(PS) =  165575.000  TEMP(K) =   299.91  PRESS =   -41.9
 Etot   =  -1018280.5561  EKtot   =    263141.0000  EPtot      =  -1281421.5561
 BOND   =     10458.3779  ANGLE   =     27949.0193  DIHED      =     32479.2595
 1-4 NB =     12375.2335  1-4 EEL =    135076.8622  VDWAALS    =    152196.8189
 EELEC  =  -1651957.1274  EHBOND  =         0.0000  RESTRAINT  =         0.0000
 EKCMT  =    112127.9968  VIRIAL  =    116048.1943  VOLUME     =   4333914.2981
                                                    Density    =         1.0090
 ------------------------------------------------------------------------------


 NSTEP =  7550000   TIME(PS) =  165675.000  TEMP(K) =   300.14  PRESS =   -32.0
 Etot   =  -1018038.4988  EKtot   =    263342.1875  EPtot      =  -1281380.6863
 BOND   =     10465.0729  ANGLE   =     27540.1193  DIHED      =     32557.6296
 1-4 NB =     12410.3644  1-4 EEL =    135322.0474  VDWAALS    =    153240.1860
 EELEC  =  -1652916.1060  EHBOND  =         0.0000  RESTRAINT  =         0.0000
 EKCMT  =    111843.2075  VIRIAL  =    114840.6674  VOLUME     =   4331663.8898
                                                    Density    =         1.0095
 ------------------------------------------------------------------------------


 NSTEP =  7600000   TIME(PS) =  165775.000  TEMP(K) =   300.56  PRESS =    13.9
 Etot   =  -1017293.1233  EKtot   =    263713.3750  EPtot      =  -1281006.4983
 BOND   =     10603.5409  ANGLE   =     28073.8843  DIHED      =     32621.6566
 1-4 NB =     12374.6800  1-4 EEL =    135016.0276  VDWAALS    =    153041.2591
 EELEC  =  -1652737.5469  EHBOND  =         0.0000  RESTRAINT  =         0.0000
 EKCMT  =    112295.5425  VIRIAL  =    110999.4307  VOLUME     =   4333574.1445
                                                    Density    =         1.0090
 ------------------------------------------------------------------------------


 NSTEP =  7650000   TIME(PS) =  165875.000  TEMP(K) =   300.67  PRESS =     7.2
 Etot   =  -1017308.9760  EKtot   =    263806.5625  EPtot      =  -1281115.5385
 BOND   =     10534.7360  ANGLE   =     28037.0448  DIHED      =     32520.8183
 1-4 NB =     12380.5513  1-4 EEL =    135010.0450  VDWAALS    =    153142.8219
 EELEC  =  -1652741.5558  EHBOND  =         0.0000  RESTRAINT  =         0.0000
 EKCMT  =    112323.9797  VIRIAL  =    111647.7937  VOLUME     =   4331465.2161
                                                    Density    =         1.0095
 ------------------------------------------------------------------------------


 NSTEP =  7700000   TIME(PS) =  165975.000  TEMP(K) =   299.93  PRESS =   -16.8
 Etot   =  -1016807.7474  EKtot   =    263158.3438  EPtot      =  -1279966.0911
 BOND   =     10450.6808  ANGLE   =     27916.3375  DIHED      =     32607.9563
 1-4 NB =     12380.2617  1-4 EEL =    134835.0779  VDWAALS    =    152859.7212
 EELEC  =  -1651016.1264  EHBOND  =         0.0000  RESTRAINT  =         0.0000
 EKCMT  =    112472.4136  VIRIAL  =    114042.3044  VOLUME     =   4337601.6480
                                                    Density    =         1.0081
 ------------------------------------------------------------------------------


 NSTEP =  7750000   TIME(PS) =  166075.000  TEMP(K) =   300.27  PRESS =    48.7
 Etot   =  -1017374.2757  EKtot   =    263458.5938  EPtot      =  -1280832.8695
 BOND   =     10559.7315  ANGLE   =     27806.4170  DIHED      =     32469.4931
 1-4 NB =     12418.6107  1-4 EEL =    135169.0384  VDWAALS    =    152241.7665
 EELEC  =  -1651497.9266  EHBOND  =         0.0000  RESTRAINT  =         0.0000
 EKCMT  =    112283.4562  VIRIAL  =    107727.4285  VOLUME     =   4332485.4150
                                                    Density    =         1.0093
 ------------------------------------------------------------------------------


 NSTEP =  7800000   TIME(PS) =  166175.000  TEMP(K) =   300.11  PRESS =   -21.1
 Etot   =  -1017453.0158  EKtot   =    263318.2812  EPtot      =  -1280771.2970
 BOND   =     10486.4727  ANGLE   =     27709.0322  DIHED      =     32637.8267
 1-4 NB =     12389.6935  1-4 EEL =    135161.3826  VDWAALS    =    151878.3650
 EELEC  =  -1651034.0698  EHBOND  =         0.0000  RESTRAINT  =         0.0000
 EKCMT  =    111991.4621  VIRIAL  =    113967.1791  VOLUME     =   4334823.7879
                                                    Density    =         1.0088
 ------------------------------------------------------------------------------


 NSTEP =  7850000   TIME(PS) =  166275.000  TEMP(K) =   300.00  PRESS =   -34.1
 Etot   =  -1017589.1383  EKtot   =    263217.9062  EPtot      =  -1280807.0445
 BOND   =     10507.8627  ANGLE   =     28009.7882  DIHED      =     32533.9888
 1-4 NB =     12393.9698  1-4 EEL =    135031.6826  VDWAALS    =    152720.1129
 EELEC  =  -1652004.4495  EHBOND  =         0.0000  RESTRAINT  =         0.0000
 EKCMT  =    112064.5380  VIRIAL  =    115256.4865  VOLUME     =   4334611.4971
                                                    Density    =         1.0088
 ------------------------------------------------------------------------------


 NSTEP =  7900000   TIME(PS) =  166375.000  TEMP(K) =   299.88  PRESS =   -31.1
 Etot   =  -1018652.6198  EKtot   =    263116.0938  EPtot      =  -1281768.7135
 BOND   =     10347.8209  ANGLE   =     27988.0726  DIHED      =     32606.0726
 1-4 NB =     12403.7023  1-4 EEL =    135047.3951  VDWAALS    =    152934.4993
 EELEC  =  -1653096.2764  EHBOND  =         0.0000  RESTRAINT  =         0.0000
 EKCMT  =    112209.9593  VIRIAL  =    115124.4333  VOLUME     =   4334666.1622
                                                    Density    =         1.0088
 ------------------------------------------------------------------------------


 NSTEP =  7950000   TIME(PS) =  166475.000  TEMP(K) =   300.21  PRESS =   -10.9
 Etot   =  -1017429.3960  EKtot   =    263407.9062  EPtot      =  -1280837.3022
 BOND   =     10485.3782  ANGLE   =     27897.2078  DIHED      =     32582.0898
 1-4 NB =     12336.8269  1-4 EEL =    135142.1512  VDWAALS    =    152270.1318
 EELEC  =  -1651551.0880  EHBOND  =         0.0000  RESTRAINT  =         0.0000
 EKCMT  =    112319.6495  VIRIAL  =    113335.6301  VOLUME     =   4332371.3598
                                                    Density    =         1.0093
 ------------------------------------------------------------------------------


 NSTEP =  8000000   TIME(PS) =  166575.000  TEMP(K) =   300.46  PRESS =   -63.9
 Etot   =  -1017632.8003  EKtot   =    263621.0938  EPtot      =  -1281253.8941
 BOND   =     10519.8559  ANGLE   =     27792.5308  DIHED      =     32493.3578
 1-4 NB =     12425.3348  1-4 EEL =    134965.0445  VDWAALS    =    152204.0051
 EELEC  =  -1651654.0229  EHBOND  =         0.0000  RESTRAINT  =         0.0000
 EKCMT  =    111811.1052  VIRIAL  =    117791.0937  VOLUME     =   4332367.9325
                                                    Density    =         1.0093
 ------------------------------------------------------------------------------


 NSTEP =  8050000   TIME(PS) =  166675.000  TEMP(K) =   299.68  PRESS =   -98.0
 Etot   =  -1017436.8847  EKtot   =    262938.4688  EPtot      =  -1280375.3534
 BOND   =     10537.0933  ANGLE   =     27991.8572  DIHED      =     32629.4123
 1-4 NB =     12408.4459  1-4 EEL =    135047.8721  VDWAALS    =    151608.9690
 EELEC  =  -1650599.0033  EHBOND  =         0.0000  RESTRAINT  =         0.0000
 EKCMT  =    112033.2451  VIRIAL  =    121193.4674  VOLUME     =   4329621.9947
                                                    Density    =         1.0100
 ------------------------------------------------------------------------------


 NSTEP =  8100000   TIME(PS) =  166775.000  TEMP(K) =   300.31  PRESS =    19.3
 Etot   =  -1017569.3066  EKtot   =    263492.5938  EPtot      =  -1281061.9004
 BOND   =     10520.3874  ANGLE   =     27915.2534  DIHED      =     32640.0673
 1-4 NB =     12364.7057  1-4 EEL =    135034.6316  VDWAALS    =    153193.3730
 EELEC  =  -1652730.3187  EHBOND  =         0.0000  RESTRAINT  =         0.0000
 EKCMT  =    112106.4175  VIRIAL  =    110303.4951  VOLUME     =   4332423.8684
                                                    Density    =         1.0093
 ------------------------------------------------------------------------------


 NSTEP =  8150000   TIME(PS) =  166875.000  TEMP(K) =   299.39  PRESS =   -42.5
 Etot   =  -1019206.9192  EKtot   =    262681.1562  EPtot      =  -1281888.0754
 BOND   =     10558.1413  ANGLE   =     27837.9630  DIHED      =     32532.2723
 1-4 NB =     12317.5215  1-4 EEL =    135226.8288  VDWAALS    =    153133.3915
 EELEC  =  -1653494.1940  EHBOND  =         0.0000  RESTRAINT  =         0.0000
 EKCMT  =    111884.3360  VIRIAL  =    115858.6331  VOLUME     =   4332612.3039
                                                    Density    =         1.0093
 ------------------------------------------------------------------------------


 NSTEP =  8200000   TIME(PS) =  166975.000  TEMP(K) =   299.86  PRESS =    37.7
 Etot   =  -1018967.2355  EKtot   =    263093.8750  EPtot      =  -1282061.1105
 BOND   =     10369.7978  ANGLE   =     27771.8168  DIHED      =     32601.1068
 1-4 NB =     12440.8213  1-4 EEL =    135164.1030  VDWAALS    =    153078.2823
 EELEC  =  -1653487.0385  EHBOND  =         0.0000  RESTRAINT  =         0.0000
 EKCMT  =    111971.8134  VIRIAL  =    108445.5152  VOLUME     =   4330495.6271
                                                    Density    =         1.0098
 ------------------------------------------------------------------------------


 NSTEP =  8250000   TIME(PS) =  167075.000  TEMP(K) =   300.92  PRESS =    32.1
 Etot   =  -1017392.9588  EKtot   =    264031.7500  EPtot      =  -1281424.7088
 BOND   =     10533.6400  ANGLE   =     27555.5842  DIHED      =     32511.1532
 1-4 NB =     12361.7563  1-4 EEL =    135275.4897  VDWAALS    =    153089.2588
 EELEC  =  -1652751.5909  EHBOND  =         0.0000  RESTRAINT  =         0.0000
 EKCMT  =    112599.4534  VIRIAL  =    109600.2008  VOLUME     =   4332701.4544
                                                    Density    =         1.0092
 ------------------------------------------------------------------------------


 NSTEP =  8300000   TIME(PS) =  167175.000  TEMP(K) =   299.94  PRESS =    26.9
 Etot   =  -1017680.1652  EKtot   =    263168.3438  EPtot      =  -1280848.5089
 BOND   =     10462.9065  ANGLE   =     28006.4992  DIHED      =     32576.7268
 1-4 NB =     12337.9139  1-4 EEL =    135170.9110  VDWAALS    =    152623.0971
 EELEC  =  -1652026.5634  EHBOND  =         0.0000  RESTRAINT  =         0.0000
 EKCMT  =    112355.6313  VIRIAL  =    109837.8021  VOLUME     =   4335170.4614
                                                    Density    =         1.0087
 ------------------------------------------------------------------------------


 NSTEP =  8350000   TIME(PS) =  167275.000  TEMP(K) =   299.31  PRESS =   -45.4
 Etot   =  -1017782.6989  EKtot   =    262615.3125  EPtot      =  -1280398.0114
 BOND   =     10489.4210  ANGLE   =     27874.9288  DIHED      =     32705.8413
 1-4 NB =     12468.1150  1-4 EEL =    135183.8881  VDWAALS    =    152031.5209
 EELEC  =  -1651151.7265  EHBOND  =         0.0000  RESTRAINT  =         0.0000
 EKCMT  =    112109.2774  VIRIAL  =    116355.4510  VOLUME     =   4333567.4192
                                                    Density    =         1.0090
 ------------------------------------------------------------------------------


 NSTEP =  8400000   TIME(PS) =  167375.000  TEMP(K) =   299.96  PRESS =    23.1
 Etot   =  -1016403.4703  EKtot   =    263187.2812  EPtot      =  -1279590.7515
 BOND   =     10539.5720  ANGLE   =     27904.1660  DIHED      =     32644.4922
 1-4 NB =     12451.9002  1-4 EEL =    135033.8086  VDWAALS    =    152371.4831
 EELEC  =  -1650536.1736  EHBOND  =         0.0000  RESTRAINT  =         0.0000
 EKCMT  =    111929.9229  VIRIAL  =    109764.1101  VOLUME     =   4334151.2494
                                                    Density    =         1.0089
 ------------------------------------------------------------------------------


 NSTEP =  8450000   TIME(PS) =  167475.000  TEMP(K) =   299.91  PRESS =    58.1
 Etot   =  -1017801.2048  EKtot   =    263140.3438  EPtot      =  -1280941.5486
 BOND   =     10500.0255  ANGLE   =     28242.4622  DIHED      =     32640.6133
 1-4 NB =     12356.3232  1-4 EEL =    135127.5490  VDWAALS    =    153088.4762
 EELEC  =  -1652896.9979  EHBOND  =         0.0000  RESTRAINT  =         0.0000
 EKCMT  =    112363.5648  VIRIAL  =    106929.2093  VOLUME     =   4333275.2530
                                                    Density    =         1.0091
 ------------------------------------------------------------------------------


 NSTEP =  8500000   TIME(PS) =  167575.000  TEMP(K) =   300.46  PRESS =   -28.6
 Etot   =  -1017501.0777  EKtot   =    263620.4062  EPtot      =  -1281121.4840
 BOND   =     10401.4418  ANGLE   =     28038.4686  DIHED      =     32683.0125
 1-4 NB =     12450.6657  1-4 EEL =    134999.4962  VDWAALS    =    152906.3119
 EELEC  =  -1652600.8806  EHBOND  =         0.0000  RESTRAINT  =         0.0000
 EKCMT  =    112506.1335  VIRIAL  =    115183.7869  VOLUME     =   4335914.7778
                                                    Density    =         1.0085
 ------------------------------------------------------------------------------


 NSTEP =  8550000   TIME(PS) =  167675.000  TEMP(K) =   300.07  PRESS =    -6.2
 Etot   =  -1016926.8103  EKtot   =    263284.1875  EPtot      =  -1280210.9978
 BOND   =     10517.8324  ANGLE   =     28214.2577  DIHED      =     32556.7031
 1-4 NB =     12383.4359  1-4 EEL =    135076.1298  VDWAALS    =    152874.7900
 EELEC  =  -1651834.1467  EHBOND  =         0.0000  RESTRAINT  =         0.0000
 EKCMT  =    112129.7558  VIRIAL  =    112710.9402  VOLUME     =   4333611.6686
                                                    Density    =         1.0090
 ------------------------------------------------------------------------------


 NSTEP =  8600000   TIME(PS) =  167775.000  TEMP(K) =   300.15  PRESS =   -43.9
 Etot   =  -1017843.0908  EKtot   =    263353.4375  EPtot      =  -1281196.5283
 BOND   =     10406.2980  ANGLE   =     28017.4920  DIHED      =     32505.4354
 1-4 NB =     12374.6686  1-4 EEL =    135042.2836  VDWAALS    =    152549.8332
 EELEC  =  -1652092.5391  EHBOND  =         0.0000  RESTRAINT  =         0.0000
 EKCMT  =    112209.7105  VIRIAL  =    116313.6255  VOLUME     =   4332651.4133
                                                    Density    =         1.0093
 ------------------------------------------------------------------------------


 NSTEP =  8650000   TIME(PS) =  167875.000  TEMP(K) =   299.72  PRESS =   -54.6
 Etot   =  -1018139.3346  EKtot   =    262971.1875  EPtot      =  -1281110.5221
 BOND   =     10455.6464  ANGLE   =     28009.8381  DIHED      =     32521.3646
 1-4 NB =     12306.9614  1-4 EEL =    134901.0796  VDWAALS    =    152604.6550
 EELEC  =  -1651910.0672  EHBOND  =         0.0000  RESTRAINT  =         0.0000
 EKCMT  =    112395.9044  VIRIAL  =    117504.9762  VOLUME     =   4331032.3499
                                                    Density    =         1.0096
 ------------------------------------------------------------------------------


 NSTEP =  8700000   TIME(PS) =  167975.000  TEMP(K) =   300.39  PRESS =   -39.6
 Etot   =  -1017532.0066  EKtot   =    263561.0938  EPtot      =  -1281093.1004
 BOND   =     10459.9866  ANGLE   =     28100.3526  DIHED      =     32550.5209
 1-4 NB =     12372.4108  1-4 EEL =    135001.6892  VDWAALS    =    152339.7274
 EELEC  =  -1651917.7879  EHBOND  =         0.0000  RESTRAINT  =         0.0000
 EKCMT  =    112139.5777  VIRIAL  =    115842.8315  VOLUME     =   4333436.3954
                                                    Density    =         1.0091
 ------------------------------------------------------------------------------


 NSTEP =  8750000   TIME(PS) =  168075.000  TEMP(K) =   300.76  PRESS =    69.8
 Etot   =  -1015855.4677  EKtot   =    263890.4062  EPtot      =  -1279745.8740
 BOND   =     10465.6169  ANGLE   =     27946.6901  DIHED      =     32519.5641
 1-4 NB =     12469.0450  1-4 EEL =    135160.2354  VDWAALS    =    153145.2268
 EELEC  =  -1651452.2522  EHBOND  =         0.0000  RESTRAINT  =         0.0000
 EKCMT  =    112572.3665  VIRIAL  =    106043.6707  VOLUME     =   4335020.4441
                                                    Density    =         1.0087
 ------------------------------------------------------------------------------


 NSTEP =  8800000   TIME(PS) =  168175.000  TEMP(K) =   299.78  PRESS =    43.4
 Etot   =  -1017525.4445  EKtot   =    263024.8438  EPtot      =  -1280550.2883
 BOND   =     10391.6091  ANGLE   =     28106.7646  DIHED      =     32587.8214
 1-4 NB =     12409.4702  1-4 EEL =    135070.6847  VDWAALS    =    152580.6973
 EELEC  =  -1651697.3356  EHBOND  =         0.0000  RESTRAINT  =         0.0000
 EKCMT  =    112338.1711  VIRIAL  =    108276.0730  VOLUME     =   4333167.4942
                                                    Density    =         1.0091
 ------------------------------------------------------------------------------


 NSTEP =  8850000   TIME(PS) =  168275.000  TEMP(K) =   299.74  PRESS =   -14.7
 Etot   =  -1018724.4341  EKtot   =    262987.7500  EPtot      =  -1281712.1841
 BOND   =     10535.9308  ANGLE   =     27799.8781  DIHED      =     32445.8735
 1-4 NB =     12409.8390  1-4 EEL =    135001.8222  VDWAALS    =    152004.3246
 EELEC  =  -1651909.8522  EHBOND  =         0.0000  RESTRAINT  =         0.0000
 EKCMT  =    112063.5595  VIRIAL  =    113443.2079  VOLUME     =   4332117.8339
                                                    Density    =         1.0094
 ------------------------------------------------------------------------------


 NSTEP =  8900000   TIME(PS) =  168375.000  TEMP(K) =   299.66  PRESS =   -38.7
 Etot   =  -1017394.5656  EKtot   =    262924.4688  EPtot      =  -1280319.0343
 BOND   =     10392.0557  ANGLE   =     27743.0259  DIHED      =     32589.8932
 1-4 NB =     12485.0979  1-4 EEL =    135191.4990  VDWAALS    =    152840.4452
 EELEC  =  -1651561.0511  EHBOND  =         0.0000  RESTRAINT  =         0.0000
 EKCMT  =    112200.8150  VIRIAL  =    115821.5364  VOLUME     =   4332517.3508
                                                    Density    =         1.0093
 ------------------------------------------------------------------------------


 NSTEP =  8950000   TIME(PS) =  168475.000  TEMP(K) =   299.96  PRESS =   -40.7
 Etot   =  -1018179.4139  EKtot   =    263188.6875  EPtot      =  -1281368.1014
 BOND   =     10481.2457  ANGLE   =     27715.4568  DIHED      =     32482.5088
 1-4 NB =     12424.0476  1-4 EEL =    134948.6975  VDWAALS    =    153157.3864
 EELEC  =  -1652577.4441  EHBOND  =         0.0000  RESTRAINT  =         0.0000
 EKCMT  =    111540.2731  VIRIAL  =    115342.3288  VOLUME     =   4331236.5743
                                                    Density    =         1.0096
 ------------------------------------------------------------------------------


 NSTEP =  9000000   TIME(PS) =  168575.000  TEMP(K) =   298.92  PRESS =   -23.3
 Etot   =  -1018928.8188  EKtot   =    262271.4375  EPtot      =  -1281200.2563
 BOND   =     10470.7809  ANGLE   =     27950.1148  DIHED      =     32547.3732
 1-4 NB =     12380.3928  1-4 EEL =    134879.3833  VDWAALS    =    151461.3766
 EELEC  =  -1650889.6781  EHBOND  =         0.0000  RESTRAINT  =         0.0000
 EKCMT  =    111596.7113  VIRIAL  =    113778.7918  VOLUME     =   4331292.7346
                                                    Density    =         1.0096
 ------------------------------------------------------------------------------


 NSTEP =  9050000   TIME(PS) =  168675.000  TEMP(K) =   299.97  PRESS =   -20.8
 Etot   =  -1017771.8275  EKtot   =    263193.6250  EPtot      =  -1280965.4525
 BOND   =     10393.7164  ANGLE   =     27731.6627  DIHED      =     32532.7902
 1-4 NB =     12424.5571  1-4 EEL =    134938.3927  VDWAALS    =    152295.3534
 EELEC  =  -1651281.9249  EHBOND  =         0.0000  RESTRAINT  =         0.0000
 EKCMT  =    111838.2796  VIRIAL  =    113782.4805  VOLUME     =   4333896.7252
                                                    Density    =         1.0090
 ------------------------------------------------------------------------------


 NSTEP =  9100000   TIME(PS) =  168775.000  TEMP(K) =   299.73  PRESS =   -37.4
 Etot   =  -1017927.2830  EKtot   =    262986.9688  EPtot      =  -1280914.2517
 BOND   =     10543.4495  ANGLE   =     27917.8816  DIHED      =     32478.8013
 1-4 NB =     12380.5252  1-4 EEL =    134940.4151  VDWAALS    =    152343.2883
 EELEC  =  -1651518.6126  EHBOND  =         0.0000  RESTRAINT  =         0.0000
 EKCMT  =    112370.8374  VIRIAL  =    115871.1897  VOLUME     =   4332063.5248
                                                    Density    =         1.0094
 ------------------------------------------------------------------------------


 NSTEP =  9150000   TIME(PS) =  168875.000  TEMP(K) =   300.20  PRESS =    44.7
 Etot   =  -1017579.2156  EKtot   =    263393.1562  EPtot      =  -1280972.3718
 BOND   =     10408.8611  ANGLE   =     27881.0489  DIHED      =     32674.6187
 1-4 NB =     12373.8321  1-4 EEL =    134983.0676  VDWAALS    =    152585.5984
 EELEC  =  -1651879.3986  EHBOND  =         0.0000  RESTRAINT  =         0.0000
 EKCMT  =    112482.9346  VIRIAL  =    108298.0785  VOLUME     =   4331502.4274
                                                    Density    =         1.0095
 ------------------------------------------------------------------------------


 NSTEP =  9200000   TIME(PS) =  168975.000  TEMP(K) =   300.20  PRESS =   -25.1
 Etot   =  -1016353.2780  EKtot   =    263396.1875  EPtot      =  -1279749.4655
 BOND   =     10508.2621  ANGLE   =     27884.0523  DIHED      =     32536.4855
 1-4 NB =     12495.8835  1-4 EEL =    135146.0151  VDWAALS    =    151908.7316
 EELEC  =  -1650228.8956  EHBOND  =         0.0000  RESTRAINT  =         0.0000
 EKCMT  =    112403.6476  VIRIAL  =    114749.3345  VOLUME     =   4334602.0419
                                                    Density    =         1.0088
 ------------------------------------------------------------------------------


 NSTEP =  9250000   TIME(PS) =  169075.000  TEMP(K) =   299.57  PRESS =   -49.9
 Etot   =  -1018513.0220  EKtot   =    262845.1250  EPtot      =  -1281358.1470
 BOND   =     10390.9292  ANGLE   =     27623.0359  DIHED      =     32536.1758
 1-4 NB =     12462.3058  1-4 EEL =    135204.7330  VDWAALS    =    151990.0941
 EELEC  =  -1651565.4209  EHBOND  =         0.0000  RESTRAINT  =         0.0000
 EKCMT  =    112194.5066  VIRIAL  =    116866.9700  VOLUME     =   4334069.8889
                                                    Density    =         1.0089
 ------------------------------------------------------------------------------


 NSTEP =  9300000   TIME(PS) =  169175.000  TEMP(K) =   299.50  PRESS =  -141.9
 Etot   =  -1018273.6978  EKtot   =    262783.4688  EPtot      =  -1281057.1665
 BOND   =     10542.9172  ANGLE   =     28091.5690  DIHED      =     32456.0972
 1-4 NB =     12445.7808  1-4 EEL =    134954.8186  VDWAALS    =    152247.0922
 EELEC  =  -1651795.4415  EHBOND  =         0.0000  RESTRAINT  =         0.0000
 EKCMT  =    111862.3548  VIRIAL  =    125136.8740  VOLUME     =   4331498.8363
                                                    Density    =         1.0095
 ------------------------------------------------------------------------------


 NSTEP =  9350000   TIME(PS) =  169275.000  TEMP(K) =   300.52  PRESS =   -47.5
 Etot   =  -1017354.0108  EKtot   =    263680.4375  EPtot      =  -1281034.4483
 BOND   =     10408.0244  ANGLE   =     28037.9777  DIHED      =     32415.4766
 1-4 NB =     12481.9931  1-4 EEL =    135087.3338  VDWAALS    =    152717.0266
 EELEC  =  -1652182.2806  EHBOND  =         0.0000  RESTRAINT  =         0.0000
 EKCMT  =    111957.7835  VIRIAL  =    116403.6010  VOLUME     =   4332293.0891
                                                    Density    =         1.0093
 ------------------------------------------------------------------------------


 NSTEP =  9400000   TIME(PS) =  169375.000  TEMP(K) =   300.27  PRESS =     4.8
 Etot   =  -1016533.8809  EKtot   =    263455.8125  EPtot      =  -1279989.6934
 BOND   =     10441.1118  ANGLE   =     27922.9337  DIHED      =     32645.0863
 1-4 NB =     12399.5207  1-4 EEL =    134990.7413  VDWAALS    =    152274.3918
 EELEC  =  -1650663.4789  EHBOND  =         0.0000  RESTRAINT  =         0.0000
 EKCMT  =    112327.8572  VIRIAL  =    111879.8950  VOLUME     =   4335472.2568
                                                    Density    =         1.0086
 ------------------------------------------------------------------------------


 NSTEP =  9450000   TIME(PS) =  169475.000  TEMP(K) =   299.84  PRESS =   -12.1
 Etot   =  -1017010.7730  EKtot   =    263078.6562  EPtot      =  -1280089.4292
 BOND   =     10603.1509  ANGLE   =     28020.6796  DIHED      =     32464.0304
 1-4 NB =     12454.6510  1-4 EEL =    134973.2765  VDWAALS    =    151858.3916
 EELEC  =  -1650463.6091  EHBOND  =         0.0000  RESTRAINT  =         0.0000
 EKCMT  =    112135.4233  VIRIAL  =    113270.2427  VOLUME     =   4332567.4580
                                                    Density    =         1.0093
 ------------------------------------------------------------------------------


 NSTEP =  9500000   TIME(PS) =  169575.000  TEMP(K) =   299.58  PRESS =    34.2
 Etot   =  -1018128.6398  EKtot   =    262853.2500  EPtot      =  -1280981.8898
 BOND   =     10446.7403  ANGLE   =     28045.6231  DIHED      =     32596.4149
 1-4 NB =     12406.5135  1-4 EEL =    134897.5623  VDWAALS    =    152669.6787
 EELEC  =  -1652044.4227  EHBOND  =         0.0000  RESTRAINT  =         0.0000
 EKCMT  =    111941.8159  VIRIAL  =    108745.8190  VOLUME     =   4332568.3617
                                                    Density    =         1.0093
 ------------------------------------------------------------------------------


 NSTEP =  9550000   TIME(PS) =  169675.000  TEMP(K) =   300.65  PRESS =   -36.9
 Etot   =  -1017014.3474  EKtot   =    263792.5000  EPtot      =  -1280806.8474
 BOND   =     10517.6686  ANGLE   =     27924.3212  DIHED      =     32619.6271
 1-4 NB =     12378.6610  1-4 EEL =    134994.7505  VDWAALS    =    153353.9399
 EELEC  =  -1652595.8156  EHBOND  =         0.0000  RESTRAINT  =         0.0000
 EKCMT  =    112397.6767  VIRIAL  =    115852.5573  VOLUME     =   4332658.8337
                                                    Density    =         1.0093
 ------------------------------------------------------------------------------


 NSTEP =  9600000   TIME(PS) =  169775.000  TEMP(K) =   299.28  PRESS =   -12.8
 Etot   =  -1017682.9969  EKtot   =    262592.0938  EPtot      =  -1280275.0907
 BOND   =     10487.6944  ANGLE   =     27935.6083  DIHED      =     32722.3240
 1-4 NB =     12395.1451  1-4 EEL =    134805.5526  VDWAALS    =    152685.2784
 EELEC  =  -1651306.6935  EHBOND  =         0.0000  RESTRAINT  =         0.0000
 EKCMT  =    111946.7893  VIRIAL  =    113146.6917  VOLUME     =   4333086.9717
                                                    Density    =         1.0092
 ------------------------------------------------------------------------------


 NSTEP =  9650000   TIME(PS) =  169875.000  TEMP(K) =   299.60  PRESS =     7.1
 Etot   =  -1017736.2599  EKtot   =    262872.3750  EPtot      =  -1280608.6349
 BOND   =     10490.2559  ANGLE   =     27809.8433  DIHED      =     32453.3737
 1-4 NB =     12378.9726  1-4 EEL =    135013.1409  VDWAALS    =    152581.5662
 EELEC  =  -1651335.7874  EHBOND  =         0.0000  RESTRAINT  =         0.0000
 EKCMT  =    112164.7773  VIRIAL  =    111498.7881  VOLUME     =   4334456.8294
                                                    Density    =         1.0088
 ------------------------------------------------------------------------------


 NSTEP =  9700000   TIME(PS) =  169975.000  TEMP(K) =   300.65  PRESS =   -37.0
 Etot   =  -1017430.8798  EKtot   =    263787.0625  EPtot      =  -1281217.9423
 BOND   =     10373.7952  ANGLE   =     28002.1544  DIHED      =     32570.9255
 1-4 NB =     12410.2827  1-4 EEL =    135317.2328  VDWAALS    =    152235.7685
 EELEC  =  -1652128.1016  EHBOND  =         0.0000  RESTRAINT  =         0.0000
 EKCMT  =    112276.8781  VIRIAL  =    115734.4987  VOLUME     =   4332347.2908
                                                    Density    =         1.0093
 ------------------------------------------------------------------------------


 NSTEP =  9750000   TIME(PS) =  170075.000  TEMP(K) =   299.90  PRESS =   -37.1
 Etot   =  -1017285.5674  EKtot   =    263131.4688  EPtot      =  -1280417.0361
 BOND   =     10341.3337  ANGLE   =     27869.4978  DIHED      =     32497.3850
 1-4 NB =     12460.5048  1-4 EEL =    135261.1164  VDWAALS    =    151884.2208
 EELEC  =  -1650731.0946  EHBOND  =         0.0000  RESTRAINT  =         0.0000
 EKCMT  =    112124.4289  VIRIAL  =    115593.8625  VOLUME     =   4332974.3261
                                                    Density    =         1.0092
 ------------------------------------------------------------------------------


 NSTEP =  9800000   TIME(PS) =  170175.000  TEMP(K) =   299.96  PRESS =    20.0
 Etot   =  -1017751.2760  EKtot   =    263181.8438  EPtot      =  -1280933.1197
 BOND   =     10529.2217  ANGLE   =     28031.2558  DIHED      =     32693.2215
 1-4 NB =     12431.6047  1-4 EEL =    135014.2888  VDWAALS    =    153293.6250
 EELEC  =  -1652926.3372  EHBOND  =         0.0000  RESTRAINT  =         0.0000
 EKCMT  =    111960.5029  VIRIAL  =    110091.6472  VOLUME     =   4331669.5955
                                                    Density    =         1.0095
 ------------------------------------------------------------------------------


 NSTEP =  9850000   TIME(PS) =  170275.000  TEMP(K) =   299.94  PRESS =   -10.4
 Etot   =  -1017659.0802  EKtot   =    263170.3125  EPtot      =  -1280829.3927
 BOND   =     10595.2974  ANGLE   =     27645.8320  DIHED      =     32700.1053
 1-4 NB =     12427.7834  1-4 EEL =    135008.3972  VDWAALS    =    152507.3458
 EELEC  =  -1651714.1537  EHBOND  =         0.0000  RESTRAINT  =         0.0000
 EKCMT  =    112474.7793  VIRIAL  =    113445.8348  VOLUME     =   4334364.7275
                                                    Density    =         1.0089
 ------------------------------------------------------------------------------


 NSTEP =  9900000   TIME(PS) =  170375.000  TEMP(K) =   300.05  PRESS =    16.0
 Etot   =  -1017568.3999  EKtot   =    263267.7812  EPtot      =  -1280836.1812
 BOND   =     10477.2508  ANGLE   =     27916.5093  DIHED      =     32545.8314
 1-4 NB =     12286.2569  1-4 EEL =    135127.6151  VDWAALS    =    152595.8912
 EELEC  =  -1651785.5358  EHBOND  =         0.0000  RESTRAINT  =         0.0000
 EKCMT  =    111958.8395  VIRIAL  =    110459.3706  VOLUME     =   4331174.7230
                                                    Density    =         1.0096
 ------------------------------------------------------------------------------


 NSTEP =  9950000   TIME(PS) =  170475.000  TEMP(K) =   300.01  PRESS =     7.2
 Etot   =  -1016888.0328  EKtot   =    263233.3438  EPtot      =  -1280121.3765
 BOND   =     10517.2565  ANGLE   =     28123.0534  DIHED      =     32526.7381
 1-4 NB =     12370.7235  1-4 EEL =    134876.2106  VDWAALS    =    153020.3874
 EELEC  =  -1651555.7459  EHBOND  =         0.0000  RESTRAINT  =         0.0000
 EKCMT  =    112652.2363  VIRIAL  =    111975.0882  VOLUME     =   4335302.4683
                                                    Density    =         1.0086
 ------------------------------------------------------------------------------


 NSTEP = 10000000   TIME(PS) =  170575.000  TEMP(K) =   299.98  PRESS =    -1.2
 Etot   =  -1017414.2235  EKtot   =    263200.9062  EPtot      =  -1280615.1298
 BOND   =     10560.2477  ANGLE   =     28126.2428  DIHED      =     32595.0319
 1-4 NB =     12342.6061  1-4 EEL =    135095.3267  VDWAALS    =    152187.6910
 EELEC  =  -1651522.2760  EHBOND  =         0.0000  RESTRAINT  =         0.0000
 EKCMT  =    112214.4112  VIRIAL  =    112323.5407  VOLUME     =   4331569.0654
                                                    Density    =         1.0095
 ------------------------------------------------------------------------------


 NSTEP = 10050000   TIME(PS) =  170675.000  TEMP(K) =   299.69  PRESS =    54.0
 Etot   =  -1018293.3280  EKtot   =    262950.4375  EPtot      =  -1281243.7655
 BOND   =     10528.6171  ANGLE   =     27759.5840  DIHED      =     32589.5400
 1-4 NB =     12328.9623  1-4 EEL =    135042.2608  VDWAALS    =    152966.5550
 EELEC  =  -1652459.2846  EHBOND  =         0.0000  RESTRAINT  =         0.0000
 EKCMT  =    112025.0194  VIRIAL  =    106978.9818  VOLUME     =   4331016.0995
                                                    Density    =         1.0096
 ------------------------------------------------------------------------------


 NSTEP = 10100000   TIME(PS) =  170775.000  TEMP(K) =   300.00  PRESS =   -59.7
 Etot   =  -1017492.1724  EKtot   =    263219.7188  EPtot      =  -1280711.8911
 BOND   =     10498.9062  ANGLE   =     28108.8969  DIHED      =     32593.4875
 1-4 NB =     12299.0808  1-4 EEL =    134951.3639  VDWAALS    =    152750.4314
 EELEC  =  -1651914.0578  EHBOND  =         0.0000  RESTRAINT  =         0.0000
 EKCMT  =    112065.6071  VIRIAL  =    117647.7920  VOLUME     =   4333927.3954
                                                    Density    =         1.0090
 ------------------------------------------------------------------------------


 NSTEP = 10150000   TIME(PS) =  170875.000  TEMP(K) =   300.68  PRESS =   -19.5
 Etot   =  -1017193.3922  EKtot   =    263820.8750  EPtot      =  -1281014.2672
 BOND   =     10550.3722  ANGLE   =     27915.0343  DIHED      =     32640.6393
 1-4 NB =     12345.5798  1-4 EEL =    135064.2766  VDWAALS    =    151932.0498
 EELEC  =  -1651462.2192  EHBOND  =         0.0000  RESTRAINT  =         0.0000
 EKCMT  =    112362.1508  VIRIAL  =    114181.4937  VOLUME     =   4329996.6026
                                                    Density    =         1.0099
 ------------------------------------------------------------------------------


 NSTEP = 10200000   TIME(PS) =  170975.000  TEMP(K) =   299.76  PRESS =    49.4
 Etot   =  -1017952.9800  EKtot   =    263007.2188  EPtot      =  -1280960.1988
 BOND   =     10522.7254  ANGLE   =     28034.7382  DIHED      =     32583.2665
 1-4 NB =     12403.7347  1-4 EEL =    134865.6467  VDWAALS    =    152444.4661
 EELEC  =  -1651814.7765  EHBOND  =         0.0000  RESTRAINT  =         0.0000
 EKCMT  =    111884.0117  VIRIAL  =    107268.3789  VOLUME     =   4328583.4856
                                                    Density    =         1.0102
 ------------------------------------------------------------------------------


 NSTEP = 10250000   TIME(PS) =  171075.000  TEMP(K) =   300.16  PRESS =    31.5
 Etot   =  -1017360.4854  EKtot   =    263358.6875  EPtot      =  -1280719.1729
 BOND   =     10532.2470  ANGLE   =     27844.0884  DIHED      =     32463.3665
 1-4 NB =     12369.1353  1-4 EEL =    135054.0066  VDWAALS    =    152404.5410
 EELEC  =  -1651386.5577  EHBOND  =         0.0000  RESTRAINT  =         0.0000
 EKCMT  =    111834.5557  VIRIAL  =    108892.1959  VOLUME     =   4331460.7854
                                                    Density    =         1.0095
 ------------------------------------------------------------------------------


 NSTEP = 10300000   TIME(PS) =  171175.000  TEMP(K) =   299.73  PRESS =   -29.0
 Etot   =  -1018402.1470  EKtot   =    262982.7188  EPtot      =  -1281384.8658
 BOND   =     10461.3643  ANGLE   =     28082.5168  DIHED      =     32664.1464
 1-4 NB =     12369.0876  1-4 EEL =    135152.7768  VDWAALS    =    153183.4145
 EELEC  =  -1653298.1723  EHBOND  =         0.0000  RESTRAINT  =         0.0000
 EKCMT  =    111967.1161  VIRIAL  =    114678.7782  VOLUME     =   4334119.3333
                                                    Density    =         1.0089
 ------------------------------------------------------------------------------


 NSTEP = 10350000   TIME(PS) =  171275.000  TEMP(K) =   299.64  PRESS =    51.2
 Etot   =  -1017180.4980  EKtot   =    262904.3125  EPtot      =  -1280084.8105
 BOND   =     10473.0410  ANGLE   =     27949.0049  DIHED      =     32571.3409
 1-4 NB =     12370.2660  1-4 EEL =    135054.1508  VDWAALS    =    153141.6242
 EELEC  =  -1651644.2382  EHBOND  =         0.0000  RESTRAINT  =         0.0000
 EKCMT  =    111996.2703  VIRIAL  =    107205.1399  VOLUME     =   4331651.5732
                                                    Density    =         1.0095
 ------------------------------------------------------------------------------


 NSTEP = 10400000   TIME(PS) =  171375.000  TEMP(K) =   300.83  PRESS =   -36.3
 Etot   =  -1017197.8790  EKtot   =    263949.8125  EPtot      =  -1281147.6915
 BOND   =     10479.7319  ANGLE   =     27815.3608  DIHED      =     32540.7058
 1-4 NB =     12394.3932  1-4 EEL =    135022.8876  VDWAALS    =    151526.5049
 EELEC  =  -1650927.2757  EHBOND  =         0.0000  RESTRAINT  =         0.0000
 EKCMT  =    112343.6819  VIRIAL  =    115733.5187  VOLUME     =   4331007.1872
                                                    Density    =         1.0096
 ------------------------------------------------------------------------------


 NSTEP = 10450000   TIME(PS) =  171475.000  TEMP(K) =   299.84  PRESS =    22.4
 Etot   =  -1017517.5141  EKtot   =    263083.0000  EPtot      =  -1280600.5141
 BOND   =     10416.1467  ANGLE   =     27965.0769  DIHED      =     32682.4894
 1-4 NB =     12452.6487  1-4 EEL =    135181.6725  VDWAALS    =    152600.0697
 EELEC  =  -1651898.6180  EHBOND  =         0.0000  RESTRAINT  =         0.0000
 EKCMT  =    112037.8035  VIRIAL  =    109943.3304  VOLUME     =   4332191.1786
                                                    Density    =         1.0094
 ------------------------------------------------------------------------------


 NSTEP = 10500000   TIME(PS) =  171575.000  TEMP(K) =   300.29  PRESS =    -0.6
 Etot   =  -1016736.8689  EKtot   =    263474.8125  EPtot      =  -1280211.6814
 BOND   =     10434.3991  ANGLE   =     27895.7668  DIHED      =     32690.3559
 1-4 NB =     12365.0118  1-4 EEL =    135133.8950  VDWAALS    =    152402.4616
 EELEC  =  -1651133.5715  EHBOND  =         0.0000  RESTRAINT  =         0.0000
 EKCMT  =    112673.7271  VIRIAL  =    112728.9614  VOLUME     =   4333170.3520
                                                    Density    =         1.0091
 ------------------------------------------------------------------------------


 NSTEP = 10550000   TIME(PS) =  171675.000  TEMP(K) =   300.11  PRESS =    35.4
 Etot   =  -1017475.2410  EKtot   =    263317.7500  EPtot      =  -1280792.9910
 BOND   =     10456.1488  ANGLE   =     27679.5302  DIHED      =     32650.2635
 1-4 NB =     12377.1529  1-4 EEL =    135034.1318  VDWAALS    =    153219.5530
 EELEC  =  -1652209.7711  EHBOND  =         0.0000  RESTRAINT  =         0.0000
 EKCMT  =    112351.1087  VIRIAL  =    109036.9105  VOLUME     =   4333847.8668
                                                    Density    =         1.0090
 ------------------------------------------------------------------------------


 NSTEP = 10600000   TIME(PS) =  171775.000  TEMP(K) =   299.70  PRESS =   -17.6
 Etot   =  -1018397.4165  EKtot   =    262959.5312  EPtot      =  -1281356.9477
 BOND   =     10354.7643  ANGLE   =     27997.0352  DIHED      =     32654.9490
 1-4 NB =     12398.5563  1-4 EEL =    134736.0830  VDWAALS    =    153229.6079
 EELEC  =  -1652727.9434  EHBOND  =         0.0000  RESTRAINT  =         0.0000
 EKCMT  =    111961.2458  VIRIAL  =    113602.9453  VOLUME     =   4329999.2355
                                                    Density    =         1.0099
 ------------------------------------------------------------------------------


 NSTEP = 10650000   TIME(PS) =  171875.000  TEMP(K) =   300.28  PRESS =    42.2
 Etot   =  -1016641.7046  EKtot   =    263461.7500  EPtot      =  -1280103.4546
 BOND   =     10416.9594  ANGLE   =     27907.2676  DIHED      =     32667.2768
 1-4 NB =     12475.4151  1-4 EEL =    135038.6799  VDWAALS    =    152569.9342
 EELEC  =  -1651178.9876  EHBOND  =         0.0000  RESTRAINT  =         0.0000
 EKCMT  =    112265.3990  VIRIAL  =    108318.6840  VOLUME     =   4333115.4511
                                                    Density    =         1.0092
 ------------------------------------------------------------------------------


 NSTEP = 10700000   TIME(PS) =  171975.000  TEMP(K) =   300.20  PRESS =   -25.5
 Etot   =  -1016830.3795  EKtot   =    263392.1562  EPtot      =  -1280222.5357
 BOND   =     10414.9827  ANGLE   =     27994.6522  DIHED      =     32624.2913
 1-4 NB =     12387.0872  1-4 EEL =    135017.3455  VDWAALS    =    152470.9411
 EELEC  =  -1651131.8359  EHBOND  =         0.0000  RESTRAINT  =         0.0000
 EKCMT  =    112209.6025  VIRIAL  =    114598.3003  VOLUME     =   4333512.4428
                                                    Density    =         1.0091
 ------------------------------------------------------------------------------


 NSTEP = 10750000   TIME(PS) =  172075.000  TEMP(K) =   300.60  PRESS =   -16.8
 Etot   =  -1016666.1488  EKtot   =    263747.8438  EPtot      =  -1280413.9925
 BOND   =     10443.9322  ANGLE   =     27895.9471  DIHED      =     32658.0688
 1-4 NB =     12371.1565  1-4 EEL =    134991.9646  VDWAALS    =    151669.1299
 EELEC  =  -1650444.1916  EHBOND  =         0.0000  RESTRAINT  =         0.0000
 EKCMT  =    112238.5374  VIRIAL  =    113813.8612  VOLUME     =   4332416.6177
                                                    Density    =         1.0093
 ------------------------------------------------------------------------------


 NSTEP = 10800000   TIME(PS) =  172175.000  TEMP(K) =   300.23  PRESS =     4.2
 Etot   =  -1016954.4584  EKtot   =    263419.4375  EPtot      =  -1280373.8959
 BOND   =     10535.8198  ANGLE   =     27920.7940  DIHED      =     32528.4101
 1-4 NB =     12390.5436  1-4 EEL =    135020.1956  VDWAALS    =    152363.0254
 EELEC  =  -1651132.6844  EHBOND  =         0.0000  RESTRAINT  =         0.0000
 EKCMT  =    112119.7160  VIRIAL  =    111726.9726  VOLUME     =   4331838.2259
                                                    Density    =         1.0094
 ------------------------------------------------------------------------------


 NSTEP = 10850000   TIME(PS) =  172275.000  TEMP(K) =   298.75  PRESS =   -24.1
 Etot   =  -1019362.1251  EKtot   =    262121.7500  EPtot      =  -1281483.8751
 BOND   =     10549.4591  ANGLE   =     27911.8330  DIHED      =     32684.7275
 1-4 NB =     12377.7653  1-4 EEL =    135081.2876  VDWAALS    =    153117.8512
 EELEC  =  -1653206.7988  EHBOND  =         0.0000  RESTRAINT  =         0.0000
 EKCMT  =    111701.8082  VIRIAL  =    113953.9900  VOLUME     =   4331424.8299
                                                    Density    =         1.0095
 ------------------------------------------------------------------------------


 NSTEP = 10900000   TIME(PS) =  172375.000  TEMP(K) =   300.14  PRESS =   -74.2
 Etot   =  -1018712.7720  EKtot   =    263339.4688  EPtot      =  -1282052.2408
 BOND   =     10317.7208  ANGLE   =     27801.4444  DIHED      =     32631.3330
 1-4 NB =     12424.2445  1-4 EEL =    135062.3533  VDWAALS    =    152642.7863
 EELEC  =  -1652932.1233  EHBOND  =         0.0000  RESTRAINT  =         0.0000
 EKCMT  =    112013.0593  VIRIAL  =    118954.8262  VOLUME     =   4332318.4055
                                                    Density    =         1.0093
 ------------------------------------------------------------------------------


 NSTEP = 10950000   TIME(PS) =  172475.000  TEMP(K) =   300.21  PRESS =    74.1
 Etot   =  -1017618.2260  EKtot   =    263405.6562  EPtot      =  -1281023.8822
 BOND   =     10407.5268  ANGLE   =     27671.3619  DIHED      =     32485.6711
 1-4 NB =     12296.4447  1-4 EEL =    134914.4329  VDWAALS    =    152558.1006
 EELEC  =  -1651357.4203  EHBOND  =         0.0000  RESTRAINT  =         0.0000
 EKCMT  =    112427.9630  VIRIAL  =    105495.6915  VOLUME     =   4330364.5841
                                                    Density    =         1.0098
 ------------------------------------------------------------------------------


 NSTEP = 11000000   TIME(PS) =  172575.000  TEMP(K) =   300.17  PRESS =    58.1
 Etot   =  -1017542.0403  EKtot   =    263366.5938  EPtot      =  -1280908.6341
 BOND   =     10517.4159  ANGLE   =     28044.1267  DIHED      =     32651.9260
 1-4 NB =     12382.1553  1-4 EEL =    134798.8015  VDWAALS    =    153184.1678
 EELEC  =  -1652487.2273  EHBOND  =         0.0000  RESTRAINT  =         0.0000
 EKCMT  =    112110.9290  VIRIAL  =    106677.5096  VOLUME     =   4329996.5530
                                                    Density    =         1.0099
 ------------------------------------------------------------------------------


 NSTEP = 11050000   TIME(PS) =  172675.000  TEMP(K) =   299.53  PRESS =     5.5
 Etot   =  -1018236.4968  EKtot   =    262803.9062  EPtot      =  -1281040.4031
 BOND   =     10453.2786  ANGLE   =     27731.0775  DIHED      =     32525.8043
 1-4 NB =     12410.9378  1-4 EEL =    134991.9463  VDWAALS    =    153260.0518
 EELEC  =  -1652413.4993  EHBOND  =         0.0000  RESTRAINT  =         0.0000
 EKCMT  =    111632.3967  VIRIAL  =    111119.5286  VOLUME     =   4333119.5344
                                                    Density    =         1.0092
 ------------------------------------------------------------------------------


 NSTEP = 11100000   TIME(PS) =  172775.000  TEMP(K) =   299.63  PRESS =   -42.9
 Etot   =  -1018091.5138  EKtot   =    262894.2812  EPtot      =  -1280985.7950
 BOND   =     10392.5052  ANGLE   =     27958.1426  DIHED      =     32641.5642
 1-4 NB =     12350.1779  1-4 EEL =    135073.3921  VDWAALS    =    152244.5600
 EELEC  =  -1651646.1370  EHBOND  =         0.0000  RESTRAINT  =         0.0000
 EKCMT  =    112044.9875  VIRIAL  =    116056.4376  VOLUME     =   4333483.1150
                                                    Density    =         1.0091
 ------------------------------------------------------------------------------


 NSTEP = 11150000   TIME(PS) =  172875.000  TEMP(K) =   299.44  PRESS =   -39.3
 Etot   =  -1018809.9460  EKtot   =    262726.7812  EPtot      =  -1281536.7272
 BOND   =     10422.0768  ANGLE   =     27798.4958  DIHED      =     32368.2362
 1-4 NB =     12459.9768  1-4 EEL =    135001.2729  VDWAALS    =    153015.7582
 EELEC  =  -1652602.5439  EHBOND  =         0.0000  RESTRAINT  =         0.0000
 EKCMT  =    111885.6460  VIRIAL  =    115566.2430  VOLUME     =   4334141.0073
                                                    Density    =         1.0089
 ------------------------------------------------------------------------------


 NSTEP = 11200000   TIME(PS) =  172975.000  TEMP(K) =   299.62  PRESS =     1.9
 Etot   =  -1017519.6829  EKtot   =    262884.7188  EPtot      =  -1280404.4016
 BOND   =     10488.5705  ANGLE   =     28014.4246  DIHED      =     32584.4231
 1-4 NB =     12384.0456  1-4 EEL =    134951.2105  VDWAALS    =    153159.8726
 EELEC  =  -1651986.9485  EHBOND  =         0.0000  RESTRAINT  =         0.0000
 EKCMT  =    112249.6288  VIRIAL  =    112068.7719  VOLUME     =   4330311.7499
                                                    Density    =         1.0098
 ------------------------------------------------------------------------------


 NSTEP = 11250000   TIME(PS) =  173075.000  TEMP(K) =   300.02  PRESS =  -123.3
 Etot   =  -1018382.7130  EKtot   =    263241.3125  EPtot      =  -1281624.0255
 BOND   =     10348.0153  ANGLE   =     27730.6778  DIHED      =     32612.9277
 1-4 NB =     12425.0952  1-4 EEL =    135317.0132  VDWAALS    =    152367.3734
 EELEC  =  -1652425.1281  EHBOND  =         0.0000  RESTRAINT  =         0.0000
 EKCMT  =    111884.3939  VIRIAL  =    123417.0751  VOLUME     =   4333330.0294
                                                    Density    =         1.0091
 ------------------------------------------------------------------------------


 NSTEP = 11300000   TIME(PS) =  173175.000  TEMP(K) =   299.68  PRESS =   -32.7
 Etot   =  -1017008.0561  EKtot   =    262936.6875  EPtot      =  -1279944.7436
 BOND   =     10539.1824  ANGLE   =     27942.1584  DIHED      =     32434.6773
 1-4 NB =     12386.9133  1-4 EEL =    135058.1201  VDWAALS    =    152528.7211
 EELEC  =  -1650834.5161  EHBOND  =         0.0000  RESTRAINT  =         0.0000
 EKCMT  =    111922.1775  VIRIAL  =    114986.1721  VOLUME     =   4333519.3587
                                                    Density    =         1.0091
 ------------------------------------------------------------------------------


 NSTEP = 11350000   TIME(PS) =  173275.000  TEMP(K) =   300.99  PRESS =   -59.6
 Etot   =  -1017306.2282  EKtot   =    264087.9375  EPtot      =  -1281394.1657
 BOND   =     10460.0074  ANGLE   =     27918.7546  DIHED      =     32512.5125
 1-4 NB =     12395.0191  1-4 EEL =    134903.0707  VDWAALS    =    152499.2315
 EELEC  =  -1652082.7614  EHBOND  =         0.0000  RESTRAINT  =         0.0000
 EKCMT  =    112239.5120  VIRIAL  =    117816.8263  VOLUME     =   4331403.8594
                                                    Density    =         1.0096
 ------------------------------------------------------------------------------


 NSTEP = 11400000   TIME(PS) =  173375.000  TEMP(K) =   299.66  PRESS =    31.3
 Etot   =  -1016983.3466  EKtot   =    262923.7500  EPtot      =  -1279907.0966
 BOND   =     10593.3576  ANGLE   =     27837.5873  DIHED      =     32533.8543
 1-4 NB =     12372.0894  1-4 EEL =    135076.0618  VDWAALS    =    152558.8971
 EELEC  =  -1650878.9441  EHBOND  =         0.0000  RESTRAINT  =         0.0000
 EKCMT  =    112085.6886  VIRIAL  =    109155.0443  VOLUME     =   4331855.0763
                                                    Density    =         1.0094
 ------------------------------------------------------------------------------


 NSTEP = 11450000   TIME(PS) =  173475.000  TEMP(K) =   299.50  PRESS =     9.1
 Etot   =  -1018493.7810  EKtot   =    262780.9062  EPtot      =  -1281274.6873
 BOND   =     10450.4245  ANGLE   =     27841.5316  DIHED      =     32517.6448
 1-4 NB =     12404.9231  1-4 EEL =    135011.9968  VDWAALS    =    151909.3347
 EELEC  =  -1651410.5428  EHBOND  =         0.0000  RESTRAINT  =         0.0000
 EKCMT  =    112285.0067  VIRIAL  =    111431.8802  VOLUME     =   4332190.1035
                                                    Density    =         1.0094
 ------------------------------------------------------------------------------


 NSTEP = 11500000   TIME(PS) =  173575.000  TEMP(K) =   300.23  PRESS =    51.1
 Etot   =  -1016825.8067  EKtot   =    263422.2812  EPtot      =  -1280248.0879
 BOND   =     10546.1651  ANGLE   =     27818.2654  DIHED      =     32590.0377
 1-4 NB =     12300.8691  1-4 EEL =    134797.2094  VDWAALS    =    152626.2834
 EELEC  =  -1650926.9181  EHBOND  =         0.0000  RESTRAINT  =         0.0000
 EKCMT  =    112048.1668  VIRIAL  =    107274.2543  VOLUME     =   4330644.9633
                                                    Density    =         1.0097
 ------------------------------------------------------------------------------


 NSTEP = 11550000   TIME(PS) =  173675.000  TEMP(K) =   300.07  PRESS =   -58.5
 Etot   =  -1017217.6166  EKtot   =    263278.3750  EPtot      =  -1280495.9916
 BOND   =     10488.6421  ANGLE   =     27936.2798  DIHED      =     32571.8511
 1-4 NB =     12315.6439  1-4 EEL =    134896.4306  VDWAALS    =    151833.3253
 EELEC  =  -1650538.1644  EHBOND  =         0.0000  RESTRAINT  =         0.0000
 EKCMT  =    111876.8668  VIRIAL  =    117349.3522  VOLUME     =   4334088.8113
                                                    Density    =         1.0089
 ------------------------------------------------------------------------------


 NSTEP = 11600000   TIME(PS) =  173775.000  TEMP(K) =   300.02  PRESS =    -7.2
 Etot   =  -1018173.4451  EKtot   =    263233.7500  EPtot      =  -1281407.1951
 BOND   =     10533.1384  ANGLE   =     27736.3496  DIHED      =     32528.9291
 1-4 NB =     12328.2581  1-4 EEL =    134952.3765  VDWAALS    =    153133.0600
 EELEC  =  -1652619.3066  EHBOND  =         0.0000  RESTRAINT  =         0.0000
 EKCMT  =    112037.3942  VIRIAL  =    112713.1908  VOLUME     =   4331557.0828
                                                    Density    =         1.0095
 ------------------------------------------------------------------------------


 NSTEP = 11650000   TIME(PS) =  173875.000  TEMP(K) =   299.80  PRESS =   -29.2
 Etot   =  -1017981.9768  EKtot   =    263042.9062  EPtot      =  -1281024.8830
 BOND   =     10325.4916  ANGLE   =     28008.4866  DIHED      =     32622.9849
 1-4 NB =     12361.3115  1-4 EEL =    134956.0801  VDWAALS    =    153315.8776
 EELEC  =  -1652615.1152  EHBOND  =         0.0000  RESTRAINT  =         0.0000
 EKCMT  =    111910.3842  VIRIAL  =    114643.9417  VOLUME     =   4336525.9055
                                                    Density    =         1.0084
 ------------------------------------------------------------------------------


 NSTEP = 11700000   TIME(PS) =  173975.000  TEMP(K) =   300.74  PRESS =    92.9
 Etot   =  -1016839.6192  EKtot   =    263866.3750  EPtot      =  -1280705.9942
 BOND   =     10521.1514  ANGLE   =     28043.2129  DIHED      =     32523.7781
 1-4 NB =     12380.5744  1-4 EEL =    135118.9629  VDWAALS    =    152562.7616
 EELEC  =  -1651856.4355  EHBOND  =         0.0000  RESTRAINT  =         0.0000
 EKCMT  =    112202.1762  VIRIAL  =    103517.7210  VOLUME     =   4329001.1979
                                                    Density    =         1.0101
 ------------------------------------------------------------------------------


 NSTEP = 11750000   TIME(PS) =  174075.000  TEMP(K) =   299.13  PRESS =    14.6
 Etot   =  -1019112.7674  EKtot   =    262461.0938  EPtot      =  -1281573.8612
 BOND   =     10447.4342  ANGLE   =     27749.4365  DIHED      =     32468.4494
 1-4 NB =     12452.2638  1-4 EEL =    135221.9647  VDWAALS    =    152616.5323
 EELEC  =  -1652529.9420  EHBOND  =         0.0000  RESTRAINT  =         0.0000
 EKCMT  =    111748.4512  VIRIAL  =    110385.8011  VOLUME     =   4332824.5897
                                                    Density    =         1.0092
 ------------------------------------------------------------------------------


 NSTEP = 11800000   TIME(PS) =  174175.000  TEMP(K) =   299.35  PRESS =    49.8
 Etot   =  -1017187.5885  EKtot   =    262645.8750  EPtot      =  -1279833.4635
 BOND   =     10456.0960  ANGLE   =     27883.8530  DIHED      =     32525.6613
 1-4 NB =     12384.2829  1-4 EEL =    134818.2132  VDWAALS    =    152836.0441
 EELEC  =  -1650737.6140  EHBOND  =         0.0000  RESTRAINT  =         0.0000
 EKCMT  =    112078.7033  VIRIAL  =    107420.4818  VOLUME     =   4334795.8569
                                                    Density    =         1.0088
 ------------------------------------------------------------------------------


 NSTEP = 11850000   TIME(PS) =  174275.000  TEMP(K) =   299.87  PRESS =   -31.9
 Etot   =  -1017921.2009  EKtot   =    263102.2812  EPtot      =  -1281023.4821
 BOND   =     10432.1901  ANGLE   =     27939.8644  DIHED      =     32547.2177
 1-4 NB =     12449.7079  1-4 EEL =    135065.2117  VDWAALS    =    151753.6174
 EELEC  =  -1651211.2914  EHBOND  =         0.0000  RESTRAINT  =         0.0000
 EKCMT  =    112308.4099  VIRIAL  =    115290.6377  VOLUME     =   4331551.9230
                                                    Density    =         1.0095
 ------------------------------------------------------------------------------


 NSTEP = 11900000   TIME(PS) =  174375.000  TEMP(K) =   299.89  PRESS =   -61.6
 Etot   =  -1018155.0574  EKtot   =    263126.1562  EPtot      =  -1281281.2137
 BOND   =     10416.0986  ANGLE   =     27701.2891  DIHED      =     32538.4437
 1-4 NB =     12406.6736  1-4 EEL =    135220.4783  VDWAALS    =    152213.1997
 EELEC  =  -1651777.3966  EHBOND  =         0.0000  RESTRAINT  =         0.0000
 EKCMT  =    111930.4039  VIRIAL  =    117693.4547  VOLUME     =   4331803.9639
                                                    Density    =         1.0095
 ------------------------------------------------------------------------------


 NSTEP = 11950000   TIME(PS) =  174475.000  TEMP(K) =   299.96  PRESS =    34.6
 Etot   =  -1016986.7309  EKtot   =    263187.5938  EPtot      =  -1280174.3247
 BOND   =     10357.7175  ANGLE   =     27896.7778  DIHED      =     32458.1115
 1-4 NB =     12434.8612  1-4 EEL =    135104.6187  VDWAALS    =    152450.2086
 EELEC  =  -1650876.6200  EHBOND  =         0.0000  RESTRAINT  =         0.0000
 EKCMT  =    112043.2146  VIRIAL  =    108808.2950  VOLUME     =   4334458.9556
                                                    Density    =         1.0088
 ------------------------------------------------------------------------------


 NSTEP = 12000000   TIME(PS) =  174575.000  TEMP(K) =   300.29  PRESS =   -32.7
 Etot   =  -1018096.8061  EKtot   =    263474.5938  EPtot      =  -1281571.3998
 BOND   =     10394.1992  ANGLE   =     27881.2007  DIHED      =     32620.3003
 1-4 NB =     12385.4242  1-4 EEL =    135101.5812  VDWAALS    =    153496.5055
 EELEC  =  -1653450.6109  EHBOND  =         0.0000  RESTRAINT  =         0.0000
 EKCMT  =    112361.5123  VIRIAL  =    115426.4710  VOLUME     =   4334828.3519
                                                    Density    =         1.0088
 ------------------------------------------------------------------------------


 NSTEP = 12050000   TIME(PS) =  174675.000  TEMP(K) =   299.99  PRESS =   -55.9
 Etot   =  -1017213.6100  EKtot   =    263207.4688  EPtot      =  -1280421.0788
 BOND   =     10549.3178  ANGLE   =     27745.2397  DIHED      =     32462.5474
 1-4 NB =     12377.7506  1-4 EEL =    135115.2719  VDWAALS    =    152068.5148
 EELEC  =  -1650739.7209  EHBOND  =         0.0000  RESTRAINT  =         0.0000
 EKCMT  =    112129.8980  VIRIAL  =    117358.6104  VOLUME     =   4332920.6892
                                                    Density    =         1.0092
 ------------------------------------------------------------------------------


 NSTEP = 12100000   TIME(PS) =  174775.000  TEMP(K) =   299.80  PRESS =     8.5
 Etot   =  -1018289.0393  EKtot   =    263048.1875  EPtot      =  -1281337.2268
 BOND   =     10466.7563  ANGLE   =     27727.2698  DIHED      =     32534.3530
 1-4 NB =     12316.9621  1-4 EEL =    135145.9199  VDWAALS    =    153089.1270
 EELEC  =  -1652617.6150  EHBOND  =         0.0000  RESTRAINT  =         0.0000
 EKCMT  =    112066.3239  VIRIAL  =    111276.1163  VOLUME     =   4330531.3218
                                                    Density    =         1.0098
 ------------------------------------------------------------------------------


 NSTEP = 12150000   TIME(PS) =  174875.000  TEMP(K) =   299.63  PRESS =   -10.1
 Etot   =  -1017290.6239  EKtot   =    262893.0312  EPtot      =  -1280183.6551
 BOND   =     10545.9898  ANGLE   =     27882.5255  DIHED      =     32576.7442
 1-4 NB =     12394.4912  1-4 EEL =    135167.2458  VDWAALS    =    152085.8219
 EELEC  =  -1650836.4735  EHBOND  =         0.0000  RESTRAINT  =         0.0000
 EKCMT  =    112121.3631  VIRIAL  =    113064.9970  VOLUME     =   4334411.1787
                                                    Density    =         1.0089
 ------------------------------------------------------------------------------


 NSTEP = 12200000   TIME(PS) =  174975.000  TEMP(K) =   299.55  PRESS =    25.1
 Etot   =  -1017496.6369  EKtot   =    262828.3438  EPtot      =  -1280324.9806
 BOND   =     10368.7923  ANGLE   =     27901.5117  DIHED      =     32543.2967
 1-4 NB =     12484.9057  1-4 EEL =    135220.9120  VDWAALS    =    152477.9113
 EELEC  =  -1651322.3102  EHBOND  =         0.0000  RESTRAINT  =         0.0000
 EKCMT  =    112160.7707  VIRIAL  =    109811.1445  VOLUME     =   4333265.6909
                                                    Density    =         1.0091
 ------------------------------------------------------------------------------


 NSTEP = 12250000   TIME(PS) =  175075.000  TEMP(K) =   300.00  PRESS =     5.1
 Etot   =  -1018150.8153  EKtot   =    263216.7188  EPtot      =  -1281367.5340
 BOND   =     10526.4102  ANGLE   =     27813.4004  DIHED      =     32577.7778
 1-4 NB =     12297.8019  1-4 EEL =    134692.3065  VDWAALS    =    152604.6976
 EELEC  =  -1651879.9284  EHBOND  =         0.0000  RESTRAINT  =         0.0000
 EKCMT  =    112429.6389  VIRIAL  =    111955.9516  VOLUME     =   4332271.9831
                                                    Density    =         1.0093
 ------------------------------------------------------------------------------


 NSTEP = 12300000   TIME(PS) =  175175.000  TEMP(K) =   299.85  PRESS =    15.6
 Etot   =  -1018602.1173  EKtot   =    263089.1562  EPtot      =  -1281691.2735
 BOND   =     10494.7055  ANGLE   =     27961.0190  DIHED      =     32547.9167
 1-4 NB =     12343.8771  1-4 EEL =    134808.3465  VDWAALS    =    153251.1336
 EELEC  =  -1653098.2721  EHBOND  =         0.0000  RESTRAINT  =         0.0000
 EKCMT  =    112069.4874  VIRIAL  =    110609.9546  VOLUME     =   4331281.1925
                                                    Density    =         1.0096
 ------------------------------------------------------------------------------


 NSTEP = 12350000   TIME(PS) =  175275.000  TEMP(K) =   299.95  PRESS =   108.9
 Etot   =  -1017279.6577  EKtot   =    263173.2812  EPtot      =  -1280452.9389
 BOND   =     10637.2355  ANGLE   =     28020.7452  DIHED      =     32598.9689
 1-4 NB =     12377.8650  1-4 EEL =    135114.7875  VDWAALS    =    153526.8309
 EELEC  =  -1652729.3720  EHBOND  =         0.0000  RESTRAINT  =         0.0000
 EKCMT  =    112026.6053  VIRIAL  =    101835.4368  VOLUME     =   4332732.5004
                                                    Density    =         1.0092
 ------------------------------------------------------------------------------


 NSTEP = 12400000   TIME(PS) =  175375.000  TEMP(K) =   299.27  PRESS =   -14.4
 Etot   =  -1018482.3081  EKtot   =    262576.9375  EPtot      =  -1281059.2456
 BOND   =     10538.8296  ANGLE   =     27993.4540  DIHED      =     32469.3746
 1-4 NB =     12377.3408  1-4 EEL =    135085.2308  VDWAALS    =    153064.0222
 EELEC  =  -1652587.4977  EHBOND  =         0.0000  RESTRAINT  =         0.0000
 EKCMT  =    111748.3851  VIRIAL  =    113090.2984  VOLUME     =   4330151.1953
                                                    Density    =         1.0098
 ------------------------------------------------------------------------------


 NSTEP = 12450000   TIME(PS) =  175475.000  TEMP(K) =   299.93  PRESS =    15.9
 Etot   =  -1017177.4534  EKtot   =    263154.8438  EPtot      =  -1280332.2972
 BOND   =     10426.6624  ANGLE   =     27928.9041  DIHED      =     32572.8220
 1-4 NB =     12385.7055  1-4 EEL =    135063.1563  VDWAALS    =    152112.0208
 EELEC  =  -1650821.5683  EHBOND  =         0.0000  RESTRAINT  =         0.0000
 EKCMT  =    111909.1110  VIRIAL  =    110417.4779  VOLUME     =   4332068.6492
                                                    Density    =         1.0094
 ------------------------------------------------------------------------------


 NSTEP = 12500000   TIME(PS) =  175575.000  TEMP(K) =   300.52  PRESS =    43.1
 Etot   =  -1016389.3222  EKtot   =    263673.6562  EPtot      =  -1280062.9784
 BOND   =     10591.7836  ANGLE   =     27838.3585  DIHED      =     32536.0596
 1-4 NB =     12409.2107  1-4 EEL =    135091.3048  VDWAALS    =    151428.4733
 EELEC  =  -1649958.1689  EHBOND  =         0.0000  RESTRAINT  =         0.0000
 EKCMT  =    112640.9123  VIRIAL  =    108610.6493  VOLUME     =   4333232.9040
                                                    Density    =         1.0091
 ------------------------------------------------------------------------------


 NSTEP = 12550000   TIME(PS) =  175675.000  TEMP(K) =   300.66  PRESS =    28.8
 Etot   =  -1016647.7212  EKtot   =    263796.8438  EPtot      =  -1280444.5649
 BOND   =     10614.2919  ANGLE   =     27734.0183  DIHED      =     32577.2234
 1-4 NB =     12413.9195  1-4 EEL =    135210.8029  VDWAALS    =    153199.0643
 EELEC  =  -1652193.8852  EHBOND  =         0.0000  RESTRAINT  =         0.0000
 EKCMT  =    112442.4821  VIRIAL  =    109743.7748  VOLUME     =   4333182.4779
                                                    Density    =         1.0091
 ------------------------------------------------------------------------------


 NSTEP = 12600000   TIME(PS) =  175775.000  TEMP(K) =   300.59  PRESS =    59.4
 Etot   =  -1016864.1333  EKtot   =    263734.1562  EPtot      =  -1280598.2895
 BOND   =     10492.0534  ANGLE   =     27787.2170  DIHED      =     32638.9414
 1-4 NB =     12365.1173  1-4 EEL =    135298.8609  VDWAALS    =    153385.5777
 EELEC  =  -1652566.0573  EHBOND  =         0.0000  RESTRAINT  =         0.0000
 EKCMT  =    112196.5360  VIRIAL  =    106638.0301  VOLUME     =   4333284.4534
                                                    Density    =         1.0091
 ------------------------------------------------------------------------------


 NSTEP = 12650000   TIME(PS) =  175875.000  TEMP(K) =   300.44  PRESS =    62.6
 Etot   =  -1017582.7173  EKtot   =    263602.5625  EPtot      =  -1281185.2798
 BOND   =     10381.5408  ANGLE   =     27597.6947  DIHED      =     32514.0549
 1-4 NB =     12417.4376  1-4 EEL =    135340.9915  VDWAALS    =    153046.1401
 EELEC  =  -1652483.1395  EHBOND  =         0.0000  RESTRAINT  =         0.0000
 EKCMT  =    112358.0834  VIRIAL  =    106496.8537  VOLUME     =   4334013.9985
                                                    Density    =         1.0089
 ------------------------------------------------------------------------------


 NSTEP = 12700000   TIME(PS) =  175975.000  TEMP(K) =   299.56  PRESS =   -18.7
 Etot   =  -1017907.4756  EKtot   =    262834.3438  EPtot      =  -1280741.8194
 BOND   =     10299.7555  ANGLE   =     27737.9437  DIHED      =     32568.4739
 1-4 NB =     12404.3458  1-4 EEL =    135263.3398  VDWAALS    =    152451.6079
 EELEC  =  -1651467.2860  EHBOND  =         0.0000  RESTRAINT  =         0.0000
 EKCMT  =    111643.5165  VIRIAL  =    113392.1490  VOLUME     =   4334066.1619
                                                    Density    =         1.0089
 ------------------------------------------------------------------------------


 NSTEP = 12750000   TIME(PS) =  176075.000  TEMP(K) =   299.57  PRESS =    14.5
 Etot   =  -1017223.2495  EKtot   =    262842.1875  EPtot      =  -1280065.4370
 BOND   =     10458.1878  ANGLE   =     28115.0299  DIHED      =     32567.6294
 1-4 NB =     12372.1153  1-4 EEL =    135143.6427  VDWAALS    =    152536.1764
 EELEC  =  -1651258.2184  EHBOND  =         0.0000  RESTRAINT  =         0.0000
 EKCMT  =    111828.9706  VIRIAL  =    110470.7423  VOLUME     =   4335314.6954
                                                    Density    =         1.0086
 ------------------------------------------------------------------------------


 NSTEP = 12800000   TIME(PS) =  176175.000  TEMP(K) =   299.76  PRESS =   -41.3
 Etot   =  -1017390.4606  EKtot   =    263013.5938  EPtot      =  -1280404.0543
 BOND   =     10382.7209  ANGLE   =     27762.0134  DIHED      =     32553.1838
 1-4 NB =     12398.3937  1-4 EEL =    135198.5670  VDWAALS    =    152754.2470
 EELEC  =  -1651453.1802  EHBOND  =         0.0000  RESTRAINT  =         0.0000
 EKCMT  =    112178.4437  VIRIAL  =    116040.3193  VOLUME     =   4331162.0240
                                                    Density    =         1.0096
 ------------------------------------------------------------------------------


 NSTEP = 12850000   TIME(PS) =  176275.000  TEMP(K) =   300.32  PRESS =   -66.3
 Etot   =  -1017349.9181  EKtot   =    263500.8438  EPtot      =  -1280850.7618
 BOND   =     10448.3231  ANGLE   =     28145.7027  DIHED      =     32648.3270
 1-4 NB =     12328.6850  1-4 EEL =    135303.0704  VDWAALS    =    152654.8599
 EELEC  =  -1652379.7300  EHBOND  =         0.0000  RESTRAINT  =         0.0000
 EKCMT  =    112171.1274  VIRIAL  =    118377.3167  VOLUME     =   4334406.4557
                                                    Density    =         1.0089
 ------------------------------------------------------------------------------


 NSTEP = 12900000   TIME(PS) =  176375.000  TEMP(K) =   299.78  PRESS =    34.6
 Etot   =  -1017866.3546  EKtot   =    263028.0625  EPtot      =  -1280894.4171
 BOND   =     10346.1527  ANGLE   =     27904.9899  DIHED      =     32617.9583
 1-4 NB =     12461.6480  1-4 EEL =    135197.3655  VDWAALS    =    152822.3214
 EELEC  =  -1652244.8530  EHBOND  =         0.0000  RESTRAINT  =         0.0000
 EKCMT  =    112113.8825  VIRIAL  =    108877.7569  VOLUME     =   4333207.1829
                                                    Density    =         1.0091
 ------------------------------------------------------------------------------


 NSTEP = 12950000   TIME(PS) =  176475.000  TEMP(K) =   299.72  PRESS =    54.3
 Etot   =  -1018378.4769  EKtot   =    262978.5312  EPtot      =  -1281357.0082
 BOND   =     10503.4678  ANGLE   =     27940.0219  DIHED      =     32452.4738
 1-4 NB =     12355.0696  1-4 EEL =    135320.6555  VDWAALS    =    153385.4980
 EELEC  =  -1653314.1948  EHBOND  =         0.0000  RESTRAINT  =         0.0000
 EKCMT  =    111872.5736  VIRIAL  =    106793.8389  VOLUME     =   4333696.0790
                                                    Density    =         1.0090
 ------------------------------------------------------------------------------


 NSTEP = 13000000   TIME(PS) =  176575.000  TEMP(K) =   299.75  PRESS =   -18.4
 Etot   =  -1018276.5301  EKtot   =    263002.6562  EPtot      =  -1281279.1864
 BOND   =     10392.2881  ANGLE   =     27965.5356  DIHED      =     32476.6907
 1-4 NB =     12459.4075  1-4 EEL =    135009.0637  VDWAALS    =    152793.4930
 EELEC  =  -1652375.6649  EHBOND  =         0.0000  RESTRAINT  =         0.0000
 EKCMT  =    111882.0909  VIRIAL  =    113599.5536  VOLUME     =   4330083.2809
                                                    Density    =         1.0099
 ------------------------------------------------------------------------------


 NSTEP = 13050000   TIME(PS) =  176675.000  TEMP(K) =   299.97  PRESS =    16.2
 Etot   =  -1018408.3809  EKtot   =    263195.5000  EPtot      =  -1281603.8809
 BOND   =     10475.4500  ANGLE   =     27738.5091  DIHED      =     32595.3323
 1-4 NB =     12411.2238  1-4 EEL =    135206.5866  VDWAALS    =    153110.0213
 EELEC  =  -1653141.0039  EHBOND  =         0.0000  RESTRAINT  =         0.0000
 EKCMT  =    111982.8340  VIRIAL  =    110466.8024  VOLUME     =   4328762.0186
                                                    Density    =         1.0102
 ------------------------------------------------------------------------------


 NSTEP = 13100000   TIME(PS) =  176775.000  TEMP(K) =   299.68  PRESS =     0.4
 Etot   =  -1018775.4617  EKtot   =    262942.0625  EPtot      =  -1281717.5242
 BOND   =     10496.9195  ANGLE   =     28003.2698  DIHED      =     32665.6881
 1-4 NB =     12402.5004  1-4 EEL =    135021.8445  VDWAALS    =    152518.0641
 EELEC  =  -1652825.8106  EHBOND  =         0.0000  RESTRAINT  =         0.0000
 EKCMT  =    111873.7721  VIRIAL  =    111836.9527  VOLUME     =   4333237.0501
                                                    Density    =         1.0091
 ------------------------------------------------------------------------------


 NSTEP = 13150000   TIME(PS) =  176875.000  TEMP(K) =   300.05  PRESS =   -22.3
 Etot   =  -1016752.8303  EKtot   =    263261.4375  EPtot      =  -1280014.2678
 BOND   =     10471.6562  ANGLE   =     28015.5496  DIHED      =     32648.8670
 1-4 NB =     12352.5442  1-4 EEL =    135093.8172  VDWAALS    =    152427.2511
 EELEC  =  -1651023.9530  EHBOND  =         0.0000  RESTRAINT  =         0.0000
 EKCMT  =    111849.5193  VIRIAL  =    113940.9565  VOLUME     =   4334709.9554
                                                    Density    =         1.0088
 ------------------------------------------------------------------------------


 NSTEP = 13200000   TIME(PS) =  176975.000  TEMP(K) =   300.72  PRESS =   -46.5
 Etot   =  -1016636.7681  EKtot   =    263855.4375  EPtot      =  -1280492.2056
 BOND   =     10573.2692  ANGLE   =     27934.3699  DIHED      =     32593.1399
 1-4 NB =     12258.2164  1-4 EEL =    135237.1221  VDWAALS    =    152158.5123
 EELEC  =  -1651246.8353  EHBOND  =         0.0000  RESTRAINT  =         0.0000
 EKCMT  =    112078.1361  VIRIAL  =    116422.2679  VOLUME     =   4330568.5518
                                                    Density    =         1.0097
 ------------------------------------------------------------------------------


 NSTEP = 13250000   TIME(PS) =  177075.000  TEMP(K) =   300.18  PRESS =    84.3
 Etot   =  -1017154.4991  EKtot   =    263380.9688  EPtot      =  -1280535.4678
 BOND   =     10545.2695  ANGLE   =     27751.0787  DIHED      =     32542.3131
 1-4 NB =     12369.2907  1-4 EEL =    135126.2163  VDWAALS    =    152694.5311
 EELEC  =  -1651564.1673  EHBOND  =         0.0000  RESTRAINT  =         0.0000
 EKCMT  =    112245.6801  VIRIAL  =    104360.1551  VOLUME     =   4333806.9954
                                                    Density    =         1.0090
 ------------------------------------------------------------------------------


 NSTEP = 13300000   TIME(PS) =  177175.000  TEMP(K) =   300.02  PRESS =    39.9
 Etot   =  -1018094.6502  EKtot   =    263241.7188  EPtot      =  -1281336.3690
 BOND   =     10492.3321  ANGLE   =     27850.6331  DIHED      =     32566.0605
 1-4 NB =     12449.1389  1-4 EEL =    135182.3448  VDWAALS    =    153238.9828
 EELEC  =  -1653115.8613  EHBOND  =         0.0000  RESTRAINT  =         0.0000
 EKCMT  =    112240.1351  VIRIAL  =    108504.5999  VOLUME     =   4332357.6862
                                                    Density    =         1.0093
 ------------------------------------------------------------------------------


 NSTEP = 13350000   TIME(PS) =  177275.000  TEMP(K) =   300.05  PRESS =    26.4
 Etot   =  -1017783.2187  EKtot   =    263261.3750  EPtot      =  -1281044.5937
 BOND   =     10423.5768  ANGLE   =     28010.0188  DIHED      =     32622.1651
 1-4 NB =     12370.3446  1-4 EEL =    134992.9567  VDWAALS    =    152751.0113
 EELEC  =  -1652214.6671  EHBOND  =         0.0000  RESTRAINT  =         0.0000
 EKCMT  =    112154.9084  VIRIAL  =    109689.3257  VOLUME     =   4331857.7511
                                                    Density    =         1.0094
 ------------------------------------------------------------------------------


 NSTEP = 13400000   TIME(PS) =  177375.000  TEMP(K) =   299.45  PRESS =   -22.3
 Etot   =  -1017539.3516  EKtot   =    262736.2500  EPtot      =  -1280275.6016
 BOND   =     10536.4542  ANGLE   =     27984.1956  DIHED      =     32514.9921
 1-4 NB =     12350.0897  1-4 EEL =    134935.2638  VDWAALS    =    153028.5682
 EELEC  =  -1651625.1653  EHBOND  =         0.0000  RESTRAINT  =         0.0000
 EKCMT  =    112174.3328  VIRIAL  =    114260.5120  VOLUME     =   4336092.9433
                                                    Density    =         1.0085
 ------------------------------------------------------------------------------


 NSTEP = 13450000   TIME(PS) =  177475.000  TEMP(K) =   300.26  PRESS =    20.6
 Etot   =  -1017561.0924  EKtot   =    263450.8438  EPtot      =  -1281011.9362
 BOND   =     10526.3335  ANGLE   =     28136.2865  DIHED      =     32458.2891
 1-4 NB =     12374.8772  1-4 EEL =    135168.8291  VDWAALS    =    152526.8028
 EELEC  =  -1652203.3544  EHBOND  =         0.0000  RESTRAINT  =         0.0000
 EKCMT  =    112581.4316  VIRIAL  =    110652.9003  VOLUME     =   4333044.0300
                                                    Density    =         1.0092
 ------------------------------------------------------------------------------


 NSTEP = 13500000   TIME(PS) =  177575.000  TEMP(K) =   299.99  PRESS =    73.5
 Etot   =  -1017969.3758  EKtot   =    263213.7188  EPtot      =  -1281183.0945
 BOND   =     10539.6846  ANGLE   =     27880.8595  DIHED      =     32520.1823
 1-4 NB =     12440.5520  1-4 EEL =    135234.1115  VDWAALS    =    152594.8476
 EELEC  =  -1652393.3320  EHBOND  =         0.0000  RESTRAINT  =         0.0000
 EKCMT  =    112399.7858  VIRIAL  =    105523.5348  VOLUME     =   4332341.1067
                                                    Density    =         1.0093
 ------------------------------------------------------------------------------


 NSTEP = 13550000   TIME(PS) =  177675.000  TEMP(K) =   299.99  PRESS =    75.2
 Etot   =  -1017423.8528  EKtot   =    263212.0938  EPtot      =  -1280635.9466
 BOND   =     10611.8236  ANGLE   =     27730.7967  DIHED      =     32564.4101
 1-4 NB =     12399.6069  1-4 EEL =    135165.8678  VDWAALS    =    152710.9353
 EELEC  =  -1651819.3870  EHBOND  =         0.0000  RESTRAINT  =         0.0000
 EKCMT  =    111808.4915  VIRIAL  =    104774.9144  VOLUME     =   4332898.0248
                                                    Density    =         1.0092
 ------------------------------------------------------------------------------


 NSTEP = 13600000   TIME(PS) =  177775.000  TEMP(K) =   300.51  PRESS =   -28.7
 Etot   =  -1017362.1265  EKtot   =    263666.7812  EPtot      =  -1281028.9078
 BOND   =     10402.3639  ANGLE   =     28014.9914  DIHED      =     32496.4943
 1-4 NB =     12445.5522  1-4 EEL =    135056.9351  VDWAALS    =    151723.7215
 EELEC  =  -1651168.9663  EHBOND  =         0.0000  RESTRAINT  =         0.0000
 EKCMT  =    112425.8370  VIRIAL  =    115113.2360  VOLUME     =   4331960.2421
                                                    Density    =         1.0094
 ------------------------------------------------------------------------------


 NSTEP = 13650000   TIME(PS) =  177875.000  TEMP(K) =   300.38  PRESS =     2.2
 Etot   =  -1016726.3463  EKtot   =    263556.0312  EPtot      =  -1280282.3775
 BOND   =     10522.2637  ANGLE   =     27851.1798  DIHED      =     32610.1388
 1-4 NB =     12384.1749  1-4 EEL =    135154.8885  VDWAALS    =    152198.1550
 EELEC  =  -1651003.1782  EHBOND  =         0.0000  RESTRAINT  =         0.0000
 EKCMT  =    112639.7817  VIRIAL  =    112432.6390  VOLUME     =   4335125.4123
                                                    Density    =         1.0087
 ------------------------------------------------------------------------------


 NSTEP = 13700000   TIME(PS) =  177975.000  TEMP(K) =   300.06  PRESS =   -34.1
 Etot   =  -1017687.3734  EKtot   =    263269.5312  EPtot      =  -1280956.9047
 BOND   =     10551.2457  ANGLE   =     28024.4194  DIHED      =     32733.9416
 1-4 NB =     12364.0757  1-4 EEL =    135186.6057  VDWAALS    =    152458.4293
 EELEC  =  -1652275.6221  EHBOND  =         0.0000  RESTRAINT  =         0.0000
 EKCMT  =    111927.8307  VIRIAL  =    115119.2047  VOLUME     =   4332944.1466
                                                    Density    =         1.0092
 ------------------------------------------------------------------------------


 NSTEP = 13750000   TIME(PS) =  178075.000  TEMP(K) =   300.31  PRESS =   -19.4
 Etot   =  -1016992.4751  EKtot   =    263494.5938  EPtot      =  -1280487.0689
 BOND   =     10400.3547  ANGLE   =     27810.7899  DIHED      =     32608.1034
 1-4 NB =     12313.5728  1-4 EEL =    134918.3143  VDWAALS    =    152849.8377
 EELEC  =  -1651388.0416  EHBOND  =         0.0000  RESTRAINT  =         0.0000
 EKCMT  =    112586.3072  VIRIAL  =    114404.1520  VOLUME     =   4332763.3609
                                                    Density    =         1.0092
 ------------------------------------------------------------------------------


 NSTEP = 13800000   TIME(PS) =  178175.000  TEMP(K) =   299.87  PRESS =    67.6
 Etot   =  -1018005.6553  EKtot   =    263103.0938  EPtot      =  -1281108.7491
 BOND   =     10378.8159  ANGLE   =     28172.3511  DIHED      =     32548.8105
 1-4 NB =     12498.0666  1-4 EEL =    135181.4360  VDWAALS    =    152921.2540
 EELEC  =  -1652809.4832  EHBOND  =         0.0000  RESTRAINT  =         0.0000
 EKCMT  =    111548.3710  VIRIAL  =    105220.8005  VOLUME     =   4335865.8911
                                                    Density    =         1.0085
 ------------------------------------------------------------------------------


 NSTEP = 13850000   TIME(PS) =  178275.000  TEMP(K) =   299.65  PRESS =    95.2
 Etot   =  -1017032.1546  EKtot   =    262913.7188  EPtot      =  -1279945.8734
 BOND   =     10550.8263  ANGLE   =     27771.6736  DIHED      =     32642.4417
 1-4 NB =     12438.1368  1-4 EEL =    135047.0381  VDWAALS    =    153454.4679
 EELEC  =  -1651850.4578  EHBOND  =         0.0000  RESTRAINT  =         0.0000
 EKCMT  =    112149.8656  VIRIAL  =    103230.5582  VOLUME     =   4337048.0015
                                                    Density    =         1.0082
 ------------------------------------------------------------------------------


 NSTEP = 13900000   TIME(PS) =  178375.000  TEMP(K) =   300.59  PRESS =    66.4
 Etot   =  -1017437.2395  EKtot   =    263738.5000  EPtot      =  -1281175.7395
 BOND   =     10424.7819  ANGLE   =     28102.9346  DIHED      =     32497.8128
 1-4 NB =     12362.1250  1-4 EEL =    135136.1610  VDWAALS    =    152478.4304
 EELEC  =  -1652177.9853  EHBOND  =         0.0000  RESTRAINT  =         0.0000
 EKCMT  =    112355.7179  VIRIAL  =    106141.4425  VOLUME     =   4334527.5953
                                                    Density    =         1.0088
 ------------------------------------------------------------------------------


 NSTEP = 13950000   TIME(PS) =  178475.000  TEMP(K) =   300.79  PRESS =    17.6
 Etot   =  -1017323.6287  EKtot   =    263912.4062  EPtot      =  -1281236.0349
 BOND   =     10549.6577  ANGLE   =     27920.8892  DIHED      =     32444.8570
 1-4 NB =     12372.2159  1-4 EEL =    135087.8981  VDWAALS    =    152769.7115
 EELEC  =  -1652381.2643  EHBOND  =         0.0000  RESTRAINT  =         0.0000
 EKCMT  =    112466.2715  VIRIAL  =    110815.4302  VOLUME     =   4332487.4755
                                                    Density    =         1.0093
 ------------------------------------------------------------------------------


 NSTEP = 14000000   TIME(PS) =  178575.000  TEMP(K) =   299.74  PRESS =   -38.3
 Etot   =  -1016999.9795  EKtot   =    262990.6875  EPtot      =  -1279990.6670
 BOND   =     10423.5019  ANGLE   =     28090.1723  DIHED      =     32368.7106
 1-4 NB =     12474.8684  1-4 EEL =    134976.7759  VDWAALS    =    151900.5488
 EELEC  =  -1650225.2448  EHBOND  =         0.0000  RESTRAINT  =         0.0000
 EKCMT  =    112250.6239  VIRIAL  =    115830.6114  VOLUME     =   4331876.3642
                                                    Density    =         1.0094
 ------------------------------------------------------------------------------


 NSTEP = 14050000   TIME(PS) =  178675.000  TEMP(K) =   301.00  PRESS =  -105.8
 Etot   =  -1017079.0890  EKtot   =    264099.2812  EPtot      =  -1281178.3703
 BOND   =     10418.2226  ANGLE   =     27813.9632  DIHED      =     32528.1225
 1-4 NB =     12409.8080  1-4 EEL =    135272.1782  VDWAALS    =    152047.3343
 EELEC  =  -1651667.9990  EHBOND  =         0.0000  RESTRAINT  =         0.0000
 EKCMT  =    112563.2063  VIRIAL  =    122466.3156  VOLUME     =   4336704.1026
                                                    Density    =         1.0083
 ------------------------------------------------------------------------------


 NSTEP = 14100000   TIME(PS) =  178775.000  TEMP(K) =   299.55  PRESS =    18.6
 Etot   =  -1019278.3172  EKtot   =    262828.4688  EPtot      =  -1282106.7860
 BOND   =     10512.1822  ANGLE   =     27844.1982  DIHED      =     32510.4418
 1-4 NB =     12376.7460  1-4 EEL =    135102.9357  VDWAALS    =    153054.3673
 EELEC  =  -1653507.6572  EHBOND  =         0.0000  RESTRAINT  =         0.0000
 EKCMT  =    112151.8554  VIRIAL  =    110414.9784  VOLUME     =   4335148.0654
                                                    Density    =         1.0087
 ------------------------------------------------------------------------------


 NSTEP = 14150000   TIME(PS) =  178875.000  TEMP(K) =   300.06  PRESS =   -20.9
 Etot   =  -1018041.2536  EKtot   =    263273.5000  EPtot      =  -1281314.7536
 BOND   =     10429.2241  ANGLE   =     27655.9983  DIHED      =     32467.2211
 1-4 NB =     12384.2312  1-4 EEL =    135250.7884  VDWAALS    =    151733.6061
 EELEC  =  -1651235.8228  EHBOND  =         0.0000  RESTRAINT  =         0.0000
 EKCMT  =    112169.6628  VIRIAL  =    114125.8424  VOLUME     =   4333572.7213
                                                    Density    =         1.0090
 ------------------------------------------------------------------------------


 NSTEP = 14200000   TIME(PS) =  178975.000  TEMP(K) =   299.91  PRESS =   -14.9
 Etot   =  -1017400.8668  EKtot   =    263141.9688  EPtot      =  -1280542.8356
 BOND   =     10310.4767  ANGLE   =     27978.0961  DIHED      =     32521.7760
 1-4 NB =     12430.0265  1-4 EEL =    135129.2720  VDWAALS    =    152850.3460
 EELEC  =  -1651762.8288  EHBOND  =         0.0000  RESTRAINT  =         0.0000
 EKCMT  =    112167.7436  VIRIAL  =    113560.9597  VOLUME     =   4332183.6709
                                                    Density    =         1.0094
 ------------------------------------------------------------------------------


 NSTEP = 14250000   TIME(PS) =  179075.000  TEMP(K) =   299.82  PRESS =    58.1
 Etot   =  -1019115.0327  EKtot   =    263058.7188  EPtot      =  -1282173.7514
 BOND   =     10331.3814  ANGLE   =     27866.5542  DIHED      =     32516.2324
 1-4 NB =     12437.5701  1-4 EEL =    135288.5332  VDWAALS    =    153150.3813
 EELEC  =  -1653764.4040  EHBOND  =         0.0000  RESTRAINT  =         0.0000
 EKCMT  =    111980.7628  VIRIAL  =    106546.1527  VOLUME     =   4333762.2256
                                                    Density    =         1.0090
 ------------------------------------------------------------------------------


 NSTEP = 14300000   TIME(PS) =  179175.000  TEMP(K) =   300.10  PRESS =   -49.2
 Etot   =  -1018125.6947  EKtot   =    263305.2500  EPtot      =  -1281430.9447
 BOND   =     10508.4055  ANGLE   =     27688.0988  DIHED      =     32521.4747
 1-4 NB =     12319.8021  1-4 EEL =    135097.4928  VDWAALS    =    152867.2837
 EELEC  =  -1652433.5022  EHBOND  =         0.0000  RESTRAINT  =         0.0000
 EKCMT  =    112196.0557  VIRIAL  =    116795.9105  VOLUME     =   4332218.4104
                                                    Density    =         1.0094
 ------------------------------------------------------------------------------


 NSTEP = 14350000   TIME(PS) =  179275.000  TEMP(K) =   300.36  PRESS =    -6.3
 Etot   =  -1017030.4510  EKtot   =    263539.1250  EPtot      =  -1280569.5760
 BOND   =     10569.1155  ANGLE   =     27948.8829  DIHED      =     32449.7703
 1-4 NB =     12366.4288  1-4 EEL =    135004.1225  VDWAALS    =    151688.7370
 EELEC  =  -1650596.6330  EHBOND  =         0.0000  RESTRAINT  =         0.0000
 EKCMT  =    112044.9002  VIRIAL  =    112631.0881  VOLUME     =   4331502.6101
                                                    Density    =         1.0095
 ------------------------------------------------------------------------------


 NSTEP = 14400000   TIME(PS) =  179375.000  TEMP(K) =   300.13  PRESS =    25.1
 Etot   =  -1017964.9160  EKtot   =    263334.4375  EPtot      =  -1281299.3535
 BOND   =     10480.7665  ANGLE   =     28027.5238  DIHED      =     32593.7995
 1-4 NB =     12472.9159  1-4 EEL =    135295.4425  VDWAALS    =    153068.0208
 EELEC  =  -1653237.8225  EHBOND  =         0.0000  RESTRAINT  =         0.0000
 EKCMT  =    111977.5639  VIRIAL  =    109630.7476  VOLUME     =   4330878.7698
                                                    Density    =         1.0097
 ------------------------------------------------------------------------------


 NSTEP = 14450000   TIME(PS) =  179475.000  TEMP(K) =   300.18  PRESS =   -62.9
 Etot   =  -1018183.3378  EKtot   =    263376.0000  EPtot      =  -1281559.3378
 BOND   =     10497.1036  ANGLE   =     27630.0702  DIHED      =     32615.5905
 1-4 NB =     12424.8185  1-4 EEL =    135252.3041  VDWAALS    =    152847.3359
 EELEC  =  -1652826.5606  EHBOND  =         0.0000  RESTRAINT  =         0.0000
 EKCMT  =    112536.6743  VIRIAL  =    118424.6907  VOLUME     =   4333746.7524
                                                    Density    =         1.0090
 ------------------------------------------------------------------------------


 NSTEP = 14500000   TIME(PS) =  179575.000  TEMP(K) =   300.12  PRESS =   -16.8
 Etot   =  -1018575.3848  EKtot   =    263326.5625  EPtot      =  -1281901.9473
 BOND   =     10468.5035  ANGLE   =     27874.6296  DIHED      =     32585.0494
 1-4 NB =     12385.3485  1-4 EEL =    135061.3739  VDWAALS    =    152434.6870
 EELEC  =  -1652711.5393  EHBOND  =         0.0000  RESTRAINT  =         0.0000
 EKCMT  =    112417.8889  VIRIAL  =    113986.8636  VOLUME     =   4334013.6939
                                                    Density    =         1.0089
 ------------------------------------------------------------------------------


 NSTEP = 14550000   TIME(PS) =  179675.000  TEMP(K) =   300.22  PRESS =    74.6
 Etot   =  -1017230.0643  EKtot   =    263409.0312  EPtot      =  -1280639.0955
 BOND   =     10513.7912  ANGLE   =     27947.3105  DIHED      =     32616.1699
 1-4 NB =     12423.7878  1-4 EEL =    135309.8052  VDWAALS    =    153300.8155
 EELEC  =  -1652750.7757  EHBOND  =         0.0000  RESTRAINT  =         0.0000
 EKCMT  =    112168.1718  VIRIAL  =    105184.3056  VOLUME     =   4333914.1541
                                                    Density    =         1.0090
 ------------------------------------------------------------------------------


 NSTEP = 14600000   TIME(PS) =  179775.000  TEMP(K) =   300.38  PRESS =   -16.7
 Etot   =  -1017179.2195  EKtot   =    263558.0000  EPtot      =  -1280737.2195
 BOND   =     10383.1968  ANGLE   =     27792.8455  DIHED      =     32520.2001
 1-4 NB =     12427.5280  1-4 EEL =    135198.3175  VDWAALS    =    152957.4663
 EELEC  =  -1652016.7737  EHBOND  =         0.0000  RESTRAINT  =         0.0000
 EKCMT  =    112287.9663  VIRIAL  =    113851.7221  VOLUME     =   4334066.9877
                                                    Density    =         1.0089
 ------------------------------------------------------------------------------


 NSTEP = 14650000   TIME(PS) =  179875.000  TEMP(K) =   299.78  PRESS =    68.2
 Etot   =  -1018157.5490  EKtot   =    263027.0938  EPtot      =  -1281184.6427
 BOND   =     10359.1071  ANGLE   =     28105.3089  DIHED      =     32535.6756
 1-4 NB =     12389.9443  1-4 EEL =    135185.0084  VDWAALS    =    153406.2754
 EELEC  =  -1653165.9625  EHBOND  =         0.0000  RESTRAINT  =         0.0000
 EKCMT  =    112016.9770  VIRIAL  =    105642.0275  VOLUME     =   4331454.6605
                                                    Density    =         1.0095
 ------------------------------------------------------------------------------


 NSTEP = 14700000   TIME(PS) =  179975.000  TEMP(K) =   299.56  PRESS =    58.4
 Etot   =  -1018622.1852  EKtot   =    262834.0000  EPtot      =  -1281456.1852
 BOND   =     10470.9466  ANGLE   =     27829.8152  DIHED      =     32607.6320
 1-4 NB =     12289.2149  1-4 EEL =    135351.6745  VDWAALS    =    153327.4708
 EELEC  =  -1653332.9393  EHBOND  =         0.0000  RESTRAINT  =         0.0000
 EKCMT  =    112191.8763  VIRIAL  =    106726.4547  VOLUME     =   4331872.3111
                                                    Density    =         1.0094
 ------------------------------------------------------------------------------


 NSTEP = 14750000   TIME(PS) =  180075.000  TEMP(K) =   299.64  PRESS =   -38.9
 Etot   =  -1018417.6479  EKtot   =    262904.0938  EPtot      =  -1281321.7417
 BOND   =     10487.9065  ANGLE   =     27958.9133  DIHED      =     32397.0584
 1-4 NB =     12398.8367  1-4 EEL =    135123.2940  VDWAALS    =    152470.8813
 EELEC  =  -1652158.6318  EHBOND  =         0.0000  RESTRAINT  =         0.0000
 EKCMT  =    111707.8306  VIRIAL  =    115347.8259  VOLUME     =   4331683.2753
                                                    Density    =         1.0095
 ------------------------------------------------------------------------------


 NSTEP = 14800000   TIME(PS) =  180175.000  TEMP(K) =   300.39  PRESS =    -8.9
 Etot   =  -1017520.2454  EKtot   =    263563.0312  EPtot      =  -1281083.2767
 BOND   =     10464.9909  ANGLE   =     27786.5511  DIHED      =     32595.2295
 1-4 NB =     12430.5306  1-4 EEL =    135217.1207  VDWAALS    =    152303.0431
 EELEC  =  -1651880.7425  EHBOND  =         0.0000  RESTRAINT  =         0.0000
 EKCMT  =    112636.4187  VIRIAL  =    113466.1955  VOLUME     =   4331683.5189
                                                    Density    =         1.0095
 ------------------------------------------------------------------------------


 NSTEP = 14850000   TIME(PS) =  180275.000  TEMP(K) =   299.60  PRESS =    -9.2
 Etot   =  -1018486.7957  EKtot   =    262866.2188  EPtot      =  -1281353.0144
 BOND   =     10491.3964  ANGLE   =     27811.5513  DIHED      =     32699.4576
 1-4 NB =     12308.8569  1-4 EEL =    134874.4505  VDWAALS    =    152487.0763
 EELEC  =  -1652025.8034  EHBOND  =         0.0000  RESTRAINT  =         0.0000
 EKCMT  =    111873.4228  VIRIAL  =    112729.7871  VOLUME     =   4334378.8260
                                                    Density    =         1.0089
 ------------------------------------------------------------------------------


 NSTEP = 14900000   TIME(PS) =  180375.000  TEMP(K) =   299.69  PRESS =    28.7
 Etot   =  -1017649.1133  EKtot   =    262947.9375  EPtot      =  -1280597.0508
 BOND   =     10500.4647  ANGLE   =     28149.8945  DIHED      =     32639.9030
 1-4 NB =     12303.9263  1-4 EEL =    134742.5622  VDWAALS    =    153985.2949
 EELEC  =  -1652919.0964  EHBOND  =         0.0000  RESTRAINT  =         0.0000
 EKCMT  =    111906.3879  VIRIAL  =    109225.4372  VOLUME     =   4333018.5772
                                                    Density    =         1.0092
 ------------------------------------------------------------------------------


 NSTEP = 14950000   TIME(PS) =  180475.000  TEMP(K) =   299.29  PRESS =   -12.1
 Etot   =  -1018368.5258  EKtot   =    262593.7188  EPtot      =  -1280962.2445
 BOND   =     10401.1011  ANGLE   =     28184.1080  DIHED      =     32520.3744
 1-4 NB =     12419.4390  1-4 EEL =    134952.0049  VDWAALS    =    152841.0696
 EELEC  =  -1652280.3414  EHBOND  =         0.0000  RESTRAINT  =         0.0000
 EKCMT  =    111856.4361  VIRIAL  =    112987.0653  VOLUME     =   4332375.3921
                                                    Density    =         1.0093
 ------------------------------------------------------------------------------


 NSTEP = 15000000   TIME(PS) =  180575.000  TEMP(K) =   299.93  PRESS =   -86.2
 Etot   =  -1016877.1478  EKtot   =    263161.8750  EPtot      =  -1280039.0228
 BOND   =     10532.9066  ANGLE   =     27833.7147  DIHED      =     32555.1390
 1-4 NB =     12440.8731  1-4 EEL =    135042.4478  VDWAALS    =    151394.3366
 EELEC  =  -1649838.4405  EHBOND  =         0.0000  RESTRAINT  =         0.0000
 EKCMT  =    112350.3398  VIRIAL  =    120413.4665  VOLUME     =   4334426.7875
                                                    Density    =         1.0088
 ------------------------------------------------------------------------------


 NSTEP = 15050000   TIME(PS) =  180675.000  TEMP(K) =   300.32  PRESS =   -43.4
 Etot   =  -1016601.6166  EKtot   =    263497.0312  EPtot      =  -1280098.6478
 BOND   =     10483.4787  ANGLE   =     28031.0180  DIHED      =     32532.3940
 1-4 NB =     12357.6592  1-4 EEL =    134934.6321  VDWAALS    =    152150.0390
 EELEC  =  -1650587.8688  EHBOND  =         0.0000  RESTRAINT  =         0.0000
 EKCMT  =    112284.8595  VIRIAL  =    116347.3259  VOLUME     =   4332791.6791
                                                    Density    =         1.0092
 ------------------------------------------------------------------------------


 NSTEP = 15100000   TIME(PS) =  180775.000  TEMP(K) =   300.16  PRESS =   105.1
 Etot   =  -1017317.1731  EKtot   =    263361.7500  EPtot      =  -1280678.9231
 BOND   =     10505.7766  ANGLE   =     27963.2909  DIHED      =     32561.4207
 1-4 NB =     12434.6645  1-4 EEL =    135113.9607  VDWAALS    =    152769.9774
 EELEC  =  -1652028.0139  EHBOND  =         0.0000  RESTRAINT  =         0.0000
 EKCMT  =    112278.1416  VIRIAL  =    102446.6861  VOLUME     =   4333652.5864
                                                    Density    =         1.0090
 ------------------------------------------------------------------------------


 NSTEP = 15150000   TIME(PS) =  180875.000  TEMP(K) =   300.30  PRESS =    11.9
 Etot   =  -1017451.9791  EKtot   =    263483.0000  EPtot      =  -1280934.9791
 BOND   =     10676.0779  ANGLE   =     28052.1755  DIHED      =     32470.0132
 1-4 NB =     12318.8128  1-4 EEL =    134903.2534  VDWAALS    =    153354.2317
 EELEC  =  -1652709.5436  EHBOND  =         0.0000  RESTRAINT  =         0.0000
 EKCMT  =    112089.0766  VIRIAL  =    110972.3177  VOLUME     =   4331966.7975
                                                    Density    =         1.0094
 ------------------------------------------------------------------------------


 NSTEP = 15200000   TIME(PS) =  180975.000  TEMP(K) =   300.07  PRESS =     2.6
 Etot   =  -1017851.3509  EKtot   =    263282.3750  EPtot      =  -1281133.7259
 BOND   =     10610.9009  ANGLE   =     27876.7620  DIHED      =     32488.6516
 1-4 NB =     12382.4248  1-4 EEL =    134950.9363  VDWAALS    =    152982.2315
 EELEC  =  -1652425.6331  EHBOND  =         0.0000  RESTRAINT  =         0.0000
 EKCMT  =    111777.7007  VIRIAL  =    111536.4161  VOLUME     =   4332575.0456
                                                    Density    =         1.0093
 ------------------------------------------------------------------------------


 NSTEP = 15250000   TIME(PS) =  181075.000  TEMP(K) =   298.90  PRESS =    21.1
 Etot   =  -1018792.7750  EKtot   =    262254.6875  EPtot      =  -1281047.4625
 BOND   =     10430.1244  ANGLE   =     27837.0366  DIHED      =     32402.5150
 1-4 NB =     12365.9366  1-4 EEL =    134884.5255  VDWAALS    =    153068.9405
 EELEC  =  -1652036.5412  EHBOND  =         0.0000  RESTRAINT  =         0.0000
 EKCMT  =    111740.4137  VIRIAL  =    109771.2954  VOLUME     =   4332242.9531
                                                    Density    =         1.0094
 ------------------------------------------------------------------------------


 NSTEP = 15300000   TIME(PS) =  181175.000  TEMP(K) =   299.92  PRESS =   -99.9
 Etot   =  -1018341.3713  EKtot   =    263149.0000  EPtot      =  -1281490.3713
 BOND   =     10441.2497  ANGLE   =     27837.7912  DIHED      =     32630.4038
 1-4 NB =     12388.3127  1-4 EEL =    135109.2052  VDWAALS    =    153040.2446
 EELEC  =  -1652937.5784  EHBOND  =         0.0000  RESTRAINT  =         0.0000
 EKCMT  =    112218.7090  VIRIAL  =    121564.7647  VOLUME     =   4335055.6326
                                                    Density    =         1.0087
 ------------------------------------------------------------------------------


 NSTEP = 15350000   TIME(PS) =  181275.000  TEMP(K) =   300.74  PRESS =    30.7
 Etot   =  -1017448.3820  EKtot   =    263871.0312  EPtot      =  -1281319.4133
 BOND   =     10614.4834  ANGLE   =     27739.0490  DIHED      =     32606.4044
 1-4 NB =     12358.1271  1-4 EEL =    134960.6864  VDWAALS    =    153028.0865
 EELEC  =  -1652626.2502  EHBOND  =         0.0000  RESTRAINT  =         0.0000
 EKCMT  =    112339.9325  VIRIAL  =    109464.7056  VOLUME     =   4332223.0537
                                                    Density    =         1.0094
 ------------------------------------------------------------------------------


 NSTEP = 15400000   TIME(PS) =  181375.000  TEMP(K) =   299.71  PRESS =    13.7
 Etot   =  -1017742.8692  EKtot   =    262966.0312  EPtot      =  -1280708.9005
 BOND   =     10574.2986  ANGLE   =     27858.5434  DIHED      =     32626.7184
 1-4 NB =     12350.1029  1-4 EEL =    135114.0899  VDWAALS    =    152712.9319
 EELEC  =  -1651945.5855  EHBOND  =         0.0000  RESTRAINT  =         0.0000
 EKCMT  =    112130.8784  VIRIAL  =    110849.1151  VOLUME     =   4332355.2285
                                                    Density    =         1.0093
 ------------------------------------------------------------------------------


 NSTEP = 15450000   TIME(PS) =  181475.000  TEMP(K) =   299.49  PRESS =    14.8
 Etot   =  -1017268.1912  EKtot   =    262773.5312  EPtot      =  -1280041.7225
 BOND   =     10621.9157  ANGLE   =     27922.3051  DIHED      =     32458.5582
 1-4 NB =     12408.3231  1-4 EEL =    134829.5674  VDWAALS    =    152815.8628
 EELEC  =  -1651098.2549  EHBOND  =         0.0000  RESTRAINT  =         0.0000
 EKCMT  =    111987.5139  VIRIAL  =    110601.4858  VOLUME     =   4338128.8298
                                                    Density    =         1.0080
 ------------------------------------------------------------------------------


 NSTEP = 15500000   TIME(PS) =  181575.000  TEMP(K) =   299.23  PRESS =    89.5
 Etot   =  -1019566.9823  EKtot   =    262544.3750  EPtot      =  -1282111.3573
 BOND   =     10561.3172  ANGLE   =     27904.7155  DIHED      =     32613.3938
 1-4 NB =     12335.8914  1-4 EEL =    134923.1556  VDWAALS    =    153693.1743
 EELEC  =  -1654143.0051  EHBOND  =         0.0000  RESTRAINT  =         0.0000
 EKCMT  =    111690.0057  VIRIAL  =    103321.4446  VOLUME     =   4331984.1441
                                                    Density    =         1.0094
 ------------------------------------------------------------------------------


 NSTEP = 15550000   TIME(PS) =  181675.000  TEMP(K) =   299.99  PRESS =   -35.8
 Etot   =  -1017500.2594  EKtot   =    263215.4062  EPtot      =  -1280715.6656
 BOND   =     10409.8357  ANGLE   =     27978.4946  DIHED      =     32575.6012
 1-4 NB =     12398.8491  1-4 EEL =    134969.6141  VDWAALS    =    152313.4501
 EELEC  =  -1651361.5104  EHBOND  =         0.0000  RESTRAINT  =         0.0000
 EKCMT  =    112334.0726  VIRIAL  =    115682.6597  VOLUME     =   4333501.7311
                                                    Density    =         1.0091
 ------------------------------------------------------------------------------


 NSTEP = 15600000   TIME(PS) =  181775.000  TEMP(K) =   300.52  PRESS =    69.0
 Etot   =  -1016481.7824  EKtot   =    263680.0938  EPtot      =  -1280161.8761
 BOND   =     10604.9754  ANGLE   =     27910.9806  DIHED      =     32535.0366
 1-4 NB =     12334.0452  1-4 EEL =    134917.7187  VDWAALS    =    152084.4957
 EELEC  =  -1650549.1282  EHBOND  =         0.0000  RESTRAINT  =         0.0000
 EKCMT  =    112466.9644  VIRIAL  =    106007.0301  VOLUME     =   4333668.5810
                                                    Density    =         1.0090
 ------------------------------------------------------------------------------


 NSTEP = 15650000   TIME(PS) =  181875.000  TEMP(K) =   300.61  PRESS =    37.7
 Etot   =  -1017224.9803  EKtot   =    263759.1250  EPtot      =  -1280984.1053
 BOND   =     10459.3836  ANGLE   =     27960.6459  DIHED      =     32571.9536
 1-4 NB =     12370.4425  1-4 EEL =    134921.8077  VDWAALS    =    153177.2827
 EELEC  =  -1652445.6213  EHBOND  =         0.0000  RESTRAINT  =         0.0000
 EKCMT  =    112401.8602  VIRIAL  =    108871.3068  VOLUME     =   4334008.2086
                                                    Density    =         1.0089
 ------------------------------------------------------------------------------


 NSTEP = 15700000   TIME(PS) =  181975.000  TEMP(K) =   299.99  PRESS =    46.5
 Etot   =  -1017618.2118  EKtot   =    263215.8125  EPtot      =  -1280834.0243
 BOND   =     10478.1489  ANGLE   =     28023.0601  DIHED      =     32575.6390
 1-4 NB =     12437.7501  1-4 EEL =    134907.7762  VDWAALS    =    153222.1921
 EELEC  =  -1652478.5907  EHBOND  =         0.0000  RESTRAINT  =         0.0000
 EKCMT  =    112100.0401  VIRIAL  =    107745.3305  VOLUME     =   4334894.9947
                                                    Density    =         1.0087
 ------------------------------------------------------------------------------


 NSTEP = 15750000   TIME(PS) =  182075.000  TEMP(K) =   300.07  PRESS =    31.4
 Etot   =  -1018287.5881  EKtot   =    263281.5312  EPtot      =  -1281569.1193
 BOND   =     10441.2881  ANGLE   =     27708.8901  DIHED      =     32609.1535
 1-4 NB =     12386.0606  1-4 EEL =    135208.4361  VDWAALS    =    152739.3926
 EELEC  =  -1652662.3404  EHBOND  =         0.0000  RESTRAINT  =         0.0000
 EKCMT  =    112293.8570  VIRIAL  =    109361.0966  VOLUME     =   4331740.7791
                                                    Density    =         1.0095
 ------------------------------------------------------------------------------


 NSTEP = 15800000   TIME(PS) =  182175.000  TEMP(K) =   299.88  PRESS =   -53.8
 Etot   =  -1018351.3607  EKtot   =    263112.4375  EPtot      =  -1281463.7982
 BOND   =     10595.6896  ANGLE   =     27852.1856  DIHED      =     32390.1646
 1-4 NB =     12372.9200  1-4 EEL =    135155.2916  VDWAALS    =    152402.9850
 EELEC  =  -1652233.0346  EHBOND  =         0.0000  RESTRAINT  =         0.0000
 EKCMT  =    112163.2788  VIRIAL  =    117199.7743  VOLUME     =   4335127.2919
                                                    Density    =         1.0087
 ------------------------------------------------------------------------------


 NSTEP = 15850000   TIME(PS) =  182275.000  TEMP(K) =   300.02  PRESS =    54.7
 Etot   =  -1018069.4065  EKtot   =    263236.9375  EPtot      =  -1281306.3440
 BOND   =     10562.1208  ANGLE   =     27782.9315  DIHED      =     32521.9354
 1-4 NB =     12328.7073  1-4 EEL =    134936.2391  VDWAALS    =    153327.4253
 EELEC  =  -1652765.7034  EHBOND  =         0.0000  RESTRAINT  =         0.0000
 EKCMT  =    112300.7280  VIRIAL  =    107186.8894  VOLUME     =   4329981.5039
                                                    Density    =         1.0099
 ------------------------------------------------------------------------------


 NSTEP = 15900000   TIME(PS) =  182375.000  TEMP(K) =   299.51  PRESS =    14.8
 Etot   =  -1018409.9178  EKtot   =    262787.1250  EPtot      =  -1281197.0428
 BOND   =     10551.7392  ANGLE   =     27810.8138  DIHED      =     32566.1887
 1-4 NB =     12365.9479  1-4 EEL =    135008.0916  VDWAALS    =    152476.3226
 EELEC  =  -1651976.1466  EHBOND  =         0.0000  RESTRAINT  =         0.0000
 EKCMT  =    112257.8085  VIRIAL  =    110875.8987  VOLUME     =   4328322.6444
                                                    Density    =         1.0103
 ------------------------------------------------------------------------------


 NSTEP = 15950000   TIME(PS) =  182475.000  TEMP(K) =   299.42  PRESS =    19.1
 Etot   =  -1017210.0750  EKtot   =    262712.1562  EPtot      =  -1279922.2313
 BOND   =     10527.9242  ANGLE   =     28066.7642  DIHED      =     32660.2321
 1-4 NB =     12367.2855  1-4 EEL =    134723.9260  VDWAALS    =    151979.3306
 EELEC  =  -1650247.6938  EHBOND  =         0.0000  RESTRAINT  =         0.0000
 EKCMT  =    111931.8888  VIRIAL  =    110143.3299  VOLUME     =   4330745.2510
                                                    Density    =         1.0097
 ------------------------------------------------------------------------------


 NSTEP = 16000000   TIME(PS) =  182575.000  TEMP(K) =   299.66  PRESS =   -16.5
 Etot   =  -1017776.8483  EKtot   =    262924.0625  EPtot      =  -1280700.9108
 BOND   =     10428.8425  ANGLE   =     28151.4323  DIHED      =     32597.5869
 1-4 NB =     12397.3139  1-4 EEL =    134944.8776  VDWAALS    =    152363.5131
 EELEC  =  -1651584.4772  EHBOND  =         0.0000  RESTRAINT  =         0.0000
 EKCMT  =    112119.6865  VIRIAL  =    113663.3631  VOLUME     =   4332267.2990
                                                    Density    =         1.0093
 ------------------------------------------------------------------------------


 NSTEP = 16050000   TIME(PS) =  182675.000  TEMP(K) =   300.00  PRESS =   -20.7
 Etot   =  -1017731.6206  EKtot   =    263216.9375  EPtot      =  -1280948.5581
 BOND   =     10569.5109  ANGLE   =     27856.4085  DIHED      =     32665.1248
 1-4 NB =     12322.9011  1-4 EEL =    134976.8147  VDWAALS    =    152498.2430
 EELEC  =  -1651837.5612  EHBOND  =         0.0000  RESTRAINT  =         0.0000
 EKCMT  =    112194.3233  VIRIAL  =    114132.8078  VOLUME     =   4331601.1495
                                                    Density    =         1.0095
 ------------------------------------------------------------------------------


 NSTEP = 16100000   TIME(PS) =  182775.000  TEMP(K) =   299.95  PRESS =   -67.6
 Etot   =  -1016920.3034  EKtot   =    263178.8438  EPtot      =  -1280099.1471
 BOND   =     10446.1990  ANGLE   =     27910.9397  DIHED      =     32527.1983
 1-4 NB =     12373.0423  1-4 EEL =    134745.9206  VDWAALS    =    151904.6569
 EELEC  =  -1650007.1039  EHBOND  =         0.0000  RESTRAINT  =         0.0000
 EKCMT  =    111916.3099  VIRIAL  =    118238.0377  VOLUME     =   4334002.7183
                                                    Density    =         1.0089
 ------------------------------------------------------------------------------


 NSTEP = 16150000   TIME(PS) =  182875.000  TEMP(K) =   299.97  PRESS =    -1.2
 Etot   =  -1017366.0278  EKtot   =    263195.0625  EPtot      =  -1280561.0903
 BOND   =     10698.5768  ANGLE   =     27798.9597  DIHED      =     32595.4444
 1-4 NB =     12364.5453  1-4 EEL =    134933.2775  VDWAALS    =    152042.5276
 EELEC  =  -1650994.4216  EHBOND  =         0.0000  RESTRAINT  =         0.0000
 EKCMT  =    112156.7233  VIRIAL  =    112267.6771  VOLUME     =   4335432.3244
                                                    Density    =         1.0086
 ------------------------------------------------------------------------------


 NSTEP = 16200000   TIME(PS) =  182975.000  TEMP(K) =   300.67  PRESS =     8.1
 Etot   =  -1018450.4458  EKtot   =    263804.1250  EPtot      =  -1282254.5708
 BOND   =     10474.6788  ANGLE   =     27960.1959  DIHED      =     32444.3966
 1-4 NB =     12370.2265  1-4 EEL =    135032.4037  VDWAALS    =    153502.1290
 EELEC  =  -1654038.6012  EHBOND  =         0.0000  RESTRAINT  =         0.0000
 EKCMT  =    112507.0064  VIRIAL  =    111752.3659  VOLUME     =   4331703.7150
                                                    Density    =         1.0095
 ------------------------------------------------------------------------------


 NSTEP = 16250000   TIME(PS) =  183075.000  TEMP(K) =   300.83  PRESS =     9.7
 Etot   =  -1017290.7087  EKtot   =    263951.4062  EPtot      =  -1281242.1150
 BOND   =     10540.6569  ANGLE   =     27850.0431  DIHED      =     32545.3035
 1-4 NB =     12392.2453  1-4 EEL =    134815.9864  VDWAALS    =    152295.5091
 EELEC  =  -1651681.8591  EHBOND  =         0.0000  RESTRAINT  =         0.0000
 EKCMT  =    112439.3290  VIRIAL  =    111533.8189  VOLUME     =   4332550.0452
                                                    Density    =         1.0093
 ------------------------------------------------------------------------------


 NSTEP = 16300000   TIME(PS) =  183175.000  TEMP(K) =   300.01  PRESS =    24.6
 Etot   =  -1017357.6447  EKtot   =    263232.7500  EPtot      =  -1280590.3947
 BOND   =     10450.7287  ANGLE   =     27809.7059  DIHED      =     32613.5384
 1-4 NB =     12343.9638  1-4 EEL =    134814.9088  VDWAALS    =    153011.1047
 EELEC  =  -1651634.3450  EHBOND  =         0.0000  RESTRAINT  =         0.0000
 EKCMT  =    112019.0237  VIRIAL  =    109712.6639  VOLUME     =   4334578.6460
                                                    Density    =         1.0088
 ------------------------------------------------------------------------------


 NSTEP = 16350000   TIME(PS) =  183275.000  TEMP(K) =   299.26  PRESS =   -11.5
 Etot   =  -1017133.5623  EKtot   =    262567.9688  EPtot      =  -1279701.5310
 BOND   =     10366.0189  ANGLE   =     27877.0092  DIHED      =     32601.9156
 1-4 NB =     12426.5825  1-4 EEL =    135071.8162  VDWAALS    =    152244.1371
 EELEC  =  -1650289.0107  EHBOND  =         0.0000  RESTRAINT  =         0.0000
 EKCMT  =    111922.0749  VIRIAL  =    113001.7425  VOLUME     =   4335070.6966
                                                    Density    =         1.0087
 ------------------------------------------------------------------------------


 NSTEP = 16400000   TIME(PS) =  183375.000  TEMP(K) =   299.84  PRESS =    25.4
 Etot   =  -1019181.3850  EKtot   =    263083.8438  EPtot      =  -1282265.2287
 BOND   =     10499.4059  ANGLE   =     27780.6795  DIHED      =     32616.7830
 1-4 NB =     12309.1621  1-4 EEL =    134793.2326  VDWAALS    =    153145.7806
 EELEC  =  -1653410.2724  EHBOND  =         0.0000  RESTRAINT  =         0.0000
 EKCMT  =    112086.3098  VIRIAL  =    109708.2097  VOLUME     =   4331684.0765
                                                    Density    =         1.0095
 ------------------------------------------------------------------------------


 NSTEP = 16450000   TIME(PS) =  183475.000  TEMP(K) =   299.47  PRESS =   -72.9
 Etot   =  -1018114.5362  EKtot   =    262756.9375  EPtot      =  -1280871.4737
 BOND   =     10579.2597  ANGLE   =     27873.2473  DIHED      =     32514.3293
 1-4 NB =     12370.5584  1-4 EEL =    135034.3506  VDWAALS    =    152187.3006
 EELEC  =  -1651430.5196  EHBOND  =         0.0000  RESTRAINT  =         0.0000
 EKCMT  =    112316.7746  VIRIAL  =    119139.0537  VOLUME     =   4332348.2999
                                                    Density    =         1.0093
 ------------------------------------------------------------------------------


 NSTEP = 16500000   TIME(PS) =  183575.000  TEMP(K) =   300.06  PRESS =    59.2
 Etot   =  -1018418.9963  EKtot   =    263271.9062  EPtot      =  -1281690.9026
 BOND   =     10529.6337  ANGLE   =     27704.6814  DIHED      =     32557.9239
 1-4 NB =     12367.0554  1-4 EEL =    134960.7428  VDWAALS    =    153463.3554
 EELEC  =  -1653274.2953  EHBOND  =         0.0000  RESTRAINT  =         0.0000
 EKCMT  =    112145.6184  VIRIAL  =    106610.4419  VOLUME     =   4329882.1999
                                                    Density    =         1.0099
 ------------------------------------------------------------------------------


 NSTEP = 16550000   TIME(PS) =  183675.000  TEMP(K) =   300.28  PRESS =    27.2
 Etot   =  -1017568.0322  EKtot   =    263466.0000  EPtot      =  -1281034.0322
 BOND   =     10508.9721  ANGLE   =     28141.7501  DIHED      =     32614.1870
 1-4 NB =     12379.0641  1-4 EEL =    134914.0089  VDWAALS    =    153212.7422
 EELEC  =  -1652804.7566  EHBOND  =         0.0000  RESTRAINT  =         0.0000
 EKCMT  =    111980.8883  VIRIAL  =    109439.1591  VOLUME     =   4333656.2207
                                                    Density    =         1.0090
 ------------------------------------------------------------------------------


 NSTEP = 16600000   TIME(PS) =  183775.000  TEMP(K) =   300.36  PRESS =   -13.0
 Etot   =  -1017457.3936  EKtot   =    263532.4688  EPtot      =  -1280989.8624
 BOND   =     10549.9490  ANGLE   =     27974.4787  DIHED      =     32421.9985
 1-4 NB =     12406.1114  1-4 EEL =    134806.4695  VDWAALS    =    152528.1575
 EELEC  =  -1651677.0269  EHBOND  =         0.0000  RESTRAINT  =         0.0000
 EKCMT  =    112026.4974  VIRIAL  =    113240.5006  VOLUME     =   4335570.3927
                                                    Density    =         1.0086
 ------------------------------------------------------------------------------


 NSTEP = 16650000   TIME(PS) =  183875.000  TEMP(K) =   299.86  PRESS =    74.2
 Etot   =  -1018580.0793  EKtot   =    263095.3125  EPtot      =  -1281675.3918
 BOND   =     10591.9614  ANGLE   =     27601.3763  DIHED      =     32501.3525
 1-4 NB =     12222.1596  1-4 EEL =    134845.2572  VDWAALS    =    152511.7013
 EELEC  =  -1651949.2000  EHBOND  =         0.0000  RESTRAINT  =         0.0000
 EKCMT  =    111930.1618  VIRIAL  =    104994.7466  VOLUME     =   4330271.6798
                                                    Density    =         1.0098
 ------------------------------------------------------------------------------


 NSTEP = 16700000   TIME(PS) =  183975.000  TEMP(K) =   300.04  PRESS =    25.9
 Etot   =  -1017071.9952  EKtot   =    263256.2812  EPtot      =  -1280328.2764
 BOND   =     10440.9442  ANGLE   =     28211.2065  DIHED      =     32579.4022
 1-4 NB =     12370.7325  1-4 EEL =    134893.0511  VDWAALS    =    153172.3328
 EELEC  =  -1651995.9457  EHBOND  =         0.0000  RESTRAINT  =         0.0000
 EKCMT  =    112135.6809  VIRIAL  =    109716.7630  VOLUME     =   4332935.2785
                                                    Density    =         1.0092
 ------------------------------------------------------------------------------


 NSTEP = 16750000   TIME(PS) =  184075.000  TEMP(K) =   299.88  PRESS =   -30.1
 Etot   =  -1018653.3284  EKtot   =    263116.0938  EPtot      =  -1281769.4222
 BOND   =     10562.7440  ANGLE   =     27785.0090  DIHED      =     32623.3038
 1-4 NB =     12364.4887  1-4 EEL =    134803.5748  VDWAALS    =    153122.7568
 EELEC  =  -1653031.2992  EHBOND  =         0.0000  RESTRAINT  =         0.0000
 EKCMT  =    112128.3472  VIRIAL  =    114942.3950  VOLUME     =   4329988.8567
                                                    Density    =         1.0099
 ------------------------------------------------------------------------------


 NSTEP = 16800000   TIME(PS) =  184175.000  TEMP(K) =   300.20  PRESS =   -17.5
 Etot   =  -1017348.6244  EKtot   =    263396.0625  EPtot      =  -1280744.6869
 BOND   =     10403.8272  ANGLE   =     27868.9363  DIHED      =     32572.9855
 1-4 NB =     12406.8227  1-4 EEL =    135281.2506  VDWAALS    =    153191.4396
 EELEC  =  -1652469.9489  EHBOND  =         0.0000  RESTRAINT  =         0.0000
 EKCMT  =    112217.9983  VIRIAL  =    113858.2049  VOLUME     =   4332150.8604
                                                    Density    =         1.0094
 ------------------------------------------------------------------------------


 NSTEP = 16850000   TIME(PS) =  184275.000  TEMP(K) =   300.38  PRESS =   -12.3
 Etot   =  -1017357.1866  EKtot   =    263556.1875  EPtot      =  -1280913.3741
 BOND   =     10524.3173  ANGLE   =     27923.3781  DIHED      =     32550.1484
 1-4 NB =     12404.2631  1-4 EEL =    134829.2015  VDWAALS    =    152547.8173
 EELEC  =  -1651692.4998  EHBOND  =         0.0000  RESTRAINT  =         0.0000
 EKCMT  =    112218.5501  VIRIAL  =    113372.5256  VOLUME     =   4330539.4091
                                                    Density    =         1.0098
 ------------------------------------------------------------------------------


 NSTEP = 16900000   TIME(PS) =  184375.000  TEMP(K) =   300.19  PRESS =   -57.0
 Etot   =  -1017489.2354  EKtot   =    263384.5938  EPtot      =  -1280873.8291
 BOND   =     10403.5231  ANGLE   =     27963.8023  DIHED      =     32501.8567
 1-4 NB =     12510.6879  1-4 EEL =    135092.3413  VDWAALS    =    152285.5700
 EELEC  =  -1651631.6105  EHBOND  =         0.0000  RESTRAINT  =         0.0000
 EKCMT  =    112505.6421  VIRIAL  =    117832.6722  VOLUME     =   4330707.2602
                                                    Density    =         1.0097
 ------------------------------------------------------------------------------


 NSTEP = 16950000   TIME(PS) =  184475.000  TEMP(K) =   299.70  PRESS =   -43.4
 Etot   =  -1017856.1371  EKtot   =    262953.0312  EPtot      =  -1280809.1684
 BOND   =     10382.8502  ANGLE   =     28106.4508  DIHED      =     32475.3588
 1-4 NB =     12372.0180  1-4 EEL =    135212.8546  VDWAALS    =    152782.6716
 EELEC  =  -1652141.3725  EHBOND  =         0.0000  RESTRAINT  =         0.0000
 EKCMT  =    111925.3485  VIRIAL  =    115981.9423  VOLUME     =   4332896.8245
                                                    Density    =         1.0092
 ------------------------------------------------------------------------------


 NSTEP = 17000000   TIME(PS) =  184575.000  TEMP(K) =   299.71  PRESS =    28.0
 Etot   =  -1017840.0184  EKtot   =    262965.1562  EPtot      =  -1280805.1746
 BOND   =     10459.3388  ANGLE   =     27820.5129  DIHED      =     32636.0069
 1-4 NB =     12333.6799  1-4 EEL =    134947.4178  VDWAALS    =    152452.9544
 EELEC  =  -1651455.0854  EHBOND  =         0.0000  RESTRAINT  =         0.0000
 EKCMT  =    112264.3679  VIRIAL  =    109648.2872  VOLUME     =   4333233.4726
                                                    Density    =         1.0091
 ------------------------------------------------------------------------------


 NSTEP = 17050000   TIME(PS) =  184675.000  TEMP(K) =   299.99  PRESS =    17.7
 Etot   =  -1018464.4083  EKtot   =    263208.0938  EPtot      =  -1281672.5021
 BOND   =     10355.3962  ANGLE   =     27923.2099  DIHED      =     32526.0282
 1-4 NB =     12374.6611  1-4 EEL =    134832.5943  VDWAALS    =    152294.3610
 EELEC  =  -1651978.7528  EHBOND  =         0.0000  RESTRAINT  =         0.0000
 EKCMT  =    112148.8437  VIRIAL  =    110493.3880  VOLUME     =   4333560.5500
                                                    Density    =         1.0090
 ------------------------------------------------------------------------------


 NSTEP = 17100000   TIME(PS) =  184775.000  TEMP(K) =   299.84  PRESS =   -43.4
 Etot   =  -1018549.4964  EKtot   =    263076.7500  EPtot      =  -1281626.2464
 BOND   =     10339.1853  ANGLE   =     27936.8087  DIHED      =     32630.3825
 1-4 NB =     12339.1220  1-4 EEL =    134947.3567  VDWAALS    =    152338.5873
 EELEC  =  -1652157.6890  EHBOND  =         0.0000  RESTRAINT  =         0.0000
 EKCMT  =    111961.8986  VIRIAL  =    116020.2393  VOLUME     =   4332322.3303
                                                    Density    =         1.0093
 ------------------------------------------------------------------------------


 NSTEP = 17150000   TIME(PS) =  184875.000  TEMP(K) =   300.95  PRESS =    50.7
 Etot   =  -1016702.0691  EKtot   =    264057.5312  EPtot      =  -1280759.6004
 BOND   =     10387.5978  ANGLE   =     27917.4850  DIHED      =     32540.8882
 1-4 NB =     12316.8771  1-4 EEL =    134830.2800  VDWAALS    =    152925.1341
 EELEC  =  -1651677.8625  EHBOND  =         0.0000  RESTRAINT  =         0.0000
 EKCMT  =    112634.2011  VIRIAL  =    107894.6637  VOLUME     =   4331442.0584
                                                    Density    =         1.0095
 ------------------------------------------------------------------------------


 NSTEP = 17200000   TIME(PS) =  184975.000  TEMP(K) =   299.92  PRESS =   -13.1
 Etot   =  -1018404.6674  EKtot   =    263146.4375  EPtot      =  -1281551.1049
 BOND   =     10475.4625  ANGLE   =     27872.5022  DIHED      =     32428.3754
 1-4 NB =     12306.9022  1-4 EEL =    134982.4795  VDWAALS    =    152400.7004
 EELEC  =  -1652017.5270  EHBOND  =         0.0000  RESTRAINT  =         0.0000
 EKCMT  =    112044.4344  VIRIAL  =    113272.4307  VOLUME     =   4332789.7753
                                                    Density    =         1.0092
 ------------------------------------------------------------------------------


 NSTEP = 17250000   TIME(PS) =  185075.000  TEMP(K) =   300.35  PRESS =   -37.4
 Etot   =  -1017027.5169  EKtot   =    263528.4375  EPtot      =  -1280555.9544
 BOND   =     10621.6072  ANGLE   =     27883.8723  DIHED      =     32640.4176
 1-4 NB =     12380.2963  1-4 EEL =    135139.9762  VDWAALS    =    152814.4127
 EELEC  =  -1652036.5367  EHBOND  =         0.0000  RESTRAINT  =         0.0000
 EKCMT  =    112529.4782  VIRIAL  =    116030.7549  VOLUME     =   4333907.3607
                                                    Density    =         1.0090
 ------------------------------------------------------------------------------


 NSTEP = 17300000   TIME(PS) =  185175.000  TEMP(K) =   299.83  PRESS =    14.3
 Etot   =  -1016953.5665  EKtot   =    263073.4375  EPtot      =  -1280027.0040
 BOND   =     10527.2932  ANGLE   =     27890.7400  DIHED      =     32566.0239
 1-4 NB =     12358.2097  1-4 EEL =    135058.9666  VDWAALS    =    152493.3264
 EELEC  =  -1650921.5638  EHBOND  =         0.0000  RESTRAINT  =         0.0000
 EKCMT  =    112013.1016  VIRIAL  =    110677.5171  VOLUME     =   4331641.1646
                                                    Density    =         1.0095
 ------------------------------------------------------------------------------


 NSTEP = 17350000   TIME(PS) =  185275.000  TEMP(K) =   299.76  PRESS =    49.0
 Etot   =  -1017751.1777  EKtot   =    263007.6562  EPtot      =  -1280758.8339
 BOND   =     10396.7206  ANGLE   =     28043.3901  DIHED      =     32509.0533
 1-4 NB =     12345.0083  1-4 EEL =    135164.2462  VDWAALS    =    152138.0054
 EELEC  =  -1651355.2579  EHBOND  =         0.0000  RESTRAINT  =         0.0000
 EKCMT  =    112272.7113  VIRIAL  =    107690.0816  VOLUME     =   4331353.9583
                                                    Density    =         1.0096
 ------------------------------------------------------------------------------


 NSTEP = 17400000   TIME(PS) =  185375.000  TEMP(K) =   299.51  PRESS =    45.8
 Etot   =  -1018817.2058  EKtot   =    262793.1250  EPtot      =  -1281610.3308
 BOND   =     10648.4033  ANGLE   =     28053.2346  DIHED      =     32422.5017
 1-4 NB =     12404.6770  1-4 EEL =    134984.5623  VDWAALS    =    152745.7958
 EELEC  =  -1652869.5056  EHBOND  =         0.0000  RESTRAINT  =         0.0000
 EKCMT  =    111967.3437  VIRIAL  =    107683.8732  VOLUME     =   4331220.3415
                                                    Density    =         1.0096
 ------------------------------------------------------------------------------


 NSTEP = 17450000   TIME(PS) =  185475.000  TEMP(K) =   299.25  PRESS =   -39.5
 Etot   =  -1018149.0197  EKtot   =    262562.1875  EPtot      =  -1280711.2072
 BOND   =     10550.5732  ANGLE   =     28082.0231  DIHED      =     32661.1260
 1-4 NB =     12345.9214  1-4 EEL =    134886.3853  VDWAALS    =    152570.8517
 EELEC  =  -1651808.0880  EHBOND  =         0.0000  RESTRAINT  =         0.0000
 EKCMT  =    111484.4779  VIRIAL  =    115179.8646  VOLUME     =   4331748.9092
                                                    Density    =         1.0095
 ------------------------------------------------------------------------------


 NSTEP = 17500000   TIME(PS) =  185575.000  TEMP(K) =   300.17  PRESS =    75.2
 Etot   =  -1016346.0420  EKtot   =    263366.3750  EPtot      =  -1279712.4170
 BOND   =     10426.3413  ANGLE   =     28136.0459  DIHED      =     32529.3038
 1-4 NB =     12412.1006  1-4 EEL =    134958.4433  VDWAALS    =    152281.8679
 EELEC  =  -1650456.5199  EHBOND  =         0.0000  RESTRAINT  =         0.0000
 EKCMT  =    112068.5870  VIRIAL  =    105037.5959  VOLUME     =   4330646.5324
                                                    Density    =         1.0097
 ------------------------------------------------------------------------------


 NSTEP = 17550000   TIME(PS) =  185675.000  TEMP(K) =   300.36  PRESS =   -21.2
 Etot   =  -1017178.9816  EKtot   =    263539.0625  EPtot      =  -1280718.0441
 BOND   =     10433.4284  ANGLE   =     27929.2294  DIHED      =     32500.7029
 1-4 NB =     12469.1606  1-4 EEL =    135070.4057  VDWAALS    =    152151.9865
 EELEC  =  -1651272.9575  EHBOND  =         0.0000  RESTRAINT  =         0.0000
 EKCMT  =    112122.8030  VIRIAL  =    114108.3109  VOLUME     =   4333094.7263
                                                    Density    =         1.0092
 ------------------------------------------------------------------------------


 NSTEP = 17600000   TIME(PS) =  185775.000  TEMP(K) =   299.89  PRESS =     7.4
 Etot   =  -1017982.1674  EKtot   =    263124.1562  EPtot      =  -1281106.3236
 BOND   =     10452.8082  ANGLE   =     27967.0622  DIHED      =     32622.8745
 1-4 NB =     12438.1150  1-4 EEL =    135085.0618  VDWAALS    =    151847.2912
 EELEC  =  -1651519.5366  EHBOND  =         0.0000  RESTRAINT  =         0.0000
 EKCMT  =    112163.1418  VIRIAL  =    111469.4187  VOLUME     =   4333234.8816
                                                    Density    =         1.0091
 ------------------------------------------------------------------------------


 NSTEP = 17650000   TIME(PS) =  185875.000  TEMP(K) =   299.92  PRESS =    31.7
 Etot   =  -1018020.2513  EKtot   =    263148.0625  EPtot      =  -1281168.3138
 BOND   =     10521.3676  ANGLE   =     27886.9792  DIHED      =     32635.0181
 1-4 NB =     12328.3160  1-4 EEL =    134996.3601  VDWAALS    =    153139.8133
 EELEC  =  -1652676.1681  EHBOND  =         0.0000  RESTRAINT  =         0.0000
 EKCMT  =    112138.7815  VIRIAL  =    109174.4059  VOLUME     =   4330553.6302
                                                    Density    =         1.0097
 ------------------------------------------------------------------------------


 NSTEP = 17700000   TIME(PS) =  185975.000  TEMP(K) =   299.80  PRESS =     1.3
 Etot   =  -1017975.1660  EKtot   =    263043.1875  EPtot      =  -1281018.3535
 BOND   =     10355.4664  ANGLE   =     28057.0040  DIHED      =     32578.2258
 1-4 NB =     12425.7496  1-4 EEL =    135024.6010  VDWAALS    =    153221.5179
 EELEC  =  -1652680.9183  EHBOND  =         0.0000  RESTRAINT  =         0.0000
 EKCMT  =    111842.0563  VIRIAL  =    111720.0463  VOLUME     =   4330821.4627
                                                    Density    =         1.0097
 ------------------------------------------------------------------------------


 NSTEP = 17750000   TIME(PS) =  186075.000  TEMP(K) =   300.05  PRESS =   -43.5
 Etot   =  -1017483.8975  EKtot   =    263260.2500  EPtot      =  -1280744.1475
 BOND   =     10512.3041  ANGLE   =     27857.5566  DIHED      =     32682.8797
 1-4 NB =     12333.3642  1-4 EEL =    134889.7782  VDWAALS    =    151838.1033
 EELEC  =  -1650858.1335  EHBOND  =         0.0000  RESTRAINT  =         0.0000
 EKCMT  =    112103.3988  VIRIAL  =    116171.2147  VOLUME     =   4334629.0340
                                                    Density    =         1.0088
 ------------------------------------------------------------------------------


 NSTEP = 17800000   TIME(PS) =  186175.000  TEMP(K) =   300.18  PRESS =    -3.4
 Etot   =  -1016739.4561  EKtot   =    263377.1562  EPtot      =  -1280116.6123
 BOND   =     10514.7138  ANGLE   =     28108.0198  DIHED      =     32554.4936
 1-4 NB =     12344.8594  1-4 EEL =    134999.1659  VDWAALS    =    152242.6958
 EELEC  =  -1650880.5607  EHBOND  =         0.0000  RESTRAINT  =         0.0000
 EKCMT  =    112364.6894  VIRIAL  =    112686.9599  VOLUME     =   4334394.5704
                                                    Density    =         1.0089
 ------------------------------------------------------------------------------


 NSTEP = 17850000   TIME(PS) =  186275.000  TEMP(K) =   300.13  PRESS =    28.4
 Etot   =  -1017469.3261  EKtot   =    263336.6562  EPtot      =  -1280805.9823
 BOND   =     10462.4931  ANGLE   =     27902.4592  DIHED      =     32553.1738
 1-4 NB =     12424.1499  1-4 EEL =    135263.9514  VDWAALS    =    152372.7033
 EELEC  =  -1651784.9130  EHBOND  =         0.0000  RESTRAINT  =         0.0000
 EKCMT  =    112327.9673  VIRIAL  =    109670.4118  VOLUME     =   4334003.0418
                                                    Density    =         1.0089
 ------------------------------------------------------------------------------


 NSTEP = 17900000   TIME(PS) =  186375.000  TEMP(K) =   298.88  PRESS =   -39.5
 Etot   =  -1018312.4762  EKtot   =    262237.1250  EPtot      =  -1280549.6012
 BOND   =     10476.4470  ANGLE   =     28115.2409  DIHED      =     32575.3669
 1-4 NB =     12392.7204  1-4 EEL =    135144.2829  VDWAALS    =    152832.0685
 EELEC  =  -1652085.7278  EHBOND  =         0.0000  RESTRAINT  =         0.0000
 EKCMT  =    111430.5608  VIRIAL  =    115121.6930  VOLUME     =   4333457.9821
                                                    Density    =         1.0091
 ------------------------------------------------------------------------------


 NSTEP = 17950000   TIME(PS) =  186475.000  TEMP(K) =   299.80  PRESS =    74.0
 Etot   =  -1017528.3943  EKtot   =    263041.5000  EPtot      =  -1280569.8943
 BOND   =     10475.4243  ANGLE   =     28071.1323  DIHED      =     32423.6419
 1-4 NB =     12341.8937  1-4 EEL =    134948.8826  VDWAALS    =    153625.3198
 EELEC  =  -1652456.1890  EHBOND  =         0.0000  RESTRAINT  =         0.0000
 EKCMT  =    112420.2773  VIRIAL  =    105490.3584  VOLUME     =   4334566.3338
                                                    Density    =         1.0088
 ------------------------------------------------------------------------------


 NSTEP = 18000000   TIME(PS) =  186575.000  TEMP(K) =   300.18  PRESS =   -84.1
 Etot   =  -1016217.7966  EKtot   =    263376.7500  EPtot      =  -1279594.5466
 BOND   =     10396.7930  ANGLE   =     27872.5091  DIHED      =     32421.0859
 1-4 NB =     12404.6087  1-4 EEL =    134845.6199  VDWAALS    =    150994.9304
 EELEC  =  -1648530.0936  EHBOND  =         0.0000  RESTRAINT  =         0.0000
 EKCMT  =    112072.2203  VIRIAL  =    119942.7135  VOLUME     =   4334562.3555
                                                    Density    =         1.0088
 ------------------------------------------------------------------------------


 NSTEP = 18050000   TIME(PS) =  186675.000  TEMP(K) =   300.13  PRESS =   -39.0
 Etot   =  -1018031.5136  EKtot   =    263335.8750  EPtot      =  -1281367.3886
 BOND   =     10419.5233  ANGLE   =     28225.6864  DIHED      =     32596.0483
 1-4 NB =     12342.0256  1-4 EEL =    134618.2890  VDWAALS    =    152443.2499
 EELEC  =  -1652012.2110  EHBOND  =         0.0000  RESTRAINT  =         0.0000
 EKCMT  =    112057.6622  VIRIAL  =    115701.2829  VOLUME     =   4329892.8850
                                                    Density    =         1.0099
 ------------------------------------------------------------------------------


 NSTEP = 18100000   TIME(PS) =  186775.000  TEMP(K) =   299.90  PRESS =     5.2
 Etot   =  -1018048.0101  EKtot   =    263135.3438  EPtot      =  -1281183.3538
 BOND   =     10459.0837  ANGLE   =     27890.7021  DIHED      =     32673.3107
 1-4 NB =     12407.8112  1-4 EEL =    134977.9659  VDWAALS    =    153225.6675
 EELEC  =  -1652817.8950  EHBOND  =         0.0000  RESTRAINT  =         0.0000
 EKCMT  =    111873.1175  VIRIAL  =    111382.2138  VOLUME     =   4330840.0742
                                                    Density    =         1.0097
 ------------------------------------------------------------------------------


 NSTEP = 18150000   TIME(PS) =  186875.000  TEMP(K) =   299.82  PRESS =    62.4
 Etot   =  -1017333.4235  EKtot   =    263066.4688  EPtot      =  -1280399.8923
 BOND   =     10406.2172  ANGLE   =     28014.0174  DIHED      =     32577.1617
 1-4 NB =     12430.7000  1-4 EEL =    134889.1155  VDWAALS    =    153632.5212
 EELEC  =  -1652349.6253  EHBOND  =         0.0000  RESTRAINT  =         0.0000
 EKCMT  =    112124.6613  VIRIAL  =    106288.4658  VOLUME     =   4332912.0290
                                                    Density    =         1.0092
 ------------------------------------------------------------------------------


 NSTEP = 18200000   TIME(PS) =  186975.000  TEMP(K) =   299.43  PRESS =    -0.2
 Etot   =  -1018201.7219  EKtot   =    262722.5625  EPtot      =  -1280924.2844
 BOND   =     10448.2012  ANGLE   =     27903.7509  DIHED      =     32626.3976
 1-4 NB =     12410.7890  1-4 EEL =    134769.3964  VDWAALS    =    152820.7727
 EELEC  =  -1651903.5921  EHBOND  =         0.0000  RESTRAINT  =         0.0000
 EKCMT  =    112187.8802  VIRIAL  =    112207.5217  VOLUME     =   4331052.4550
                                                    Density    =         1.0096
 ------------------------------------------------------------------------------


 NSTEP = 18250000   TIME(PS) =  187075.000  TEMP(K) =   299.86  PRESS =    50.6
 Etot   =  -1016987.6922  EKtot   =    263093.7812  EPtot      =  -1280081.4734
 BOND   =     10494.4204  ANGLE   =     27955.4563  DIHED      =     32766.2241
 1-4 NB =     12328.1810  1-4 EEL =    134712.2235  VDWAALS    =    153084.3147
 EELEC  =  -1651422.2933  EHBOND  =         0.0000  RESTRAINT  =         0.0000
 EKCMT  =    112029.6187  VIRIAL  =    107292.7033  VOLUME     =   4334672.8974
                                                    Density    =         1.0088
 ------------------------------------------------------------------------------


 NSTEP = 18300000   TIME(PS) =  187175.000  TEMP(K) =   300.04  PRESS =     3.6
 Etot   =  -1016993.8632  EKtot   =    263254.4375  EPtot      =  -1280248.3007
 BOND   =     10450.8843  ANGLE   =     28084.3148  DIHED      =     32539.4694
 1-4 NB =     12402.5849  1-4 EEL =    134927.4088  VDWAALS    =    152217.8516
 EELEC  =  -1650870.8146  EHBOND  =         0.0000  RESTRAINT  =         0.0000
 EKCMT  =    112264.6751  VIRIAL  =    111929.5447  VOLUME     =   4332652.1778
                                                    Density    =         1.0093
 ------------------------------------------------------------------------------


 NSTEP = 18350000   TIME(PS) =  187275.000  TEMP(K) =   299.36  PRESS =   -60.6
 Etot   =  -1017563.3749  EKtot   =    262654.4688  EPtot      =  -1280217.8436
 BOND   =     10580.8847  ANGLE   =     28061.2100  DIHED      =     32451.7044
 1-4 NB =     12419.4457  1-4 EEL =    134925.0750  VDWAALS    =    152561.5455
 EELEC  =  -1651217.7090  EHBOND  =         0.0000  RESTRAINT  =         0.0000
 EKCMT  =    111884.5588  VIRIAL  =    117559.0651  VOLUME     =   4333711.8275
                                                    Density    =         1.0090
 ------------------------------------------------------------------------------


 NSTEP = 18400000   TIME(PS) =  187375.000  TEMP(K) =   299.16  PRESS =   -39.5
 Etot   =  -1018277.5366  EKtot   =    262483.8125  EPtot      =  -1280761.3491
 BOND   =     10493.1143  ANGLE   =     27905.4629  DIHED      =     32582.6719
 1-4 NB =     12396.7337  1-4 EEL =    135049.3957  VDWAALS    =    152669.9382
 EELEC  =  -1651858.6659  EHBOND  =         0.0000  RESTRAINT  =         0.0000
 EKCMT  =    112173.1454  VIRIAL  =    115867.6273  VOLUME     =   4331994.4808
                                                    Density    =         1.0094
 ------------------------------------------------------------------------------


 NSTEP = 18450000   TIME(PS) =  187475.000  TEMP(K) =   299.79  PRESS =    63.8
 Etot   =  -1018263.4541  EKtot   =    263033.6250  EPtot      =  -1281297.0791
 BOND   =     10549.9188  ANGLE   =     27924.2539  DIHED      =     32492.1572
 1-4 NB =     12356.7963  1-4 EEL =    135007.9405  VDWAALS    =    153199.2556
 EELEC  =  -1652827.4013  EHBOND  =         0.0000  RESTRAINT  =         0.0000
 EKCMT  =    112198.6680  VIRIAL  =    106229.9120  VOLUME     =   4331743.9394
                                                    Density    =         1.0095
 ------------------------------------------------------------------------------


 NSTEP = 18500000   TIME(PS) =  187575.000  TEMP(K) =   300.10  PRESS =   -10.1
 Etot   =  -1017653.0351  EKtot   =    263309.7812  EPtot      =  -1280962.8164
 BOND   =     10644.9975  ANGLE   =     28071.7923  DIHED      =     32344.9258
 1-4 NB =     12319.3964  1-4 EEL =    134770.0831  VDWAALS    =    152169.1028
 EELEC  =  -1651283.1143  EHBOND  =         0.0000  RESTRAINT  =         0.0000
 EKCMT  =    111985.1223  VIRIAL  =    112932.3308  VOLUME     =   4332020.5278
                                                    Density    =         1.0094
 ------------------------------------------------------------------------------


 NSTEP = 18550000   TIME(PS) =  187675.000  TEMP(K) =   300.37  PRESS =    45.0
 Etot   =  -1016656.5873  EKtot   =    263542.9375  EPtot      =  -1280199.5248
 BOND   =     10529.9589  ANGLE   =     28092.7737  DIHED      =     32533.4266
 1-4 NB =     12368.5534  1-4 EEL =    134904.3386  VDWAALS    =    153259.0621
 EELEC  =  -1651887.6381  EHBOND  =         0.0000  RESTRAINT  =         0.0000
 EKCMT  =    112184.0263  VIRIAL  =    107970.0010  VOLUME     =   4333536.0215
                                                    Density    =         1.0091
 ------------------------------------------------------------------------------


 NSTEP = 18600000   TIME(PS) =  187775.000  TEMP(K) =   300.02  PRESS =   -57.9
 Etot   =  -1017742.1604  EKtot   =    263241.4688  EPtot      =  -1280983.6291
 BOND   =     10418.2481  ANGLE   =     27904.2836  DIHED      =     32406.7011
 1-4 NB =     12354.3659  1-4 EEL =    134857.8671  VDWAALS    =    153443.2639
 EELEC  =  -1652368.3589  EHBOND  =         0.0000  RESTRAINT  =         0.0000
 EKCMT  =    112096.5196  VIRIAL  =    117507.2555  VOLUME     =   4331511.6147
                                                    Density    =         1.0095
 ------------------------------------------------------------------------------


 NSTEP = 18650000   TIME(PS) =  187875.000  TEMP(K) =   300.64  PRESS =    19.0
 Etot   =  -1016306.7604  EKtot   =    263783.5312  EPtot      =  -1280090.2916
 BOND   =     10288.7735  ANGLE   =     27827.5298  DIHED      =     32615.8265
 1-4 NB =     12338.8321  1-4 EEL =    134991.7901  VDWAALS    =    152433.2574
 EELEC  =  -1650586.3012  EHBOND  =         0.0000  RESTRAINT  =         0.0000
 EKCMT  =    112295.0570  VIRIAL  =    110516.3024  VOLUME     =   4334564.5460
                                                    Density    =         1.0088
 ------------------------------------------------------------------------------


 NSTEP = 18700000   TIME(PS) =  187975.000  TEMP(K) =   300.38  PRESS =    38.7
 Etot   =  -1018040.6651  EKtot   =    263551.6875  EPtot      =  -1281592.3526
 BOND   =     10305.4169  ANGLE   =     27878.4158  DIHED      =     32505.2987
 1-4 NB =     12395.9556  1-4 EEL =    135033.9467  VDWAALS    =    152766.2077
 EELEC  =  -1652477.5941  EHBOND  =         0.0000  RESTRAINT  =         0.0000
 EKCMT  =    112143.8525  VIRIAL  =    108528.4065  VOLUME     =   4330368.3065
                                                    Density    =         1.0098
 ------------------------------------------------------------------------------


 NSTEP = 18750000   TIME(PS) =  188075.000  TEMP(K) =   299.44  PRESS =    -5.0
 Etot   =  -1018471.0793  EKtot   =    262725.5625  EPtot      =  -1281196.6418
 BOND   =     10462.1082  ANGLE   =     28002.0500  DIHED      =     32584.0799
 1-4 NB =     12385.6314  1-4 EEL =    135211.1317  VDWAALS    =    152606.7445
 EELEC  =  -1652448.3874  EHBOND  =         0.0000  RESTRAINT  =         0.0000
 EKCMT  =    111871.0537  VIRIAL  =    112340.3792  VOLUME     =   4332481.4353
                                                    Density    =         1.0093
 ------------------------------------------------------------------------------


 NSTEP = 18800000   TIME(PS) =  188175.000  TEMP(K) =   299.92  PRESS =    21.2
 Etot   =  -1018417.2575  EKtot   =    263151.4062  EPtot      =  -1281568.6638
 BOND   =     10306.5210  ANGLE   =     28036.1207  DIHED      =     32623.0337
 1-4 NB =     12441.6240  1-4 EEL =    134998.9001  VDWAALS    =    152903.6531
 EELEC  =  -1652878.5164  EHBOND  =         0.0000  RESTRAINT  =         0.0000
 EKCMT  =    111910.9430  VIRIAL  =    109931.6706  VOLUME     =   4330310.4827
                                                    Density    =         1.0098
 ------------------------------------------------------------------------------


 NSTEP = 18850000   TIME(PS) =  188275.000  TEMP(K) =   300.55  PRESS =    -5.4
 Etot   =  -1017767.9595  EKtot   =    263707.1250  EPtot      =  -1281475.0845
 BOND   =     10589.3968  ANGLE   =     27869.0934  DIHED      =     32590.1231
 1-4 NB =     12382.1575  1-4 EEL =    134873.9454  VDWAALS    =    152832.4830
 EELEC  =  -1652612.2836  EHBOND  =         0.0000  RESTRAINT  =         0.0000
 EKCMT  =    112219.0254  VIRIAL  =    112722.6665  VOLUME     =   4330018.2316
                                                    Density    =         1.0099
 ------------------------------------------------------------------------------


 NSTEP = 18900000   TIME(PS) =  188375.000  TEMP(K) =   299.93  PRESS =    41.7
 Etot   =  -1017524.4463  EKtot   =    263158.8125  EPtot      =  -1280683.2588
 BOND   =     10618.1413  ANGLE   =     28065.4646  DIHED      =     32639.1326
 1-4 NB =     12435.1070  1-4 EEL =    134969.2537  VDWAALS    =    152947.8484
 EELEC  =  -1652358.2065  EHBOND  =         0.0000  RESTRAINT  =         0.0000
 EKCMT  =    111627.1825  VIRIAL  =    107722.5568  VOLUME     =   4332664.1480
                                                    Density    =         1.0093
 ------------------------------------------------------------------------------


 NSTEP = 18950000   TIME(PS) =  188475.000  TEMP(K) =   300.12  PRESS =   -12.7
 Etot   =  -1016953.6082  EKtot   =    263329.0625  EPtot      =  -1280282.6707
 BOND   =     10568.5668  ANGLE   =     27825.4213  DIHED      =     32497.3339
 1-4 NB =     12390.1661  1-4 EEL =    134955.6503  VDWAALS    =    152799.5931
 EELEC  =  -1651319.4022  EHBOND  =         0.0000  RESTRAINT  =         0.0000
 EKCMT  =    112356.5175  VIRIAL  =    113539.9100  VOLUME     =   4332696.4967
                                                    Density    =         1.0092
 ------------------------------------------------------------------------------


 NSTEP = 19000000   TIME(PS) =  188575.000  TEMP(K) =   299.98  PRESS =    33.0
 Etot   =  -1017555.2652  EKtot   =    263200.7812  EPtot      =  -1280756.0464
 BOND   =     10489.2504  ANGLE   =     28091.8883  DIHED      =     32633.6563
 1-4 NB =     12304.9128  1-4 EEL =    134739.8026  VDWAALS    =    153220.9993
 EELEC  =  -1652236.5562  EHBOND  =         0.0000  RESTRAINT  =         0.0000
 EKCMT  =    112028.5730  VIRIAL  =    108944.9380  VOLUME     =   4333859.5315
                                                    Density    =         1.0090
 ------------------------------------------------------------------------------


 NSTEP = 19050000   TIME(PS) =  188675.000  TEMP(K) =   300.21  PRESS =   -33.0
 Etot   =  -1017030.1433  EKtot   =    263406.2812  EPtot      =  -1280436.4246
 BOND   =     10505.9447  ANGLE   =     27804.2165  DIHED      =     32550.4284
 1-4 NB =     12391.6714  1-4 EEL =    135051.6592  VDWAALS    =    151745.8486
 EELEC  =  -1650486.1935  EHBOND  =         0.0000  RESTRAINT  =         0.0000
 EKCMT  =    112056.4820  VIRIAL  =    115139.5785  VOLUME     =   4333598.1580
                                                    Density    =         1.0090
 ------------------------------------------------------------------------------


 NSTEP = 19100000   TIME(PS) =  188775.000  TEMP(K) =   300.00  PRESS =    21.3
 Etot   =  -1016556.2618  EKtot   =    263219.4375  EPtot      =  -1279775.6993
 BOND   =     10600.3156  ANGLE   =     27898.3652  DIHED      =     32478.9093
 1-4 NB =     12398.3875  1-4 EEL =    134886.7226  VDWAALS    =    153220.2498
 EELEC  =  -1651258.6493  EHBOND  =         0.0000  RESTRAINT  =         0.0000
 EKCMT  =    112082.6806  VIRIAL  =    110091.6483  VOLUME     =   4333414.9223
                                                    Density    =         1.0091
 ------------------------------------------------------------------------------


 NSTEP = 19150000   TIME(PS) =  188875.000  TEMP(K) =   300.23  PRESS =   -70.1
 Etot   =  -1017918.7945  EKtot   =    263423.6875  EPtot      =  -1281342.4820
 BOND   =     10515.6504  ANGLE   =     28104.7905  DIHED      =     32415.8020
 1-4 NB =     12471.4865  1-4 EEL =    134860.4036  VDWAALS    =    152970.4942
 EELEC  =  -1652681.1092  EHBOND  =         0.0000  RESTRAINT  =         0.0000
 EKCMT  =    112248.9559  VIRIAL  =    118805.6433  VOLUME     =   4333566.6606
                                                    Density    =         1.0090
 ------------------------------------------------------------------------------


 NSTEP = 19200000   TIME(PS) =  188975.000  TEMP(K) =   300.90  PRESS =   -67.1
 Etot   =  -1016674.8343  EKtot   =    264007.8125  EPtot      =  -1280682.6468
 BOND   =     10539.1163  ANGLE   =     28012.5483  DIHED      =     32479.8883
 1-4 NB =     12371.9246  1-4 EEL =    135028.2030  VDWAALS    =    151993.0398
 EELEC  =  -1651107.3671  EHBOND  =         0.0000  RESTRAINT  =         0.0000
 EKCMT  =    112625.3183  VIRIAL  =    118909.8121  VOLUME     =   4335414.1464
                                                    Density    =         1.0086
 ------------------------------------------------------------------------------


 NSTEP = 19250000   TIME(PS) =  189075.000  TEMP(K) =   300.11  PRESS =    63.7
 Etot   =  -1017584.2674  EKtot   =    263313.9062  EPtot      =  -1280898.1737
 BOND   =     10433.1212  ANGLE   =     27877.4970  DIHED      =     32538.7988
 1-4 NB =     12312.6800  1-4 EEL =    134746.1406  VDWAALS    =    152886.2421
 EELEC  =  -1651692.6535  EHBOND  =         0.0000  RESTRAINT  =         0.0000
 EKCMT  =    112173.1855  VIRIAL  =    106213.7679  VOLUME     =   4330444.9264
                                                    Density    =         1.0098
 ------------------------------------------------------------------------------


 NSTEP = 19300000   TIME(PS) =  189175.000  TEMP(K) =   300.05  PRESS =   -43.2
 Etot   =  -1018042.6964  EKtot   =    263264.9375  EPtot      =  -1281307.6339
 BOND   =     10509.1427  ANGLE   =     27841.0571  DIHED      =     32525.3220
 1-4 NB =     12401.7965  1-4 EEL =    135049.6581  VDWAALS    =    152700.7995
 EELEC  =  -1652335.4099  EHBOND  =         0.0000  RESTRAINT  =         0.0000
 EKCMT  =    112073.6316  VIRIAL  =    116120.0401  VOLUME     =   4335247.5398
                                                    Density    =         1.0087
 ------------------------------------------------------------------------------


 NSTEP = 19350000   TIME(PS) =  189275.000  TEMP(K) =   300.04  PRESS =     0.9
 Etot   =  -1017815.8074  EKtot   =    263255.9062  EPtot      =  -1281071.7137
 BOND   =     10493.7462  ANGLE   =     27976.9763  DIHED      =     32453.6462
 1-4 NB =     12353.1764  1-4 EEL =    134798.7005  VDWAALS    =    152555.3416
 EELEC  =  -1651703.3008  EHBOND  =         0.0000  RESTRAINT  =         0.0000
 EKCMT  =    112076.0855  VIRIAL  =    111987.8664  VOLUME     =   4334748.8946
                                                    Density    =         1.0088
 ------------------------------------------------------------------------------


 NSTEP = 19400000   TIME(PS) =  189375.000  TEMP(K) =   300.29  PRESS =   -31.7
 Etot   =  -1017827.9501  EKtot   =    263470.4375  EPtot      =  -1281298.3876
 BOND   =     10461.5240  ANGLE   =     27997.7685  DIHED      =     32560.4963
 1-4 NB =     12340.6881  1-4 EEL =    134984.3584  VDWAALS    =    153182.0995
 EELEC  =  -1652825.3223  EHBOND  =         0.0000  RESTRAINT  =         0.0000
 EKCMT  =    111827.6451  VIRIAL  =    114792.7212  VOLUME     =   4335038.8534
                                                    Density    =         1.0087
 ------------------------------------------------------------------------------


 NSTEP = 19450000   TIME(PS) =  189475.000  TEMP(K) =   300.42  PRESS =   -67.5
 Etot   =  -1016866.8910  EKtot   =    263592.2812  EPtot      =  -1280459.1723
 BOND   =     10428.2753  ANGLE   =     27844.0421  DIHED      =     32583.3154
 1-4 NB =     12407.1191  1-4 EEL =    135295.6317  VDWAALS    =    151351.6424
 EELEC  =  -1650369.1983  EHBOND  =         0.0000  RESTRAINT  =         0.0000
 EKCMT  =    111832.2064  VIRIAL  =    118143.5522  VOLUME     =   4331580.8455
                                                    Density    =         1.0095
 ------------------------------------------------------------------------------


 NSTEP = 19500000   TIME(PS) =  189575.000  TEMP(K) =   300.30  PRESS =   -16.3
 Etot   =  -1017075.0509  EKtot   =    263487.5312  EPtot      =  -1280562.5821
 BOND   =     10495.5882  ANGLE   =     27883.2617  DIHED      =     32604.8445
 1-4 NB =     12389.2596  1-4 EEL =    134989.6176  VDWAALS    =    151990.8312
 EELEC  =  -1650915.9849  EHBOND  =         0.0000  RESTRAINT  =         0.0000
 EKCMT  =    112350.3130  VIRIAL  =    113874.8312  VOLUME     =   4333914.8767
                                                    Density    =         1.0090
 ------------------------------------------------------------------------------


 NSTEP = 19550000   TIME(PS) =  189675.000  TEMP(K) =   300.53  PRESS =    48.6
 Etot   =  -1016955.0863  EKtot   =    263681.3438  EPtot      =  -1280636.4300
 BOND   =     10605.5518  ANGLE   =     27830.0743  DIHED      =     32512.0347
 1-4 NB =     12342.6825  1-4 EEL =    134893.1357  VDWAALS    =    153029.9855
 EELEC  =  -1651849.8947  EHBOND  =         0.0000  RESTRAINT  =         0.0000
 EKCMT  =    112350.5181  VIRIAL  =    107807.0966  VOLUME     =   4331990.1026
                                                    Density    =         1.0094
 ------------------------------------------------------------------------------


 NSTEP = 19600000   TIME(PS) =  189775.000  TEMP(K) =   300.38  PRESS =    -5.9
 Etot   =  -1017051.8174  EKtot   =    263550.1250  EPtot      =  -1280601.9424
 BOND   =     10599.6543  ANGLE   =     27905.1453  DIHED      =     32574.4452
 1-4 NB =     12455.0028  1-4 EEL =    135024.1759  VDWAALS    =    152828.3646
 EELEC  =  -1651988.7304  EHBOND  =         0.0000  RESTRAINT  =         0.0000
 EKCMT  =    112046.2608  VIRIAL  =    112595.4671  VOLUME     =   4331529.9519
                                                    Density    =         1.0095
 ------------------------------------------------------------------------------


 NSTEP = 19650000   TIME(PS) =  189875.000  TEMP(K) =   300.29  PRESS =    40.5
 Etot   =  -1016728.9124  EKtot   =    263478.3750  EPtot      =  -1280207.2874
 BOND   =     10598.0612  ANGLE   =     27939.0020  DIHED      =     32386.2375
 1-4 NB =     12382.1060  1-4 EEL =    134756.2526  VDWAALS    =    152399.9340
 EELEC  =  -1650668.8806  EHBOND  =         0.0000  RESTRAINT  =         0.0000
 EKCMT  =    112490.5496  VIRIAL  =    108700.1164  VOLUME     =   4333674.0208
                                                    Density    =         1.0090
 ------------------------------------------------------------------------------


 NSTEP = 19700000   TIME(PS) =  189975.000  TEMP(K) =   299.87  PRESS =   -47.5
 Etot   =  -1017770.2181  EKtot   =    263108.2188  EPtot      =  -1280878.4369
 BOND   =     10526.3034  ANGLE   =     28071.9161  DIHED      =     32435.5799
 1-4 NB =     12357.1308  1-4 EEL =    135000.4199  VDWAALS    =    152702.4178
 EELEC  =  -1651972.2049  EHBOND  =         0.0000  RESTRAINT  =         0.0000
 EKCMT  =    112357.8811  VIRIAL  =    116802.7119  VOLUME     =   4332896.3674
                                                    Density    =         1.0092
 ------------------------------------------------------------------------------


 NSTEP = 19750000   TIME(PS) =  190075.000  TEMP(K) =   300.95  PRESS =    29.0
 Etot   =  -1016014.3200  EKtot   =    264057.1562  EPtot      =  -1280071.4762
 BOND   =     10562.9728  ANGLE   =     27945.8505  DIHED      =     32510.0645
 1-4 NB =     12406.1756  1-4 EEL =    134898.7336  VDWAALS    =    152927.0156
 EELEC  =  -1651322.2888  EHBOND  =         0.0000  RESTRAINT  =         0.0000
 EKCMT  =    112454.5425  VIRIAL  =    109740.7539  VOLUME     =   4333926.0866
                                                    Density    =         1.0090
 ------------------------------------------------------------------------------


 NSTEP = 19800000   TIME(PS) =  190175.000  TEMP(K) =   299.80  PRESS =    16.3
 Etot   =  -1017851.5616  EKtot   =    263046.3125  EPtot      =  -1280897.8741
 BOND   =     10384.4565  ANGLE   =     27736.4430  DIHED      =     32566.6064
 1-4 NB =     12336.8677  1-4 EEL =    135097.1762  VDWAALS    =    152690.5997
 EELEC  =  -1651710.0235  EHBOND  =         0.0000  RESTRAINT  =         0.0000
 EKCMT  =    112077.0850  VIRIAL  =    110548.1076  VOLUME     =   4336795.4034
                                                    Density    =         1.0083
 ------------------------------------------------------------------------------


 NSTEP = 19850000   TIME(PS) =  190275.000  TEMP(K) =   300.28  PRESS =    16.2
 Etot   =  -1017255.5462  EKtot   =    263469.5000  EPtot      =  -1280725.0462
 BOND   =     10507.5046  ANGLE   =     28056.9888  DIHED      =     32586.0192
 1-4 NB =     12414.0255  1-4 EEL =    135045.6025  VDWAALS    =    152693.4953
 EELEC  =  -1652028.6821  EHBOND  =         0.0000  RESTRAINT  =         0.0000
 EKCMT  =    112231.8158  VIRIAL  =    110718.4483  VOLUME     =   4332702.0017
                                                    Density    =         1.0092
 ------------------------------------------------------------------------------


 NSTEP = 19900000   TIME(PS) =  190375.000  TEMP(K) =   299.78  PRESS =    21.4
 Etot   =  -1018011.1223  EKtot   =    263030.0938  EPtot      =  -1281041.2161
 BOND   =     10282.8851  ANGLE   =     28000.3238  DIHED      =     32533.3386
 1-4 NB =     12363.0579  1-4 EEL =    134893.2081  VDWAALS    =    153591.5042
 EELEC  =  -1652705.5338  EHBOND  =         0.0000  RESTRAINT  =         0.0000
 EKCMT  =    112328.4082  VIRIAL  =    110324.1359  VOLUME     =   4334362.2763
                                                    Density    =         1.0089
 ------------------------------------------------------------------------------


 NSTEP = 19950000   TIME(PS) =  190475.000  TEMP(K) =   300.09  PRESS =   -44.0
 Etot   =  -1017405.3370  EKtot   =    263301.8125  EPtot      =  -1280707.1495
 BOND   =     10521.0734  ANGLE   =     28073.6499  DIHED      =     32517.7128
 1-4 NB =     12397.8371  1-4 EEL =    134752.0117  VDWAALS    =    152220.3915
 EELEC  =  -1651189.8259  EHBOND  =         0.0000  RESTRAINT  =         0.0000
 EKCMT  =    112143.9489  VIRIAL  =    116259.9169  VOLUME     =   4330655.2223
                                                    Density    =         1.0097
 ------------------------------------------------------------------------------


 NSTEP = 20000000   TIME(PS) =  190575.000  TEMP(K) =   300.16  PRESS =    53.7
 Etot   =  -1016809.7037  EKtot   =    263364.7500  EPtot      =  -1280174.4537
 BOND   =     10301.6213  ANGLE   =     28010.6338  DIHED      =     32567.3444
 1-4 NB =     12350.5569  1-4 EEL =    135107.5021  VDWAALS    =    152786.7852
 EELEC  =  -1651298.8974  EHBOND  =         0.0000  RESTRAINT  =         0.0000
 EKCMT  =    112240.1916  VIRIAL  =    107214.2599  VOLUME     =   4334551.8043
                                                    Density    =         1.0088
 ------------------------------------------------------------------------------


 NSTEP = 20050000   TIME(PS) =  190675.000  TEMP(K) =   299.73  PRESS =   -43.5
 Etot   =  -1018636.7087  EKtot   =    262984.3750  EPtot      =  -1281621.0837
 BOND   =     10449.1506  ANGLE   =     27940.2592  DIHED      =     32487.1086
 1-4 NB =     12401.2332  1-4 EEL =    135178.8580  VDWAALS    =    152607.4273
 EELEC  =  -1652685.1208  EHBOND  =         0.0000  RESTRAINT  =         0.0000
 EKCMT  =    112294.7892  VIRIAL  =    116368.4562  VOLUME     =   4333718.9023
                                                    Density    =         1.0090
 ------------------------------------------------------------------------------


 NSTEP = 20100000   TIME(PS) =  190775.000  TEMP(K) =   299.52  PRESS =    18.8
 Etot   =  -1018669.5456  EKtot   =    262801.9062  EPtot      =  -1281471.4518
 BOND   =     10322.3279  ANGLE   =     28106.9100  DIHED      =     32493.6297
 1-4 NB =     12370.6062  1-4 EEL =    135050.0369  VDWAALS    =    153197.4392
 EELEC  =  -1653012.4018  EHBOND  =         0.0000  RESTRAINT  =         0.0000
 EKCMT  =    111612.0982  VIRIAL  =    109858.2381  VOLUME     =   4329667.9334
                                                    Density    =         1.0100
 ------------------------------------------------------------------------------


 NSTEP = 20150000   TIME(PS) =  190875.000  TEMP(K) =   299.41  PRESS =   -64.5
 Etot   =  -1018368.1861  EKtot   =    262700.3438  EPtot      =  -1281068.5298
 BOND   =     10469.0607  ANGLE   =     27875.8813  DIHED      =     32440.1717
 1-4 NB =     12382.4252  1-4 EEL =    135026.7486  VDWAALS    =    152491.6611
 EELEC  =  -1651754.4785  EHBOND  =         0.0000  RESTRAINT  =         0.0000
 EKCMT  =    111883.7751  VIRIAL  =    117919.4656  VOLUME     =   4332874.7629
                                                    Density    =         1.0092
 ------------------------------------------------------------------------------


 NSTEP = 20200000   TIME(PS) =  190975.000  TEMP(K) =   300.99  PRESS =    85.6
 Etot   =  -1017215.9832  EKtot   =    264091.3438  EPtot      =  -1281307.3269
 BOND   =     10355.6335  ANGLE   =     27971.1552  DIHED      =     32530.1801
 1-4 NB =     12406.8708  1-4 EEL =    135059.0675  VDWAALS    =    154302.1294
 EELEC  =  -1653932.3634  EHBOND  =         0.0000  RESTRAINT  =         0.0000
 EKCMT  =    112586.6806  VIRIAL  =    104576.4478  VOLUME     =   4332047.0611
                                                    Density    =         1.0094
 ------------------------------------------------------------------------------


 NSTEP = 20250000   TIME(PS) =  191075.000  TEMP(K) =   301.45  PRESS =   -15.5
 Etot   =  -1015656.7513  EKtot   =    264496.6562  EPtot      =  -1280153.4075
 BOND   =     10624.9718  ANGLE   =     27943.1814  DIHED      =     32454.0690
 1-4 NB =     12318.7148  1-4 EEL =    135091.4454  VDWAALS    =    151804.4877
 EELEC  =  -1650390.2776  EHBOND  =         0.0000  RESTRAINT  =         0.0000
 EKCMT  =    112572.5237  VIRIAL  =    114019.8420  VOLUME     =   4335210.5844
                                                    Density    =         1.0087
 ------------------------------------------------------------------------------


 NSTEP = 20300000   TIME(PS) =  191175.000  TEMP(K) =   300.33  PRESS =    -7.6
 Etot   =  -1016857.8712  EKtot   =    263513.1250  EPtot      =  -1280370.9962
 BOND   =     10568.0007  ANGLE   =     28014.7204  DIHED      =     32402.7349
 1-4 NB =     12375.1352  1-4 EEL =    134930.4507  VDWAALS    =    152238.8821
 EELEC  =  -1650900.9203  EHBOND  =         0.0000  RESTRAINT  =         0.0000
 EKCMT  =    112578.0713  VIRIAL  =    113289.3555  VOLUME     =   4335970.3466
                                                    Density    =         1.0085
 ------------------------------------------------------------------------------


 NSTEP = 20350000   TIME(PS) =  191275.000  TEMP(K) =   300.27  PRESS =    74.2
 Etot   =  -1017358.0949  EKtot   =    263460.5625  EPtot      =  -1280818.6574
 BOND   =     10495.9430  ANGLE   =     28037.7527  DIHED      =     32607.4568
 1-4 NB =     12349.4426  1-4 EEL =    134635.1047  VDWAALS    =    152598.2422
 EELEC  =  -1651542.5994  EHBOND  =         0.0000  RESTRAINT  =         0.0000
 EKCMT  =    112343.1592  VIRIAL  =    105397.5909  VOLUME     =   4333001.8763
                                                    Density    =         1.0092
 ------------------------------------------------------------------------------


 NSTEP = 20400000   TIME(PS) =  191375.000  TEMP(K) =   299.67  PRESS =    -2.4
 Etot   =  -1018273.7910  EKtot   =    262933.8125  EPtot      =  -1281207.6035
 BOND   =     10377.7188  ANGLE   =     28017.0997  DIHED      =     32604.1523
 1-4 NB =     12421.9853  1-4 EEL =    134883.4070  VDWAALS    =    152250.3296
 EELEC  =  -1651762.2960  EHBOND  =         0.0000  RESTRAINT  =         0.0000
 EKCMT  =    111840.7846  VIRIAL  =    112065.2882  VOLUME     =   4333552.7734
                                                    Density    =         1.0091
 ------------------------------------------------------------------------------


 NSTEP = 20450000   TIME(PS) =  191475.000  TEMP(K) =   299.86  PRESS =    34.2
 Etot   =  -1018365.4232  EKtot   =    263095.0938  EPtot      =  -1281460.5169
 BOND   =     10530.3114  ANGLE   =     27710.8131  DIHED      =     32524.5623
 1-4 NB =     12387.4741  1-4 EEL =    134910.6405  VDWAALS    =    152367.4991
 EELEC  =  -1651891.8175  EHBOND  =         0.0000  RESTRAINT  =         0.0000
 EKCMT  =    112401.5979  VIRIAL  =    109201.0801  VOLUME     =   4335683.9170
                                                    Density    =         1.0086
 ------------------------------------------------------------------------------


 NSTEP = 20500000   TIME(PS) =  191575.000  TEMP(K) =   300.21  PRESS =    76.5
 Etot   =  -1016312.3865  EKtot   =    263402.9688  EPtot      =  -1279715.3553
 BOND   =     10563.5503  ANGLE   =     28047.0783  DIHED      =     32582.2636
 1-4 NB =     12277.9172  1-4 EEL =    134752.8010  VDWAALS    =    153167.6775
 EELEC  =  -1651106.6431  EHBOND  =         0.0000  RESTRAINT  =         0.0000
 EKCMT  =    112538.7538  VIRIAL  =    105382.4772  VOLUME     =   4333903.2649
                                                    Density    =         1.0090
 ------------------------------------------------------------------------------


 NSTEP = 20550000   TIME(PS) =  191675.000  TEMP(K) =   299.46  PRESS =    50.0
 Etot   =  -1017824.8427  EKtot   =    262748.9688  EPtot      =  -1280573.8115
 BOND   =     10390.1263  ANGLE   =     27927.4077  DIHED      =     32582.0935
 1-4 NB =     12384.8607  1-4 EEL =    135137.1320  VDWAALS    =    153413.9860
 EELEC  =  -1652409.4177  EHBOND  =         0.0000  RESTRAINT  =         0.0000
 EKCMT  =    111940.5544  VIRIAL  =    107258.8258  VOLUME     =   4333674.1097
                                                    Density    =         1.0090
 ------------------------------------------------------------------------------


 NSTEP = 20600000   TIME(PS) =  191775.000  TEMP(K) =   300.29  PRESS =    34.1
 Etot   =  -1017514.6647  EKtot   =    263473.1250  EPtot      =  -1280987.7897
 BOND   =     10411.9543  ANGLE   =     28032.0298  DIHED      =     32469.5934
 1-4 NB =     12424.5950  1-4 EEL =    134872.3962  VDWAALS    =    151954.4155
 EELEC  =  -1651152.7740  EHBOND  =         0.0000  RESTRAINT  =         0.0000
 EKCMT  =    112091.8995  VIRIAL  =    108905.4969  VOLUME     =   4333450.9492
                                                    Density    =         1.0091
 ------------------------------------------------------------------------------


 NSTEP = 20650000   TIME(PS) =  191875.000  TEMP(K) =   300.00  PRESS =   -18.9
 Etot   =  -1018526.5831  EKtot   =    263222.6562  EPtot      =  -1281749.2394
 BOND   =     10445.6724  ANGLE   =     27965.2315  DIHED      =     32504.2193
 1-4 NB =     12349.9924  1-4 EEL =    135052.9239  VDWAALS    =    153011.9004
 EELEC  =  -1653079.1793  EHBOND  =         0.0000  RESTRAINT  =         0.0000
 EKCMT  =    112095.8711  VIRIAL  =    113863.6384  VOLUME     =   4332115.9203
                                                    Density    =         1.0094
 ------------------------------------------------------------------------------


 NSTEP = 20700000   TIME(PS) =  191975.000  TEMP(K) =   300.37  PRESS =    11.9
 Etot   =  -1017011.7184  EKtot   =    263544.1875  EPtot      =  -1280555.9059
 BOND   =     10488.4421  ANGLE   =     28042.7144  DIHED      =     32588.3269
 1-4 NB =     12405.2915  1-4 EEL =    134860.2008  VDWAALS    =    153005.2134
 EELEC  =  -1651946.0951  EHBOND  =         0.0000  RESTRAINT  =         0.0000
 EKCMT  =    111941.0322  VIRIAL  =    110827.2874  VOLUME     =   4334154.1396
                                                    Density    =         1.0089
 ------------------------------------------------------------------------------


 NSTEP = 20750000   TIME(PS) =  192075.000  TEMP(K) =   300.29  PRESS =   -21.2
 Etot   =  -1017016.5112  EKtot   =    263478.6562  EPtot      =  -1280495.1674
 BOND   =     10461.3323  ANGLE   =     27912.7075  DIHED      =     32682.1169
 1-4 NB =     12345.0611  1-4 EEL =    134864.3230  VDWAALS    =    152702.7191
 EELEC  =  -1651463.4272  EHBOND  =         0.0000  RESTRAINT  =         0.0000
 EKCMT  =    112223.6853  VIRIAL  =    114209.7916  VOLUME     =   4334462.6902
                                                    Density    =         1.0088
 ------------------------------------------------------------------------------


 NSTEP = 20800000   TIME(PS) =  192175.000  TEMP(K) =   299.60  PRESS =     9.5
 Etot   =  -1018118.1280  EKtot   =    262868.1875  EPtot      =  -1280986.3155
 BOND   =     10562.2673  ANGLE   =     27807.4086  DIHED      =     32470.7733
 1-4 NB =     12382.9679  1-4 EEL =    134851.6276  VDWAALS    =    153424.8565
 EELEC  =  -1652486.2167  EHBOND  =         0.0000  RESTRAINT  =         0.0000
 EKCMT  =    111980.5768  VIRIAL  =    111089.6733  VOLUME     =   4330969.3944
                                                    Density    =         1.0097
 ------------------------------------------------------------------------------


 NSTEP = 20850000   TIME(PS) =  192275.000  TEMP(K) =   299.89  PRESS =    16.2
 Etot   =  -1017782.2511  EKtot   =    263125.4688  EPtot      =  -1280907.7198
 BOND   =     10464.0734  ANGLE   =     27956.3005  DIHED      =     32492.8178
 1-4 NB =     12350.1300  1-4 EEL =    134778.8406  VDWAALS    =    153050.6431
 EELEC  =  -1652000.5252  EHBOND  =         0.0000  RESTRAINT  =         0.0000
 EKCMT  =    112293.2078  VIRIAL  =    110781.5628  VOLUME     =   4333009.9953
                                                    Density    =         1.0092
 ------------------------------------------------------------------------------


 NSTEP = 20900000   TIME(PS) =  192375.000  TEMP(K) =   300.23  PRESS =    20.5
 Etot   =  -1017673.5033  EKtot   =    263424.6875  EPtot      =  -1281098.1908
 BOND   =     10605.4537  ANGLE   =     27946.6733  DIHED      =     32454.8073
 1-4 NB =     12287.4407  1-4 EEL =    134655.3974  VDWAALS    =    153028.9776
 EELEC  =  -1652076.9410  EHBOND  =         0.0000  RESTRAINT  =         0.0000
 EKCMT  =    112049.0514  VIRIAL  =    110131.5204  VOLUME     =   4330008.7929
                                                    Density    =         1.0099
 ------------------------------------------------------------------------------


 NSTEP = 20950000   TIME(PS) =  192475.000  TEMP(K) =   300.18  PRESS =    40.0
 Etot   =  -1017951.3532  EKtot   =    263378.7188  EPtot      =  -1281330.0719
 BOND   =     10460.4802  ANGLE   =     27980.1277  DIHED      =     32436.9224
 1-4 NB =     12356.4826  1-4 EEL =    134780.4665  VDWAALS    =    152640.5493
 EELEC  =  -1651985.1006  EHBOND  =         0.0000  RESTRAINT  =         0.0000
 EKCMT  =    112147.2247  VIRIAL  =    108402.8702  VOLUME     =   4332229.1795
                                                    Density    =         1.0094
 ------------------------------------------------------------------------------


 NSTEP = 21000000   TIME(PS) =  192575.000  TEMP(K) =   299.79  PRESS =   -65.5
 Etot   =  -1018329.5353  EKtot   =    263034.2812  EPtot      =  -1281363.8166
 BOND   =     10546.7423  ANGLE   =     27913.9062  DIHED      =     32558.3356
 1-4 NB =     12274.6667  1-4 EEL =    134867.9279  VDWAALS    =    152117.1018
 EELEC  =  -1651642.4971  EHBOND  =         0.0000  RESTRAINT  =         0.0000
 EKCMT  =    111894.7822  VIRIAL  =    118021.2756  VOLUME     =   4330957.2215
                                                    Density    =         1.0097
 ------------------------------------------------------------------------------


 NSTEP = 21050000   TIME(PS) =  192675.000  TEMP(K) =   299.32  PRESS =   -56.3
 Etot   =  -1018809.0817  EKtot   =    262626.7188  EPtot      =  -1281435.8005
 BOND   =     10534.8146  ANGLE   =     27870.2380  DIHED      =     32530.9508
 1-4 NB =     12257.2052  1-4 EEL =    134977.1141  VDWAALS    =    152292.5404
 EELEC  =  -1651898.6636  EHBOND  =         0.0000  RESTRAINT  =         0.0000
 EKCMT  =    111668.4113  VIRIAL  =    116932.4655  VOLUME     =   4332149.9223
                                                    Density    =         1.0094
 ------------------------------------------------------------------------------


 NSTEP = 21100000   TIME(PS) =  192775.000  TEMP(K) =   300.48  PRESS =   -11.3
 Etot   =  -1016586.3913  EKtot   =    263645.0000  EPtot      =  -1280231.3913
 BOND   =     10544.3773  ANGLE   =     27833.7273  DIHED      =     32506.0827
 1-4 NB =     12398.3639  1-4 EEL =    134884.7804  VDWAALS    =    152202.9210
 EELEC  =  -1650601.6439  EHBOND  =         0.0000  RESTRAINT  =         0.0000
 EKCMT  =    112294.4081  VIRIAL  =    113348.6294  VOLUME     =   4332532.1885
                                                    Density    =         1.0093
 ------------------------------------------------------------------------------


 NSTEP = 21150000   TIME(PS) =  192875.000  TEMP(K) =   300.34  PRESS =    10.4
 Etot   =  -1017662.5170  EKtot   =    263514.6875  EPtot      =  -1281177.2045
 BOND   =     10520.7394  ANGLE   =     27969.3393  DIHED      =     32537.1894
 1-4 NB =     12336.6946  1-4 EEL =    135070.8066  VDWAALS    =    153073.6632
 EELEC  =  -1652685.6371  EHBOND  =         0.0000  RESTRAINT  =         0.0000
 EKCMT  =    112571.3158  VIRIAL  =    111594.9253  VOLUME     =   4332006.8806
                                                    Density    =         1.0094
 ------------------------------------------------------------------------------


 NSTEP = 21200000   TIME(PS) =  192975.000  TEMP(K) =   299.90  PRESS =    40.4
 Etot   =  -1016925.3640  EKtot   =    263133.0625  EPtot      =  -1280058.4265
 BOND   =     10393.2579  ANGLE   =     27945.7419  DIHED      =     32515.2366
 1-4 NB =     12318.5085  1-4 EEL =    135071.7178  VDWAALS    =    152466.3747
 EELEC  =  -1650769.2640  EHBOND  =         0.0000  RESTRAINT  =         0.0000
 EKCMT  =    112010.5966  VIRIAL  =    108230.9359  VOLUME     =   4333310.9013
                                                    Density    =         1.0091
 ------------------------------------------------------------------------------


 NSTEP = 21250000   TIME(PS) =  193075.000  TEMP(K) =   300.56  PRESS =    25.7
 Etot   =  -1016747.6892  EKtot   =    263714.8438  EPtot      =  -1280462.5329
 BOND   =     10456.5838  ANGLE   =     27920.4058  DIHED      =     32475.7715
 1-4 NB =     12410.8037  1-4 EEL =    135117.9405  VDWAALS    =    152159.0923
 EELEC  =  -1651003.1305  EHBOND  =         0.0000  RESTRAINT  =         0.0000
 EKCMT  =    112164.7882  VIRIAL  =    109762.3036  VOLUME     =   4334468.8648
                                                    Density    =         1.0088
 ------------------------------------------------------------------------------


 NSTEP = 21300000   TIME(PS) =  193175.000  TEMP(K) =   300.97  PRESS =   -16.8
 Etot   =  -1015900.2658  EKtot   =    264075.0000  EPtot      =  -1279975.2658
 BOND   =     10533.7794  ANGLE   =     27981.0143  DIHED      =     32558.1046
 1-4 NB =     12393.0123  1-4 EEL =    135071.4526  VDWAALS    =    152561.2179
 EELEC  =  -1651073.8469  EHBOND  =         0.0000  RESTRAINT  =         0.0000
 EKCMT  =    112355.3895  VIRIAL  =    113925.0597  VOLUME     =   4335819.9828
                                                    Density    =         1.0085
 ------------------------------------------------------------------------------


 NSTEP = 21350000   TIME(PS) =  193275.000  TEMP(K) =   300.84  PRESS =   -80.8
 Etot   =  -1017418.5062  EKtot   =    263955.2812  EPtot      =  -1281373.7875
 BOND   =     10517.0496  ANGLE   =     28022.2160  DIHED      =     32498.6274
 1-4 NB =     12343.5663  1-4 EEL =    134875.9341  VDWAALS    =    152380.3402
 EELEC  =  -1652011.5211  EHBOND  =         0.0000  RESTRAINT  =         0.0000
 EKCMT  =    112216.6552  VIRIAL  =    119774.1587  VOLUME     =   4331683.4244
                                                    Density    =         1.0095
 ------------------------------------------------------------------------------


 NSTEP = 21400000   TIME(PS) =  193375.000  TEMP(K) =   300.44  PRESS =   -98.3
 Etot   =  -1017291.5481  EKtot   =    263606.0938  EPtot      =  -1280897.6419
 BOND   =     10468.1701  ANGLE   =     27962.7247  DIHED      =     32534.7892
 1-4 NB =     12410.8711  1-4 EEL =    134952.7948  VDWAALS    =    152254.3636
 EELEC  =  -1651481.3555  EHBOND  =         0.0000  RESTRAINT  =         0.0000
 EKCMT  =    112252.1450  VIRIAL  =    121450.3307  VOLUME     =   4332331.4321
                                                    Density    =         1.0093
 ------------------------------------------------------------------------------


 NSTEP = 21450000   TIME(PS) =  193475.000  TEMP(K) =   300.02  PRESS =    76.6
 Etot   =  -1017507.8766  EKtot   =    263236.4062  EPtot      =  -1280744.2828
 BOND   =     10506.0092  ANGLE   =     27803.3241  DIHED      =     32587.7756
 1-4 NB =     12504.7103  1-4 EEL =    135099.4317  VDWAALS    =    152768.0848
 EELEC  =  -1652013.6186  EHBOND  =         0.0000  RESTRAINT  =         0.0000
 EKCMT  =    112039.6216  VIRIAL  =    104868.9071  VOLUME     =   4333513.4381
                                                    Density    =         1.0091
 ------------------------------------------------------------------------------


 NSTEP = 21500000   TIME(PS) =  193575.000  TEMP(K) =   299.34  PRESS =   -39.2
 Etot   =  -1017469.7112  EKtot   =    262641.2500  EPtot      =  -1280110.9612
 BOND   =     10525.4845  ANGLE   =     27968.7119  DIHED      =     32648.3759
 1-4 NB =     12315.7821  1-4 EEL =    134889.2600  VDWAALS    =    152014.1571
 EELEC  =  -1650472.7327  EHBOND  =         0.0000  RESTRAINT  =         0.0000
 EKCMT  =    111994.9431  VIRIAL  =    115664.8996  VOLUME     =   4333586.2843
                                                    Density    =         1.0090
 ------------------------------------------------------------------------------


 NSTEP = 21550000   TIME(PS) =  193675.000  TEMP(K) =   300.57  PRESS =    65.6
 Etot   =  -1017305.0569  EKtot   =    263718.8125  EPtot      =  -1281023.8694
 BOND   =     10498.5350  ANGLE   =     27633.5933  DIHED      =     32402.7907
 1-4 NB =     12389.5302  1-4 EEL =    135165.4634  VDWAALS    =    152974.5070
 EELEC  =  -1652088.2890  EHBOND  =         0.0000  RESTRAINT  =         0.0000
 EKCMT  =    112494.9425  VIRIAL  =    106354.6594  VOLUME     =   4331943.5190
                                                    Density    =         1.0094
 ------------------------------------------------------------------------------


 NSTEP = 21600000   TIME(PS) =  193775.000  TEMP(K) =   299.63  PRESS =   -17.2
 Etot   =  -1018020.2073  EKtot   =    262898.6875  EPtot      =  -1280918.8948
 BOND   =     10571.6612  ANGLE   =     27856.8309  DIHED      =     32528.4827
 1-4 NB =     12340.0027  1-4 EEL =    134883.2254  VDWAALS    =    152821.0790
 EELEC  =  -1651920.1768  EHBOND  =         0.0000  RESTRAINT  =         0.0000
 EKCMT  =    112064.0460  VIRIAL  =    113673.3829  VOLUME     =   4333087.0068
                                                    Density    =         1.0092
 ------------------------------------------------------------------------------


 NSTEP = 21650000   TIME(PS) =  193875.000  TEMP(K) =   300.41  PRESS =    29.2
 Etot   =  -1017294.9919  EKtot   =    263578.5000  EPtot      =  -1280873.4919
 BOND   =     10637.1356  ANGLE   =     27973.8771  DIHED      =     32471.9845
 1-4 NB =     12367.6086  1-4 EEL =    134764.0809  VDWAALS    =    152955.0835
 EELEC  =  -1652043.2619  EHBOND  =         0.0000  RESTRAINT  =         0.0000
 EKCMT  =    112416.7503  VIRIAL  =    109685.0391  VOLUME     =   4333240.3902
                                                    Density    =         1.0091
 ------------------------------------------------------------------------------


 NSTEP = 21700000   TIME(PS) =  193975.000  TEMP(K) =   300.16  PRESS =   -64.6
 Etot   =  -1017370.8993  EKtot   =    263359.8750  EPtot      =  -1280730.7743
 BOND   =     10447.2394  ANGLE   =     28033.8199  DIHED      =     32472.6401
 1-4 NB =     12352.4509  1-4 EEL =    134980.1853  VDWAALS    =    153026.0643
 EELEC  =  -1652043.1742  EHBOND  =         0.0000  RESTRAINT  =         0.0000
 EKCMT  =    112131.5240  VIRIAL  =    118176.4578  VOLUME     =   4333069.1853
                                                    Density    =         1.0092
 ------------------------------------------------------------------------------


 NSTEP = 21750000   TIME(PS) =  194075.000  TEMP(K) =   299.78  PRESS =   -16.5
 Etot   =  -1017859.9805  EKtot   =    263027.5000  EPtot      =  -1280887.4805
 BOND   =     10514.9037  ANGLE   =     28072.7748  DIHED      =     32538.5832
 1-4 NB =     12318.8703  1-4 EEL =    134832.8056  VDWAALS    =    151738.6726
 EELEC  =  -1650904.0907  EHBOND  =         0.0000  RESTRAINT  =         0.0000
 EKCMT  =    111999.7665  VIRIAL  =    113540.5084  VOLUME     =   4331282.7129
                                                    Density    =         1.0096
 ------------------------------------------------------------------------------


 NSTEP = 21800000   TIME(PS) =  194175.000  TEMP(K) =   300.16  PRESS =    51.5
 Etot   =  -1018030.0469  EKtot   =    263360.3125  EPtot      =  -1281390.3594
 BOND   =     10540.3543  ANGLE   =     27727.2401  DIHED      =     32453.5047
 1-4 NB =     12458.4979  1-4 EEL =    134830.3729  VDWAALS    =    152843.4051
 EELEC  =  -1652243.7344  EHBOND  =         0.0000  RESTRAINT  =         0.0000
 EKCMT  =    112383.9641  VIRIAL  =    107564.0458  VOLUME     =   4334207.1474
                                                    Density    =         1.0089
 ------------------------------------------------------------------------------


 NSTEP = 21850000   TIME(PS) =  194275.000  TEMP(K) =   299.99  PRESS =    42.4
 Etot   =  -1018435.6240  EKtot   =    263207.2812  EPtot      =  -1281642.9053
 BOND   =     10611.2619  ANGLE   =     28074.7226  DIHED      =     32435.4963
 1-4 NB =     12297.7994  1-4 EEL =    134965.0911  VDWAALS    =    152913.4190
 EELEC  =  -1652940.6955  EHBOND  =         0.0000  RESTRAINT  =         0.0000
 EKCMT  =    112292.2415  VIRIAL  =    108324.5963  VOLUME     =   4330622.0000
                                                    Density    =         1.0097
 ------------------------------------------------------------------------------


 NSTEP = 21900000   TIME(PS) =  194375.000  TEMP(K) =   299.34  PRESS =     7.5
 Etot   =  -1017744.3821  EKtot   =    262638.7812  EPtot      =  -1280383.1633
 BOND   =     10532.4864  ANGLE   =     28084.6600  DIHED      =     32486.2972
 1-4 NB =     12447.7921  1-4 EEL =    134922.8143  VDWAALS    =    152058.9925
 EELEC  =  -1650916.2060  EHBOND  =         0.0000  RESTRAINT  =         0.0000
 EKCMT  =    111651.1026  VIRIAL  =    110952.7919  VOLUME     =   4333527.4021
                                                    Density    =         1.0091
 ------------------------------------------------------------------------------


 NSTEP = 21950000   TIME(PS) =  194475.000  TEMP(K) =   299.19  PRESS =   -29.4
 Etot   =  -1019835.2673  EKtot   =    262509.1250  EPtot      =  -1282344.3923
 BOND   =     10391.6870  ANGLE   =     27926.6470  DIHED      =     32495.7438
 1-4 NB =     12443.7887  1-4 EEL =    135411.5650  VDWAALS    =    153099.7971
 EELEC  =  -1654113.6209  EHBOND  =         0.0000  RESTRAINT  =         0.0000
 EKCMT  =    111422.9110  VIRIAL  =    114178.3335  VOLUME     =   4334448.9506
                                                    Density    =         1.0088
 ------------------------------------------------------------------------------


 NSTEP = 22000000   TIME(PS) =  194575.000  TEMP(K) =   299.52  PRESS =    78.5
 Etot   =  -1018341.6103  EKtot   =    262797.4062  EPtot      =  -1281139.0166
 BOND   =     10573.3447  ANGLE   =     27966.4038  DIHED      =     32472.1885
 1-4 NB =     12401.0166  1-4 EEL =    134661.8815  VDWAALS    =    152816.1074
 EELEC  =  -1652029.9590  EHBOND  =         0.0000  RESTRAINT  =         0.0000
 EKCMT  =    111789.1408  VIRIAL  =    104443.7544  VOLUME     =   4332830.5437
                                                    Density    =         1.0092
 ------------------------------------------------------------------------------


 NSTEP = 22050000   TIME(PS) =  194675.000  TEMP(K) =   299.91  PRESS =    20.9
 Etot   =  -1017897.2185  EKtot   =    263141.7500  EPtot      =  -1281038.9685
 BOND   =     10399.4587  ANGLE   =     27787.0578  DIHED      =     32446.1419
 1-4 NB =     12483.2511  1-4 EEL =    135084.5895  VDWAALS    =    153225.9408
 EELEC  =  -1652465.4082  EHBOND  =         0.0000  RESTRAINT  =         0.0000
 EKCMT  =    112422.3230  VIRIAL  =    110472.4698  VOLUME     =   4331091.5050
                                                    Density    =         1.0096
 ------------------------------------------------------------------------------


 NSTEP = 22100000   TIME(PS) =  194775.000  TEMP(K) =   300.45  PRESS =    17.7
 Etot   =  -1017111.5110  EKtot   =    263615.5000  EPtot      =  -1280727.0110
 BOND   =     10502.5511  ANGLE   =     28194.0623  DIHED      =     32543.9380
 1-4 NB =     12353.8560  1-4 EEL =    134927.4943  VDWAALS    =    152675.1077
 EELEC  =  -1651924.0203  EHBOND  =         0.0000  RESTRAINT  =         0.0000
 EKCMT  =    112167.1554  VIRIAL  =    110512.2260  VOLUME     =   4332086.0330
                                                    Density    =         1.0094
 ------------------------------------------------------------------------------


 NSTEP = 22150000   TIME(PS) =  194875.000  TEMP(K) =   300.28  PRESS =    -8.4
 Etot   =  -1018186.2597  EKtot   =    263468.7188  EPtot      =  -1281654.9785
 BOND   =     10346.9848  ANGLE   =     27787.1183  DIHED      =     32597.8132
 1-4 NB =     12478.1983  1-4 EEL =    135259.1276  VDWAALS    =    152143.7222
 EELEC  =  -1652267.9429  EHBOND  =         0.0000  RESTRAINT  =         0.0000
 EKCMT  =    112207.0926  VIRIAL  =    112996.3123  VOLUME     =   4333874.3126
                                                    Density    =         1.0090
 ------------------------------------------------------------------------------


 NSTEP = 22200000   TIME(PS) =  194975.000  TEMP(K) =   299.90  PRESS =   -40.7
 Etot   =  -1017320.4660  EKtot   =    263136.4062  EPtot      =  -1280456.8722
 BOND   =     10596.1509  ANGLE   =     27785.1316  DIHED      =     32547.1040
 1-4 NB =     12369.1463  1-4 EEL =    134907.7951  VDWAALS    =    151511.7027
 EELEC  =  -1650173.9028  EHBOND  =         0.0000  RESTRAINT  =         0.0000
 EKCMT  =    111952.9222  VIRIAL  =    115762.5925  VOLUME     =   4335531.9853
                                                    Density    =         1.0086
 ------------------------------------------------------------------------------


 NSTEP = 22250000   TIME(PS) =  195075.000  TEMP(K) =   299.68  PRESS =    35.6
 Etot   =  -1017639.7250  EKtot   =    262938.6562  EPtot      =  -1280578.3812
 BOND   =     10360.0944  ANGLE   =     27719.8758  DIHED      =     32574.1742
 1-4 NB =     12394.1024  1-4 EEL =    135129.4557  VDWAALS    =    153104.2586
 EELEC  =  -1651860.3423  EHBOND  =         0.0000  RESTRAINT  =         0.0000
 EKCMT  =    112042.3883  VIRIAL  =    108706.7158  VOLUME     =   4335474.5918
                                                    Density    =         1.0086
 ------------------------------------------------------------------------------


 NSTEP = 22300000   TIME(PS) =  195175.000  TEMP(K) =   300.22  PRESS =    10.4
 Etot   =  -1017330.1491  EKtot   =    263410.5312  EPtot      =  -1280740.6803
 BOND   =     10507.7456  ANGLE   =     27957.0697  DIHED      =     32591.9603
 1-4 NB =     12397.9007  1-4 EEL =    135274.1206  VDWAALS    =    153036.1278
 EELEC  =  -1652505.6050  EHBOND  =         0.0000  RESTRAINT  =         0.0000
 EKCMT  =    112140.4528  VIRIAL  =    111166.8627  VOLUME     =   4335030.7496
                                                    Density    =         1.0087
 ------------------------------------------------------------------------------


 NSTEP = 22350000   TIME(PS) =  195275.000  TEMP(K) =   299.44  PRESS =    42.1
 Etot   =  -1018811.7248  EKtot   =    262727.1250  EPtot      =  -1281538.8498
 BOND   =     10564.6141  ANGLE   =     27849.7938  DIHED      =     32535.6360
 1-4 NB =     12412.6245  1-4 EEL =    135128.1468  VDWAALS    =    153761.9554
 EELEC  =  -1653791.6203  EHBOND  =         0.0000  RESTRAINT  =         0.0000
 EKCMT  =    112044.8458  VIRIAL  =    108107.5696  VOLUME     =   4333051.4492
                                                    Density    =         1.0092
 ------------------------------------------------------------------------------


 NSTEP = 22400000   TIME(PS) =  195375.000  TEMP(K) =   299.76  PRESS =    75.3
 Etot   =  -1017213.8791  EKtot   =    263011.5625  EPtot      =  -1280225.4416
 BOND   =     10384.3956  ANGLE   =     27869.8550  DIHED      =     32471.8763
 1-4 NB =     12391.4442  1-4 EEL =    135047.1740  VDWAALS    =    153075.3279
 EELEC  =  -1651465.5147  EHBOND  =         0.0000  RESTRAINT  =         0.0000
 EKCMT  =    112010.2652  VIRIAL  =    104966.8530  VOLUME     =   4332076.7228
                                                    Density    =         1.0094
 ------------------------------------------------------------------------------


 NSTEP = 22450000   TIME(PS) =  195475.000  TEMP(K) =   300.24  PRESS =   -63.7
 Etot   =  -1017763.7219  EKtot   =    263431.0625  EPtot      =  -1281194.7844
 BOND   =     10355.1779  ANGLE   =     27849.9884  DIHED      =     32602.6675
 1-4 NB =     12396.6936  1-4 EEL =    134934.5250  VDWAALS    =    152193.4248
 EELEC  =  -1651527.2616  EHBOND  =         0.0000  RESTRAINT  =         0.0000
 EKCMT  =    111954.3188  VIRIAL  =    117912.4788  VOLUME     =   4332314.7857
                                                    Density    =         1.0093
 ------------------------------------------------------------------------------


 NSTEP = 22500000   TIME(PS) =  195575.000  TEMP(K) =   299.14  PRESS =   -76.6
 Etot   =  -1017756.9517  EKtot   =    262462.0938  EPtot      =  -1280219.0455
 BOND   =     10497.0930  ANGLE   =     27800.7254  DIHED      =     32562.4600
 1-4 NB =     12407.2092  1-4 EEL =    134828.5231  VDWAALS    =    151886.6609
 EELEC  =  -1650201.7171  EHBOND  =         0.0000  RESTRAINT  =         0.0000
 EKCMT  =    112195.6902  VIRIAL  =    119365.7854  VOLUME     =   4334021.0521
                                                    Density    =         1.0089
 ------------------------------------------------------------------------------


 NSTEP = 22550000   TIME(PS) =  195675.000  TEMP(K) =   299.80  PRESS =    10.0
 Etot   =  -1017822.4824  EKtot   =    263043.2812  EPtot      =  -1280865.7637
 BOND   =     10468.6241  ANGLE   =     27957.4333  DIHED      =     32499.4205
 1-4 NB =     12394.0284  1-4 EEL =    134999.4769  VDWAALS    =    153320.5458
 EELEC  =  -1652505.2927  EHBOND  =         0.0000  RESTRAINT  =         0.0000
 EKCMT  =    111642.2488  VIRIAL  =    110706.7071  VOLUME     =   4333878.9884
                                                    Density    =         1.0090
 ------------------------------------------------------------------------------


 NSTEP = 22600000   TIME(PS) =  195775.000  TEMP(K) =   299.75  PRESS =    55.0
 Etot   =  -1017001.2783  EKtot   =    263001.6875  EPtot      =  -1280002.9658
 BOND   =     10453.3516  ANGLE   =     28053.4767  DIHED      =     32575.0923
 1-4 NB =     12355.6676  1-4 EEL =    134658.4330  VDWAALS    =    152825.5999
 EELEC  =  -1650924.5869  EHBOND  =         0.0000  RESTRAINT  =         0.0000
 EKCMT  =    111572.4624  VIRIAL  =    106423.7164  VOLUME     =   4332534.1861
                                                    Density    =         1.0093
 ------------------------------------------------------------------------------


 NSTEP = 22650000   TIME(PS) =  195875.000  TEMP(K) =   299.62  PRESS =   -41.3
 Etot   =  -1018674.4962  EKtot   =    262888.0625  EPtot      =  -1281562.5587
 BOND   =     10430.9004  ANGLE   =     27901.9092  DIHED      =     32621.9655
 1-4 NB =     12382.2721  1-4 EEL =    135031.0813  VDWAALS    =    152665.7955
 EELEC  =  -1652596.4827  EHBOND  =         0.0000  RESTRAINT  =         0.0000
 EKCMT  =    112148.5998  VIRIAL  =    116013.6851  VOLUME     =   4333553.2618
                                                    Density    =         1.0090
 ------------------------------------------------------------------------------


 NSTEP = 22700000   TIME(PS) =  195975.000  TEMP(K) =   300.56  PRESS =    13.2
 Etot   =  -1017618.9428  EKtot   =    263708.9062  EPtot      =  -1281327.8491
 BOND   =     10409.2117  ANGLE   =     27900.6432  DIHED      =     32597.7664
 1-4 NB =     12413.2545  1-4 EEL =    135031.2410  VDWAALS    =    152900.4966
 EELEC  =  -1652580.4626  EHBOND  =         0.0000  RESTRAINT  =         0.0000
 EKCMT  =    112334.2732  VIRIAL  =    111103.0125  VOLUME     =   4331157.4282
                                                    Density    =         1.0096
 ------------------------------------------------------------------------------


 NSTEP = 22750000   TIME(PS) =  196075.000  TEMP(K) =   300.00  PRESS =     4.1
 Etot   =  -1016440.6258  EKtot   =    263221.6562  EPtot      =  -1279662.2820
 BOND   =     10297.1989  ANGLE   =     28033.5862  DIHED      =     32434.4529
 1-4 NB =     12444.3156  1-4 EEL =    134983.7194  VDWAALS    =    152012.8079
 EELEC  =  -1649868.3629  EHBOND  =         0.0000  RESTRAINT  =         0.0000
 EKCMT  =    112272.9299  VIRIAL  =    111892.5760  VOLUME     =   4331891.1539
                                                    Density    =         1.0094
 ------------------------------------------------------------------------------


 NSTEP = 22800000   TIME(PS) =  196175.000  TEMP(K) =   300.46  PRESS =    19.5
 Etot   =  -1017796.2832  EKtot   =    263624.9375  EPtot      =  -1281421.2207
 BOND   =     10335.4156  ANGLE   =     27910.7822  DIHED      =     32544.3619
 1-4 NB =     12323.7883  1-4 EEL =    135034.1466  VDWAALS    =    152660.2410
 EELEC  =  -1652229.9563  EHBOND  =         0.0000  RESTRAINT  =         0.0000
 EKCMT  =    112547.2731  VIRIAL  =    110725.1765  VOLUME     =   4331886.4389
                                                    Density    =         1.0094
 ------------------------------------------------------------------------------


 NSTEP = 22850000   TIME(PS) =  196275.000  TEMP(K) =   300.11  PRESS =    -5.1
 Etot   =  -1017071.7324  EKtot   =    263318.8438  EPtot      =  -1280390.5761
 BOND   =     10420.0566  ANGLE   =     28192.1317  DIHED      =     32479.7615
 1-4 NB =     12319.3604  1-4 EEL =    134985.1262  VDWAALS    =    152679.5017
 EELEC  =  -1651466.5143  EHBOND  =         0.0000  RESTRAINT  =         0.0000
 EKCMT  =    112133.4574  VIRIAL  =    112607.4130  VOLUME     =   4334040.1487
                                                    Density    =         1.0089
 ------------------------------------------------------------------------------


 NSTEP = 22900000   TIME(PS) =  196375.000  TEMP(K) =   299.79  PRESS =    84.1
 Etot   =  -1017266.0185  EKtot   =    263033.5000  EPtot      =  -1280299.5185
 BOND   =     10423.2323  ANGLE   =     28172.0896  DIHED      =     32498.9613
 1-4 NB =     12358.6239  1-4 EEL =    134871.3251  VDWAALS    =    152437.1646
 EELEC  =  -1651060.9153  EHBOND  =         0.0000  RESTRAINT  =         0.0000
 EKCMT  =    112004.5616  VIRIAL  =    104141.5351  VOLUME     =   4331068.4376
                                                    Density    =         1.0096
 ------------------------------------------------------------------------------


 NSTEP = 22950000   TIME(PS) =  196475.000  TEMP(K) =   299.67  PRESS =    61.2
 Etot   =  -1018723.6839  EKtot   =    262933.1562  EPtot      =  -1281656.8401
 BOND   =     10385.3285  ANGLE   =     27820.1572  DIHED      =     32542.6234
 1-4 NB =     12450.1704  1-4 EEL =    135278.6688  VDWAALS    =    153879.4625
 EELEC  =  -1654013.2509  EHBOND  =         0.0000  RESTRAINT  =         0.0000
 EKCMT  =    111993.2738  VIRIAL  =    106272.3982  VOLUME     =   4329453.5838
                                                    Density    =         1.0100
 ------------------------------------------------------------------------------


 NSTEP = 23000000   TIME(PS) =  196575.000  TEMP(K) =   300.10  PRESS =    55.8
 Etot   =  -1017515.3794  EKtot   =    263304.9375  EPtot      =  -1280820.3169
 BOND   =     10472.4459  ANGLE   =     27996.7377  DIHED      =     32536.7191
 1-4 NB =     12356.3926  1-4 EEL =    135149.2071  VDWAALS    =    152815.2335
 EELEC  =  -1652147.0528  EHBOND  =         0.0000  RESTRAINT  =         0.0000
 EKCMT  =    112190.8791  VIRIAL  =    106966.4809  VOLUME     =   4334781.6076
                                                    Density    =         1.0088
 ------------------------------------------------------------------------------


 NSTEP = 23050000   TIME(PS) =  196675.000  TEMP(K) =   299.58  PRESS =     3.1
 Etot   =  -1019122.4399  EKtot   =    262847.7812  EPtot      =  -1281970.2212
 BOND   =     10468.6608  ANGLE   =     28091.7496  DIHED      =     32509.8525
 1-4 NB =     12341.9532  1-4 EEL =    134655.4243  VDWAALS    =    152887.9164
 EELEC  =  -1652925.7781  EHBOND  =         0.0000  RESTRAINT  =         0.0000
 EKCMT  =    111924.7383  VIRIAL  =    111630.6810  VOLUME     =   4331212.2490
                                                    Density    =         1.0096
 ------------------------------------------------------------------------------


 NSTEP = 23100000   TIME(PS) =  196775.000  TEMP(K) =   300.45  PRESS =   -57.7
 Etot   =  -1016460.2304  EKtot   =    263612.9375  EPtot      =  -1280073.1679
 BOND   =     10496.1616  ANGLE   =     28051.8761  DIHED      =     32588.7505
 1-4 NB =     12345.9197  1-4 EEL =    135100.6809  VDWAALS    =    151993.7631
 EELEC  =  -1650650.3198  EHBOND  =         0.0000  RESTRAINT  =         0.0000
 EKCMT  =    112238.1918  VIRIAL  =    117635.9330  VOLUME     =   4330060.4041
                                                    Density    =         1.0099
 ------------------------------------------------------------------------------


 NSTEP = 23150000   TIME(PS) =  196875.000  TEMP(K) =   300.00  PRESS =   -40.4
 Etot   =  -1017390.7690  EKtot   =    263217.7812  EPtot      =  -1280608.5502
 BOND   =     10368.9985  ANGLE   =     27983.1732  DIHED      =     32499.2098
 1-4 NB =     12423.3034  1-4 EEL =    134865.3415  VDWAALS    =    152792.0217
 EELEC  =  -1651540.5984  EHBOND  =         0.0000  RESTRAINT  =         0.0000
 EKCMT  =    112174.8686  VIRIAL  =    115954.2829  VOLUME     =   4330424.8476
                                                    Density    =         1.0098
 ------------------------------------------------------------------------------


 NSTEP = 23200000   TIME(PS) =  196975.000  TEMP(K) =   300.06  PRESS =    -1.9
 Etot   =  -1018345.1616  EKtot   =    263272.3125  EPtot      =  -1281617.4741
 BOND   =     10515.5937  ANGLE   =     28040.7101  DIHED      =     32577.8111
 1-4 NB =     12320.8624  1-4 EEL =    135041.2586  VDWAALS    =    152579.6812
 EELEC  =  -1652693.3912  EHBOND  =         0.0000  RESTRAINT  =         0.0000
 EKCMT  =    112265.3616  VIRIAL  =    112443.5235  VOLUME     =   4332161.2845
                                                    Density    =         1.0094
 ------------------------------------------------------------------------------


 NSTEP = 23250000   TIME(PS) =  197075.000  TEMP(K) =   300.21  PRESS =     7.3
 Etot   =  -1017768.3052  EKtot   =    263403.6875  EPtot      =  -1281171.9927
 BOND   =     10352.5790  ANGLE   =     27892.7111  DIHED      =     32467.5393
 1-4 NB =     12368.8909  1-4 EEL =    134921.3932  VDWAALS    =    151839.3948
 EELEC  =  -1651014.5010  EHBOND  =         0.0000  RESTRAINT  =         0.0000
 EKCMT  =    112299.2493  VIRIAL  =    111619.7577  VOLUME     =   4332419.6514
                                                    Density    =         1.0093
 ------------------------------------------------------------------------------


 NSTEP = 23300000   TIME(PS) =  197175.000  TEMP(K) =   299.33  PRESS =    16.1
 Etot   =  -1018282.0579  EKtot   =    262635.5000  EPtot      =  -1280917.5579
 BOND   =     10326.0080  ANGLE   =     27976.0161  DIHED      =     32551.3287
 1-4 NB =     12250.4963  1-4 EEL =    134907.0320  VDWAALS    =    152806.4987
 EELEC  =  -1651734.9376  EHBOND  =         0.0000  RESTRAINT  =         0.0000
 EKCMT  =    111625.6779  VIRIAL  =    110119.4254  VOLUME     =   4332243.6102
                                                    Density    =         1.0094
 ------------------------------------------------------------------------------


 NSTEP = 23350000   TIME(PS) =  197275.000  TEMP(K) =   299.34  PRESS =   -29.2
 Etot   =  -1018217.0185  EKtot   =    262644.9375  EPtot      =  -1280861.9560
 BOND   =     10417.6334  ANGLE   =     28078.3881  DIHED      =     32513.2252
 1-4 NB =     12369.3202  1-4 EEL =    135122.6749  VDWAALS    =    151309.0418
 EELEC  =  -1650672.2396  EHBOND  =         0.0000  RESTRAINT  =         0.0000
 EKCMT  =    112032.5233  VIRIAL  =    114767.4157  VOLUME     =   4332525.9875
                                                    Density    =         1.0093
 ------------------------------------------------------------------------------


 NSTEP = 23400000   TIME(PS) =  197375.000  TEMP(K) =   300.51  PRESS =    43.6
 Etot   =  -1016802.6119  EKtot   =    263667.6562  EPtot      =  -1280470.2682
 BOND   =     10412.1770  ANGLE   =     27899.2037  DIHED      =     32442.7664
 1-4 NB =     12327.5018  1-4 EEL =    135043.1032  VDWAALS    =    152869.2906
 EELEC  =  -1651464.3109  EHBOND  =         0.0000  RESTRAINT  =         0.0000
 EKCMT  =    112348.5359  VIRIAL  =    108276.8237  VOLUME     =   4328978.6963
                                                    Density    =         1.0101
 ------------------------------------------------------------------------------


 NSTEP = 23450000   TIME(PS) =  197475.000  TEMP(K) =   299.54  PRESS =   122.1
 Etot   =  -1017271.5531  EKtot   =    262817.9062  EPtot      =  -1280089.4594
 BOND   =     10431.5102  ANGLE   =     27815.0395  DIHED      =     32441.6366
 1-4 NB =     12475.4652  1-4 EEL =    134915.0731  VDWAALS    =    152532.4445
 EELEC  =  -1650700.6285  EHBOND  =         0.0000  RESTRAINT  =         0.0000
 EKCMT  =    111777.6004  VIRIAL  =    100361.3742  VOLUME     =   4330171.3259
                                                    Density    =         1.0098
 ------------------------------------------------------------------------------


 NSTEP = 23500000   TIME(PS) =  197575.000  TEMP(K) =   299.63  PRESS =    29.3
 Etot   =  -1017063.4187  EKtot   =    262895.1875  EPtot      =  -1279958.6062
 BOND   =     10458.4315  ANGLE   =     27946.8554  DIHED      =     32631.7847
 1-4 NB =     12401.6824  1-4 EEL =    134868.1836  VDWAALS    =    152819.0105
 EELEC  =  -1651084.5543  EHBOND  =         0.0000  RESTRAINT  =         0.0000
 EKCMT  =    112225.1780  VIRIAL  =    109482.7692  VOLUME     =   4333378.2556
                                                    Density    =         1.0091
 ------------------------------------------------------------------------------


 NSTEP = 23550000   TIME(PS) =  197675.000  TEMP(K) =   299.75  PRESS =    13.7
 Etot   =  -1017969.0636  EKtot   =    263002.9375  EPtot      =  -1280972.0011
 BOND   =     10520.1268  ANGLE   =     27932.7443  DIHED      =     32480.6528
 1-4 NB =     12356.4557  1-4 EEL =    135045.0347  VDWAALS    =    153106.8544
 EELEC  =  -1652413.8698  EHBOND  =         0.0000  RESTRAINT  =         0.0000
 EKCMT  =    112231.8204  VIRIAL  =    110952.6645  VOLUME     =   4331752.6175
                                                    Density    =         1.0095
 ------------------------------------------------------------------------------


 NSTEP = 23600000   TIME(PS) =  197775.000  TEMP(K) =   300.10  PRESS =    22.1
 Etot   =  -1017890.1558  EKtot   =    263306.4062  EPtot      =  -1281196.5620
 BOND   =     10509.7984  ANGLE   =     27909.0781  DIHED      =     32500.2471
 1-4 NB =     12283.1629  1-4 EEL =    134700.0435  VDWAALS    =    152775.8890
 EELEC  =  -1651874.7811  EHBOND  =         0.0000  RESTRAINT  =         0.0000
 EKCMT  =    112565.0646  VIRIAL  =    110493.8832  VOLUME     =   4332114.9396
                                                    Density    =         1.0094
 ------------------------------------------------------------------------------


 NSTEP = 23650000   TIME(PS) =  197875.000  TEMP(K) =   300.41  PRESS =    19.9
 Etot   =  -1016753.6979  EKtot   =    263579.9688  EPtot      =  -1280333.6667
 BOND   =     10470.2087  ANGLE   =     28070.3167  DIHED      =     32617.6861
 1-4 NB =     12376.7455  1-4 EEL =    134855.7730  VDWAALS    =    152443.6035
 EELEC  =  -1651168.0002  EHBOND  =         0.0000  RESTRAINT  =         0.0000
 EKCMT  =    112043.1627  VIRIAL  =    110185.5184  VOLUME     =   4332914.0048
                                                    Density    =         1.0092
 ------------------------------------------------------------------------------


 NSTEP = 23700000   TIME(PS) =  197975.000  TEMP(K) =   299.60  PRESS =   -72.8
 Etot   =  -1017823.9103  EKtot   =    262869.7500  EPtot      =  -1280693.6603
 BOND   =     10533.9997  ANGLE   =     27961.3748  DIHED      =     32534.2828
 1-4 NB =     12393.4833  1-4 EEL =    135228.2751  VDWAALS    =    152191.5043
 EELEC  =  -1651536.5804  EHBOND  =         0.0000  RESTRAINT  =         0.0000
 EKCMT  =    112023.9810  VIRIAL  =    118833.5397  VOLUME     =   4332087.7673
                                                    Density    =         1.0094
 ------------------------------------------------------------------------------


 NSTEP = 23750000   TIME(PS) =  198075.000  TEMP(K) =   300.11  PRESS =    70.2
 Etot   =  -1017735.5511  EKtot   =    263320.7188  EPtot      =  -1281056.2698
 BOND   =     10596.1193  ANGLE   =     27911.7745  DIHED      =     32524.9033
 1-4 NB =     12373.6742  1-4 EEL =    134938.3805  VDWAALS    =    153041.5812
 EELEC  =  -1652442.7029  EHBOND  =         0.0000  RESTRAINT  =         0.0000
 EKCMT  =    112360.5494  VIRIAL  =    105796.7853  VOLUME     =   4331049.1152
                                                    Density    =         1.0096
 ------------------------------------------------------------------------------


 NSTEP = 23800000   TIME(PS) =  198175.000  TEMP(K) =   300.36  PRESS =   -39.0
 Etot   =  -1017412.3850  EKtot   =    263532.0312  EPtot      =  -1280944.4163
 BOND   =     10440.8044  ANGLE   =     28022.0746  DIHED      =     32571.3510
 1-4 NB =     12332.9802  1-4 EEL =    135090.8859  VDWAALS    =    152267.8804
 EELEC  =  -1651670.3929  EHBOND  =         0.0000  RESTRAINT  =         0.0000
 EKCMT  =    112075.7976  VIRIAL  =    115727.3986  VOLUME     =   4331198.8447
                                                    Density    =         1.0096
 ------------------------------------------------------------------------------


 NSTEP = 23850000   TIME(PS) =  198275.000  TEMP(K) =   299.26  PRESS =    61.9
 Etot   =  -1018540.5020  EKtot   =    262568.2812  EPtot      =  -1281108.7833
 BOND   =     10553.6614  ANGLE   =     27905.5238  DIHED      =     32486.0409
 1-4 NB =     12403.4408  1-4 EEL =    135090.5170  VDWAALS    =    153301.7950
 EELEC  =  -1652849.7622  EHBOND  =         0.0000  RESTRAINT  =         0.0000
 EKCMT  =    111958.6056  VIRIAL  =    106170.3987  VOLUME     =   4330559.3985
                                                    Density    =         1.0097
 ------------------------------------------------------------------------------


 NSTEP = 23900000   TIME(PS) =  198375.000  TEMP(K) =   299.51  PRESS =    -4.4
 Etot   =  -1017601.6711  EKtot   =    262789.0625  EPtot      =  -1280390.7336
 BOND   =     10546.9417  ANGLE   =     28086.6526  DIHED      =     32407.8497
 1-4 NB =     12319.5477  1-4 EEL =    134961.4848  VDWAALS    =    151781.3865
 EELEC  =  -1650494.5967  EHBOND  =         0.0000  RESTRAINT  =         0.0000
 EKCMT  =    111557.5195  VIRIAL  =    111965.8368  VOLUME     =   4330806.7869
                                                    Density    =         1.0097
 ------------------------------------------------------------------------------


 NSTEP = 23950000   TIME(PS) =  198475.000  TEMP(K) =   300.64  PRESS =    -8.5
 Etot   =  -1017021.8354  EKtot   =    263780.7500  EPtot      =  -1280802.5854
 BOND   =     10536.4028  ANGLE   =     28045.0248  DIHED      =     32394.2803
 1-4 NB =     12376.2326  1-4 EEL =    134763.6849  VDWAALS    =    151793.6763
 EELEC  =  -1650711.8870  EHBOND  =         0.0000  RESTRAINT  =         0.0000
 EKCMT  =    112394.6563  VIRIAL  =    113185.2563  VOLUME     =   4331871.8214
                                                    Density    =         1.0094
 ------------------------------------------------------------------------------


 NSTEP = 24000000   TIME(PS) =  198575.000  TEMP(K) =   299.90  PRESS =   -63.7
 Etot   =  -1018282.3345  EKtot   =    263129.3438  EPtot      =  -1281411.6782
 BOND   =     10414.2646  ANGLE   =     27794.4717  DIHED      =     32521.4953
 1-4 NB =     12432.7754  1-4 EEL =    135092.5968  VDWAALS    =    152748.8643
 EELEC  =  -1652416.1462  EHBOND  =         0.0000  RESTRAINT  =         0.0000
 EKCMT  =    111938.2485  VIRIAL  =    117901.3695  VOLUME     =   4333936.6918
                                                    Density    =         1.0090
 ------------------------------------------------------------------------------


 NSTEP = 24050000   TIME(PS) =  198675.000  TEMP(K) =   300.20  PRESS =  -100.6
 Etot   =  -1017606.6557  EKtot   =    263399.0312  EPtot      =  -1281005.6870
 BOND   =     10517.0401  ANGLE   =     27966.6014  DIHED      =     32454.9470
 1-4 NB =     12459.1965  1-4 EEL =    135125.1384  VDWAALS    =    152600.6708
 EELEC  =  -1652129.2810  EHBOND  =         0.0000  RESTRAINT  =         0.0000
 EKCMT  =    112093.2834  VIRIAL  =    121509.8334  VOLUME     =   4335685.3610
                                                    Density    =         1.0086
 ------------------------------------------------------------------------------


 NSTEP = 24100000   TIME(PS) =  198775.000  TEMP(K) =   300.09  PRESS =  -134.4
 Etot   =  -1018172.5025  EKtot   =    263297.1875  EPtot      =  -1281469.6900
 BOND   =     10425.9202  ANGLE   =     27931.4115  DIHED      =     32608.8245
 1-4 NB =     12382.3843  1-4 EEL =    134934.0445  VDWAALS    =    151928.9027
 EELEC  =  -1651681.1775  EHBOND  =         0.0000  RESTRAINT  =         0.0000
 EKCMT  =    112122.9514  VIRIAL  =    124696.3787  VOLUME     =   4333659.6448
                                                    Density    =         1.0090
 ------------------------------------------------------------------------------


 NSTEP = 24150000   TIME(PS) =  198875.000  TEMP(K) =   299.55  PRESS =    52.3
 Etot   =  -1018478.8115  EKtot   =    262826.1250  EPtot      =  -1281304.9365
 BOND   =     10353.7878  ANGLE   =     27782.9337  DIHED      =     32415.5063
 1-4 NB =     12448.3883  1-4 EEL =    135371.4396  VDWAALS    =    153086.5765
 EELEC  =  -1652763.5687  EHBOND  =         0.0000  RESTRAINT  =         0.0000
 EKCMT  =    111907.2048  VIRIAL  =    107020.0941  VOLUME     =   4328405.4729
                                                    Density    =         1.0102
 ------------------------------------------------------------------------------


 NSTEP = 24200000   TIME(PS) =  198975.000  TEMP(K) =   299.46  PRESS =    -4.8
 Etot   =  -1017990.9757  EKtot   =    262747.1562  EPtot      =  -1280738.1320
 BOND   =     10455.8797  ANGLE   =     27990.6356  DIHED      =     32631.3611
 1-4 NB =     12350.5699  1-4 EEL =    135057.6985  VDWAALS    =    151900.1859
 EELEC  =  -1651124.4626  EHBOND  =         0.0000  RESTRAINT  =         0.0000
 EKCMT  =    112092.1362  VIRIAL  =    112542.9125  VOLUME     =   4331008.1759
                                                    Density    =         1.0096
 ------------------------------------------------------------------------------


 NSTEP = 24250000   TIME(PS) =  199075.000  TEMP(K) =   299.80  PRESS =    -1.3
 Etot   =  -1017521.8803  EKtot   =    263044.4375  EPtot      =  -1280566.3178
 BOND   =     10463.6678  ANGLE   =     28218.4511  DIHED      =     32430.6975
 1-4 NB =     12411.5845  1-4 EEL =    135020.5052  VDWAALS    =    152941.2983
 EELEC  =  -1652052.5222  EHBOND  =         0.0000  RESTRAINT  =         0.0000
 EKCMT  =    112196.8709  VIRIAL  =    112319.4602  VOLUME     =   4331052.4331
                                                    Density    =         1.0096
 ------------------------------------------------------------------------------


 NSTEP = 24300000   TIME(PS) =  199175.000  TEMP(K) =   299.37  PRESS =   -38.1
 Etot   =  -1018726.8689  EKtot   =    262668.0938  EPtot      =  -1281394.9627
 BOND   =     10602.5941  ANGLE   =     27922.9548  DIHED      =     32672.4937
 1-4 NB =     12392.6039  1-4 EEL =    134947.4514  VDWAALS    =    151840.1073
 EELEC  =  -1651773.1681  EHBOND  =         0.0000  RESTRAINT  =         0.0000
 EKCMT  =    111942.2174  VIRIAL  =    115502.4862  VOLUME     =   4331749.6716
                                                    Density    =         1.0095
 ------------------------------------------------------------------------------


 NSTEP = 24350000   TIME(PS) =  199275.000  TEMP(K) =   299.15  PRESS =   -44.6
 Etot   =  -1019203.4143  EKtot   =    262471.7188  EPtot      =  -1281675.1330
 BOND   =     10571.5047  ANGLE   =     27934.9283  DIHED      =     32591.9078
 1-4 NB =     12325.6235  1-4 EEL =    134933.4273  VDWAALS    =    152553.2298
 EELEC  =  -1652585.7545  EHBOND  =         0.0000  RESTRAINT  =         0.0000
 EKCMT  =    112013.8984  VIRIAL  =    116178.6777  VOLUME     =   4328560.5422
                                                    Density    =         1.0102
 ------------------------------------------------------------------------------


 NSTEP = 24400000   TIME(PS) =  199375.000  TEMP(K) =   299.98  PRESS =     1.9
 Etot   =  -1018075.0802  EKtot   =    263201.4062  EPtot      =  -1281276.4864
 BOND   =     10401.5846  ANGLE   =     27947.0543  DIHED      =     32574.3867
 1-4 NB =     12449.0056  1-4 EEL =    135036.6520  VDWAALS    =    152613.5676
 EELEC  =  -1652298.7372  EHBOND  =         0.0000  RESTRAINT  =         0.0000
 EKCMT  =    112405.4311  VIRIAL  =    112225.5435  VOLUME     =   4332212.9605
                                                    Density    =         1.0094
 ------------------------------------------------------------------------------


 NSTEP = 24450000   TIME(PS) =  199475.000  TEMP(K) =   299.88  PRESS =    15.0
 Etot   =  -1018158.7644  EKtot   =    263114.6562  EPtot      =  -1281273.4207
 BOND   =     10574.3718  ANGLE   =     27949.9769  DIHED      =     32552.0433
 1-4 NB =     12419.8786  1-4 EEL =    135080.7454  VDWAALS    =    153309.1890
 EELEC  =  -1653159.6257  EHBOND  =         0.0000  RESTRAINT  =         0.0000
 EKCMT  =    112103.1130  VIRIAL  =    110704.0127  VOLUME     =   4332177.2824
                                                    Density    =         1.0094
 ------------------------------------------------------------------------------


 NSTEP = 24500000   TIME(PS) =  199575.000  TEMP(K) =   300.54  PRESS =    -4.4
 Etot   =  -1017176.7874  EKtot   =    263692.8750  EPtot      =  -1280869.6624
 BOND   =     10377.6298  ANGLE   =     28199.1979  DIHED      =     32654.5447
 1-4 NB =     12372.0136  1-4 EEL =    135143.6352  VDWAALS    =    152201.1936
 EELEC  =  -1651817.8772  EHBOND  =         0.0000  RESTRAINT  =         0.0000
 EKCMT  =    112323.4037  VIRIAL  =    112731.0873  VOLUME     =   4332045.7635
                                                    Density    =         1.0094
 ------------------------------------------------------------------------------


 NSTEP = 24550000   TIME(PS) =  199675.000  TEMP(K) =   300.00  PRESS =    27.0
 Etot   =  -1017102.0640  EKtot   =    263222.6562  EPtot      =  -1280324.7202
 BOND   =     10446.7554  ANGLE   =     28018.5531  DIHED      =     32513.8166
 1-4 NB =     12452.0891  1-4 EEL =    135082.5340  VDWAALS    =    152757.6170
 EELEC  =  -1651596.0855  EHBOND  =         0.0000  RESTRAINT  =         0.0000
 EKCMT  =    112292.7614  VIRIAL  =    109768.8213  VOLUME     =   4336603.5793
                                                    Density    =         1.0083
 ------------------------------------------------------------------------------


 NSTEP = 24600000   TIME(PS) =  199775.000  TEMP(K) =   300.76  PRESS =    61.5
 Etot   =  -1016827.9196  EKtot   =    263884.0938  EPtot      =  -1280712.0133
 BOND   =     10375.7308  ANGLE   =     27807.4929  DIHED      =     32564.2588
 1-4 NB =     12486.9791  1-4 EEL =    135321.3299  VDWAALS    =    152741.2472
 EELEC  =  -1652009.0521  EHBOND  =         0.0000  RESTRAINT  =         0.0000
 EKCMT  =    112604.3094  VIRIAL  =    106847.7426  VOLUME     =   4333431.4611
                                                    Density    =         1.0091
 ------------------------------------------------------------------------------


 NSTEP = 24650000   TIME(PS) =  199875.000  TEMP(K) =   299.83  PRESS =   -26.5
 Etot   =  -1018013.6562  EKtot   =    263067.2812  EPtot      =  -1281080.9375
 BOND   =     10548.1969  ANGLE   =     28009.8886  DIHED      =     32382.5141
 1-4 NB =     12406.6357  1-4 EEL =    135066.7687  VDWAALS    =    152510.4321
 EELEC  =  -1652005.3736  EHBOND  =         0.0000  RESTRAINT  =         0.0000
 EKCMT  =    112322.4631  VIRIAL  =    114804.2446  VOLUME     =   4333577.5943
                                                    Density    =         1.0090
 ------------------------------------------------------------------------------


 NSTEP = 24700000   TIME(PS) =  199975.000  TEMP(K) =   299.96  PRESS =   -62.5
 Etot   =  -1017303.1920  EKtot   =    263183.9062  EPtot      =  -1280487.0983
 BOND   =     10379.0468  ANGLE   =     27767.1436  DIHED      =     32332.7381
 1-4 NB =     12424.1165  1-4 EEL =    135355.1505  VDWAALS    =    152721.7021
 EELEC  =  -1651466.9959  EHBOND  =         0.0000  RESTRAINT  =         0.0000
 EKCMT  =    112614.9905  VIRIAL  =    118461.2751  VOLUME     =   4334919.1524
                                                    Density    =         1.0087
 ------------------------------------------------------------------------------


 NSTEP = 24750000   TIME(PS) =  200075.000  TEMP(K) =   300.32  PRESS =    -6.1
 Etot   =  -1017176.0505  EKtot   =    263498.6562  EPtot      =  -1280674.7067
 BOND   =     10432.1293  ANGLE   =     28314.7961  DIHED      =     32556.5060
 1-4 NB =     12312.9492  1-4 EEL =    134885.5911  VDWAALS    =    151735.6422
 EELEC  =  -1650912.3206  EHBOND  =         0.0000  RESTRAINT  =         0.0000
 EKCMT  =    112350.9080  VIRIAL  =    112921.7783  VOLUME     =   4334595.5241
                                                    Density    =         1.0088
 ------------------------------------------------------------------------------


 NSTEP = 24800000   TIME(PS) =  200175.000  TEMP(K) =   299.76  PRESS =    19.9
 Etot   =  -1017993.8251  EKtot   =    263007.3125  EPtot      =  -1281001.1376
 BOND   =     10471.8930  ANGLE   =     27994.7440  DIHED      =     32555.5751
 1-4 NB =     12470.3573  1-4 EEL =    135105.2058  VDWAALS    =    152781.5143
 EELEC  =  -1652380.4270  EHBOND  =         0.0000  RESTRAINT  =         0.0000
 EKCMT  =    111933.8607  VIRIAL  =    110069.9193  VOLUME     =   4331589.5940
                                                    Density    =         1.0095
 ------------------------------------------------------------------------------


 NSTEP = 24850000   TIME(PS) =  200275.000  TEMP(K) =   299.26  PRESS =   -35.1
 Etot   =  -1018384.2191  EKtot   =    262574.3438  EPtot      =  -1280958.5628
 BOND   =     10512.1168  ANGLE   =     27917.0218  DIHED      =     32519.1042
 1-4 NB =     12393.9090  1-4 EEL =    135132.1956  VDWAALS    =    152919.8509
 EELEC  =  -1652352.7612  EHBOND  =         0.0000  RESTRAINT  =         0.0000
 EKCMT  =    111760.1291  VIRIAL  =    115044.1453  VOLUME     =   4334022.6402
                                                    Density    =         1.0089
 ------------------------------------------------------------------------------


 NSTEP = 24900000   TIME(PS) =  200375.000  TEMP(K) =   299.06  PRESS =    75.4
 Etot   =  -1018726.0705  EKtot   =    262394.7500  EPtot      =  -1281120.8205
 BOND   =     10384.9553  ANGLE   =     28212.7158  DIHED      =     32506.1750
 1-4 NB =     12390.8663  1-4 EEL =    135079.4724  VDWAALS    =    153005.6558
 EELEC  =  -1652700.6611  EHBOND  =         0.0000  RESTRAINT  =         0.0000
 EKCMT  =    111687.4581  VIRIAL  =    104637.5624  VOLUME     =   4331852.8735
                                                    Density    =         1.0094
 ------------------------------------------------------------------------------


 NSTEP = 24950000   TIME(PS) =  200475.000  TEMP(K) =   300.58  PRESS =   -95.3
 Etot   =  -1017125.6276  EKtot   =    263727.6875  EPtot      =  -1280853.3151
 BOND   =     10608.2291  ANGLE   =     28167.5871  DIHED      =     32398.7409
 1-4 NB =     12372.3771  1-4 EEL =    134972.0084  VDWAALS    =    152908.4840
 EELEC  =  -1652280.7417  EHBOND  =         0.0000  RESTRAINT  =         0.0000
 EKCMT  =    112503.5383  VIRIAL  =    121421.6111  VOLUME     =   4332923.1059
                                                    Density    =         1.0092
 ------------------------------------------------------------------------------


 NSTEP = 25000000   TIME(PS) =  200575.000  TEMP(K) =   300.07  PRESS =    71.4
 Etot   =  -1017400.2926  EKtot   =    263278.7188  EPtot      =  -1280679.0113
 BOND   =     10346.6346  ANGLE   =     27955.4812  DIHED      =     32589.2389
 1-4 NB =     12381.5574  1-4 EEL =    135102.4155  VDWAALS    =    152752.9628
 EELEC  =  -1651807.3018  EHBOND  =         0.0000  RESTRAINT  =         0.0000
 EKCMT  =    112227.6128  VIRIAL  =    105552.3734  VOLUME     =   4331186.5424
                                                    Density    =         1.0096
 ------------------------------------------------------------------------------


      A V E R A G E S   O V E R     500 S T E P S


 NSTEP = 25000000   TIME(PS) =  200575.000  TEMP(K) =   299.98  PRESS =     0.3
 Etot   =  -1017652.4669  EKtot   =    263206.4869  EPtot      =  -1280858.9538
 BOND   =     10476.8537  ANGLE   =     27921.1727  DIHED      =     32565.8731
 1-4 NB =     12383.2954  1-4 EEL =    135059.2317  VDWAALS    =    152629.1440
 EELEC  =  -1651894.5243  EHBOND  =         0.0000  RESTRAINT  =         0.0000
 EKCMT  =    112127.1494  VIRIAL  =    112096.1098  VOLUME     =   4332864.5702
                                                    Density    =         1.0092
 ------------------------------------------------------------------------------


      R M S  F L U C T U A T I O N S


 NSTEP = 25000000   TIME(PS) =  200575.000  TEMP(K) =     0.43  PRESS =    46.7
 Etot   =       697.1221  EKtot   =       381.2362  EPtot      =       564.5656
 BOND   =        80.5166  ANGLE   =       129.8957  DIHED      =        81.2519
 1-4 NB =        47.3420  1-4 EEL =       161.3425  VDWAALS    =       514.0123
 EELEC  =       860.7338  EHBOND  =         0.0000  RESTRAINT  =         0.0000
 EKCMT  =       252.7951  VIRIAL  =      4370.3103  VOLUME     =      1674.4894
                                                    Density    =         0.0004
 ------------------------------------------------------------------------------

--------------------------------------------------------------------------------
   5.  TIMINGS
--------------------------------------------------------------------------------

|  NonSetup CPU Time in Major Routines:
|
|     Routine           Sec        %
|     ------------------------------
|     Nonbond      189141.42   73.52
|     Bond              0.00    0.00
|     Angle             0.00    0.00
|     Dihedral          0.00    0.00
|     Shake           180.06    0.07
|     RunMD         67913.99   26.40
|     Other            47.25    0.02
|     ------------------------------
|     Total        257282.73

|  PME Nonbond Pairlist CPU Time:
|
|     Routine              Sec        %
|     ---------------------------------
|     Set Up Cit           0.00    0.00
|     Build List           0.00    0.00
|     ---------------------------------
|     Total                0.00    0.00

|  PME Direct Force CPU Time:
|
|     Routine              Sec        %
|     ---------------------------------
|     NonBonded Calc       0.00    0.00
|     Exclude Masked       0.00    0.00
|     Other               26.31    0.01
|     ---------------------------------
|     Total               26.31    0.01

|  PME Reciprocal Force CPU Time:
|
|     Routine              Sec        %
|     ---------------------------------
|     1D bspline           0.00    0.00
|     Grid Charges         0.00    0.00
|     Scalar Sum           0.00    0.00
|     Gradient Sum         0.00    0.00
|     FFT                  0.00    0.00
|     ---------------------------------
|     Total                0.00    0.00

|  Final Performance Info:
|     -----------------------------------------------------
|     Average timings for last       1 steps:
|     Elapsed(s) =       0.00 Per Step(ms) =       0.18
|         ns/day =     955.18   seconds/ns =      90.45
|
|     Average timings for all steps:
|     Elapsed(s) =  257386.57 Per Step(ms) =      10.30
|         ns/day =      16.78   seconds/ns =    5147.73
|     -----------------------------------------------------

|  Setup CPU time:            2.89 seconds
|  NonSetup CPU time:    257282.73 seconds
|  Total CPU time:       257285.62 seconds    71.47 hours

|  Setup wall time:           3    seconds
|  NonSetup wall time:   257387    seconds
|  Total wall time:      257390    seconds    71.50 hours
