
          -------------------------------------------------------
          Amber 22 PMEMD                              2022
          -------------------------------------------------------

| PMEMD implementation of SANDER, Release 22

|  Compiled date/time: Thu Apr 14 23:06:37 2022
| Run on 03/26/2025 at 09:11:26

|   Executable path: /usr/local/amber22/bin/pmemd.cuda
| Working directory: /home/zuh/Working/nizakat/FMDV-VLP/FMDV/prod
|          Hostname: Unknown
  [-O]verwriting output

File Assignments:
|   MDIN: prod.in                                                               
|  MDOUT: prod3.out                                                             
| INPCRD: prod2.rst                                                             
|   PARM: comp_solvated.prmtop                                                  
| RESTRT: prod3.rst                                                             
|   REFC: refc                                                                  
|  MDVEL: mdvel                                                                 
|   MDEN: mden                                                                  
|  MDCRD: prod3.mdcrd                                                           
| MDINFO: mdinfo                                                                
|  MDFRC: mdfrc                                                                 


 Here is the input file:

heat ras-raf                                                                   
 &cntrl                                                                        
  imin=0,irest=1,ntx=5,                                                        
  nstlim=25000000,dt=0.002,                                                    
  ntc=2,ntf=2,                                                                 
  cut=8.0, ntb=2, ntp=1, taup=2.0,                                             
  ntpr=50000, ntwx=50000,                                                      
  ntt=3, gamma_ln=2.0,                                                         
  temp0=300.0, ig=-1,                                                          
 /                                                                             
                                                                               


Note: ig = -1. Setting random seed to   504581 based on wallclock time in 
      microseconds.
| irandom = 1, using AMBER's internal random number generator (default).
 
|--------------------- INFORMATION ----------------------
| GPU (CUDA) Version of PMEMD in use: NVIDIA GPU IN USE.
|                    Version 18.0.0
| 
|                      03/25/2018
| 
| Implementation by:
|                    Ross C. Walker     (SDSC)
|                    Scott Le Grand     (nVIDIA)
| 
| Version 18 performance extensions by:
|                    David Cerutti     (Rutgers)
| 
| Precision model in use:
|      [SPFP] - Single Precision Forces, 64-bit Fixed Point
|               Accumulation. (Default)
| 
|--------------------------------------------------------
 
|----------------- CITATION INFORMATION -----------------
|
|    When publishing work that utilized the CUDA version
|    of AMBER, please cite the following in addition to
|    the regular AMBER citations:
|
|  - Romelia Salomon-Ferrer; Andreas W. Goetz; Duncan
|    Poole; Scott Le Grand; Ross C. Walker "Routine
|    microsecond molecular dynamics simulations with
|    AMBER - Part II: Particle Mesh Ewald", J. Chem.
|    Theory Comput., 2013, 9 (9), pp3878-3888,
|    DOI: 10.1021/ct400314y.
|
|  - Andreas W. Goetz; Mark J. Williamson; Dong Xu;
|    Duncan Poole; Scott Le Grand; Ross C. Walker
|    "Routine microsecond molecular dynamics simulations
|    with AMBER - Part I: Generalized Born", J. Chem.
|    Theory Comput., 2012, 8 (5), pp1542-1555.
|
|  - Scott Le Grand; Andreas W. Goetz; Ross C. Walker
|    "SPFP: Speed without compromise - a mixed precision
|    model for GPU accelerated molecular dynamics
|    simulations.", Comp. Phys. Comm., 2013, 184
|    pp374-380, DOI: 10.1016/j.cpc.2012.09.022
|
|--------------------------------------------------------
 
|------------------- GPU DEVICE INFO --------------------
|
|            CUDA_VISIBLE_DEVICES: not set
|   CUDA Capable Devices Detected:      1
|           CUDA Device ID in use:      0
|                CUDA Device Name: NVIDIA GeForce RTX 3060
|     CUDA Device Global Mem Size:  12036 MB
| CUDA Device Num Multiprocessors:     28
|           CUDA Device Core Freq:   1.81 GHz
|
|--------------------------------------------------------
 
 
| Conditional Compilation Defines Used:
| PUBFFT
| BINTRAJ
| CUDA
| EMIL

| Largest sphere to fit in unit cell has radius =    66.769

| New format PARM file being parsed.
| Version =    1.000 Date = 03/19/25 Time = 11:55:27

| Note: 1-4 EEL scale factors are being read from the topology file.

| Note: 1-4 VDW scale factors are being read from the topology file.
| Duplicated    0 dihedrals

| Duplicated    0 dihedrals

--------------------------------------------------------------------------------
   1.  RESOURCE   USE: 
--------------------------------------------------------------------------------

 getting box info from netcdf restart file
 NATOM  =  428063 NTYPES =      16 NBONH =  401133 MBONA  =   27565
 NTHETH =   59490 MTHETA =   37620 NPHIH =  118745 MPHIA  =   73110
 NHPARM =       0 NPARM  =       0 NNB   =  793424 NRES   =  128436
 NBONA  =   27565 NTHETA =   37620 NPHIA =   73110 NUMBND =      43
 NUMANG =      89 NPTRA  =      39 NATYP =      31 NPHB   =       0
 IFBOX  =       1 NMXRS  =      24 IFCAP =       0 NEXTRA =       0
 NCOPY  =       0

| Coordinate Index Table dimensions:    42   37   29
| Direct force subcell size =     4.5593    4.5806    4.6048

     BOX TYPE: RECTILINEAR

--------------------------------------------------------------------------------
   2.  CONTROL  DATA  FOR  THE  RUN
--------------------------------------------------------------------------------

default_name                                                                    

General flags:
     imin    =       0, nmropt  =       0

Nature and format of input:
     ntx     =       5, irest   =       1, ntrx    =       1

Nature and format of output:
     ntxo    =       2, ntpr    =   50000, ntrx    =       1, ntwr    =25000000
     iwrap   =       0, ntwx    =   50000, ntwv    =       0, ntwe    =       0
     ioutfm  =       1, ntwprt  =       0, idecomp =       0, rbornstat=      0

Potential function:
     ntf     =       2, ntb     =       2, igb     =       0, nsnb    =      25
     ipol    =       0, gbsa    =       0, iesp    =       0
     dielc   =   1.00000, cut     =   8.00000, intdiel =   1.00000

Frozen or restrained atoms:
     ibelly  =       0, ntr     =       0

Molecular dynamics:
     nstlim  =  25000000, nscm    =      1000, nrespa  =         1
     t       =   0.00000, dt      =   0.00200, vlimit  =  -1.00000

Langevin dynamics temperature regulation:
     ig      =  504581
     temp0   = 300.00000, tempi   =   0.00000, gamma_ln=   2.00000

Pressure regulation:
     ntp     =       1
     pres0   =   1.00000, comp    =  44.60000, taup    =   2.00000

SHAKE:
     ntc     =       2, jfastw  =       0
     tol     =   0.00001

| Intermolecular bonds treatment:
|     no_intermolecular_bonds =       1

| Energy averages sample interval:
|     ene_avg_sampling =   50000

Ewald parameters:
     verbose =       0, ew_type =       0, nbflag  =       1, use_pme =       1
     vdwmeth =       1, eedmeth =       1, netfrc  =       1
     Box X =  191.490   Box Y =  169.481   Box Z =  133.539
     Alpha =   90.000   Beta  =   90.000   Gamma =   90.000
     NFFT1 =  192       NFFT2 =  180       NFFT3 =  128
     Cutoff=    8.000   Tol   =0.100E-04
     Ewald Coefficient =  0.34864
     Interpolation order =    4

--------------------------------------------------------------------------------
   3.  ATOMIC COORDINATES AND VELOCITIES
--------------------------------------------------------------------------------

default_name                                                                    
 begin time read from input coords =100575.000 ps

 
 Number of triangulated 3-point waters found:   124946

     Sum of charges from parm topology file =  -0.00000163
     Forcing neutrality...

| Dynamic Memory, Types Used:
| Reals            16580047
| Integers         18005616

| Nonbonded Pairs Initial Allocation:    71497222

| GPU memory information (estimate):
| KB of GPU memory in use:   1430397
| KB of CPU memory in use:    609255

--------------------------------------------------------------------------------
   4.  RESULTS
--------------------------------------------------------------------------------


 NSTEP =    50000   TIME(PS) =  100675.000  TEMP(K) =   300.23  PRESS =    36.0
 Etot   =  -1017292.3509  EKtot   =    263420.7188  EPtot      =  -1280713.0697
 BOND   =     10380.7349  ANGLE   =     27958.1060  DIHED      =     32698.2457
 1-4 NB =     12358.9236  1-4 EEL =    135106.4408  VDWAALS    =    152524.8175
 EELEC  =  -1651740.3383  EHBOND  =         0.0000  RESTRAINT  =         0.0000
 EKCMT  =    112667.9077  VIRIAL  =    109294.7962  VOLUME     =   4335520.1822
                                                    Density    =         1.0086
 ------------------------------------------------------------------------------


 NSTEP =   100000   TIME(PS) =  100775.000  TEMP(K) =   300.50  PRESS =     7.0
 Etot   =  -1017312.5837  EKtot   =    263662.7500  EPtot      =  -1280975.3337
 BOND   =     10538.2170  ANGLE   =     28179.2904  DIHED      =     32729.4473
 1-4 NB =     12379.4854  1-4 EEL =    135022.9833  VDWAALS    =    153560.9730
 EELEC  =  -1653385.7301  EHBOND  =         0.0000  RESTRAINT  =         0.0000
 EKCMT  =    112519.0400  VIRIAL  =    111867.0504  VOLUME     =   4333121.6527
                                                    Density    =         1.0092
 ------------------------------------------------------------------------------


 NSTEP =   150000   TIME(PS) =  100875.000  TEMP(K) =   299.30  PRESS =    83.9
 Etot   =  -1018493.5319  EKtot   =    262607.4375  EPtot      =  -1281100.9694
 BOND   =     10314.0038  ANGLE   =     27927.8034  DIHED      =     32606.7822
 1-4 NB =     12449.2667  1-4 EEL =    135171.9634  VDWAALS    =    153450.4996
 EELEC  =  -1653021.2884  EHBOND  =         0.0000  RESTRAINT  =         0.0000
 EKCMT  =    111903.0570  VIRIAL  =    104048.8741  VOLUME     =   4335456.3473
                                                    Density    =         1.0086
 ------------------------------------------------------------------------------


 NSTEP =   200000   TIME(PS) =  100975.000  TEMP(K) =   300.56  PRESS =    -3.8
 Etot   =  -1017530.1938  EKtot   =    263712.9375  EPtot      =  -1281243.1313
 BOND   =     10433.4790  ANGLE   =     27947.3609  DIHED      =     32649.0318
 1-4 NB =     12398.4921  1-4 EEL =    135229.2482  VDWAALS    =    152579.8166
 EELEC  =  -1652480.5599  EHBOND  =         0.0000  RESTRAINT  =         0.0000
 EKCMT  =    112619.3111  VIRIAL  =    112978.4782  VOLUME     =   4330846.5954
                                                    Density    =         1.0097
 ------------------------------------------------------------------------------


 NSTEP =   250000   TIME(PS) =  101075.000  TEMP(K) =   300.13  PRESS =   -15.1
 Etot   =  -1016331.0240  EKtot   =    263331.7812  EPtot      =  -1279662.8052
 BOND   =     10577.2434  ANGLE   =     27942.8058  DIHED      =     32803.9321
 1-4 NB =     12342.7106  1-4 EEL =    135050.5364  VDWAALS    =    152970.4747
 EELEC  =  -1651350.5082  EHBOND  =         0.0000  RESTRAINT  =         0.0000
 EKCMT  =    112568.1201  VIRIAL  =    113977.7263  VOLUME     =   4336188.5149
                                                    Density    =         1.0084
 ------------------------------------------------------------------------------


 NSTEP =   300000   TIME(PS) =  101175.000  TEMP(K) =   300.58  PRESS =    34.2
 Etot   =  -1017565.4071  EKtot   =    263726.0625  EPtot      =  -1281291.4696
 BOND   =     10448.5485  ANGLE   =     27660.2251  DIHED      =     32710.6632
 1-4 NB =     12358.3477  1-4 EEL =    135425.9553  VDWAALS    =    152992.5898
 EELEC  =  -1652887.7993  EHBOND  =         0.0000  RESTRAINT  =         0.0000
 EKCMT  =    112072.0947  VIRIAL  =    108874.2294  VOLUME     =   4333221.7546
                                                    Density    =         1.0091
 ------------------------------------------------------------------------------


 NSTEP =   350000   TIME(PS) =  101275.000  TEMP(K) =   300.26  PRESS =   -75.2
 Etot   =  -1017422.4583  EKtot   =    263444.7500  EPtot      =  -1280867.2083
 BOND   =     10462.0418  ANGLE   =     27699.1017  DIHED      =     32710.6407
 1-4 NB =     12387.0424  1-4 EEL =    135121.4521  VDWAALS    =    152241.1121
 EELEC  =  -1651488.5989  EHBOND  =         0.0000  RESTRAINT  =         0.0000
 EKCMT  =    112063.2366  VIRIAL  =    119100.2527  VOLUME     =   4335587.7783
                                                    Density    =         1.0086
 ------------------------------------------------------------------------------


 NSTEP =   400000   TIME(PS) =  101375.000  TEMP(K) =   300.25  PRESS =   -20.8
 Etot   =  -1017921.2426  EKtot   =    263440.9375  EPtot      =  -1281362.1801
 BOND   =     10332.0154  ANGLE   =     27826.2815  DIHED      =     32790.2446
 1-4 NB =     12394.8329  1-4 EEL =    135198.8918  VDWAALS    =    152610.3503
 EELEC  =  -1652514.7966  EHBOND  =         0.0000  RESTRAINT  =         0.0000
 EKCMT  =    112152.3476  VIRIAL  =    114098.4052  VOLUME     =   4329002.3661
                                                    Density    =         1.0101
 ------------------------------------------------------------------------------


 NSTEP =   450000   TIME(PS) =  101475.000  TEMP(K) =   299.98  PRESS =   -20.5
 Etot   =  -1017682.3081  EKtot   =    263206.0938  EPtot      =  -1280888.4018
 BOND   =     10415.4535  ANGLE   =     27686.5530  DIHED      =     32620.8655
 1-4 NB =     12356.1666  1-4 EEL =    135296.4795  VDWAALS    =    153016.0354
 EELEC  =  -1652279.9554  EHBOND  =         0.0000  RESTRAINT  =         0.0000
 EKCMT  =    112110.3874  VIRIAL  =    114029.0460  VOLUME     =   4335914.0686
                                                    Density    =         1.0085
 ------------------------------------------------------------------------------


 NSTEP =   500000   TIME(PS) =  101575.000  TEMP(K) =   299.85  PRESS =   -22.1
 Etot   =  -1017615.0622  EKtot   =    263087.3750  EPtot      =  -1280702.4372
 BOND   =     10551.4869  ANGLE   =     27833.2070  DIHED      =     32736.9252
 1-4 NB =     12374.7572  1-4 EEL =    135058.3550  VDWAALS    =    151250.2911
 EELEC  =  -1650507.4596  EHBOND  =         0.0000  RESTRAINT  =         0.0000
 EKCMT  =    111690.3751  VIRIAL  =    113758.7822  VOLUME     =   4333813.1427
                                                    Density    =         1.0090
 ------------------------------------------------------------------------------


 NSTEP =   550000   TIME(PS) =  101675.000  TEMP(K) =   300.35  PRESS =    -8.8
 Etot   =  -1016843.2220  EKtot   =    263526.5312  EPtot      =  -1280369.7532
 BOND   =     10502.2639  ANGLE   =     27929.5259  DIHED      =     32811.5948
 1-4 NB =     12387.2234  1-4 EEL =    135276.4167  VDWAALS    =    152017.3241
 EELEC  =  -1651294.1021  EHBOND  =         0.0000  RESTRAINT  =         0.0000
 EKCMT  =    112184.3890  VIRIAL  =    113004.9592  VOLUME     =   4332164.9074
                                                    Density    =         1.0094
 ------------------------------------------------------------------------------


 NSTEP =   600000   TIME(PS) =  101775.000  TEMP(K) =   299.81  PRESS =   -32.5
 Etot   =  -1018639.2853  EKtot   =    263052.9062  EPtot      =  -1281692.1915
 BOND   =     10426.2667  ANGLE   =     27923.0055  DIHED      =     32614.8850
 1-4 NB =     12400.6623  1-4 EEL =    135352.8610  VDWAALS    =    152701.9643
 EELEC  =  -1653111.8362  EHBOND  =         0.0000  RESTRAINT  =         0.0000
 EKCMT  =    112203.1734  VIRIAL  =    115240.7208  VOLUME     =   4330639.6392
                                                    Density    =         1.0097
 ------------------------------------------------------------------------------


 NSTEP =   650000   TIME(PS) =  101875.000  TEMP(K) =   299.72  PRESS =    62.5
 Etot   =  -1019443.5760  EKtot   =    262977.7188  EPtot      =  -1282421.2947
 BOND   =     10470.1914  ANGLE   =     27857.9643  DIHED      =     32738.5079
 1-4 NB =     12402.7205  1-4 EEL =    135275.9809  VDWAALS    =    153675.6822
 EELEC  =  -1654842.3418  EHBOND  =         0.0000  RESTRAINT  =         0.0000
 EKCMT  =    111628.4747  VIRIAL  =    105777.2757  VOLUME     =   4333148.2892
                                                    Density    =         1.0091
 ------------------------------------------------------------------------------


 NSTEP =   700000   TIME(PS) =  101975.000  TEMP(K) =   299.98  PRESS =   -81.2
 Etot   =  -1017646.6779  EKtot   =    263199.5625  EPtot      =  -1280846.2404
 BOND   =     10355.7132  ANGLE   =     27972.9450  DIHED      =     32707.8426
 1-4 NB =     12357.3248  1-4 EEL =    135253.7906  VDWAALS    =    152247.1473
 EELEC  =  -1651741.0039  EHBOND  =         0.0000  RESTRAINT  =         0.0000
 EKCMT  =    111838.6069  VIRIAL  =    119433.1047  VOLUME     =   4329507.0772
                                                    Density    =         1.0100
 ------------------------------------------------------------------------------


 NSTEP =   750000   TIME(PS) =  102075.000  TEMP(K) =   299.86  PRESS =   -48.9
 Etot   =  -1018528.8563  EKtot   =    263100.3125  EPtot      =  -1281629.1688
 BOND   =     10526.9263  ANGLE   =     27896.5927  DIHED      =     32721.8190
 1-4 NB =     12381.7664  1-4 EEL =    135095.6654  VDWAALS    =    152609.1591
 EELEC  =  -1652861.0977  EHBOND  =         0.0000  RESTRAINT  =         0.0000
 EKCMT  =    111994.9736  VIRIAL  =    116568.1318  VOLUME     =   4331760.1211
                                                    Density    =         1.0095
 ------------------------------------------------------------------------------


 NSTEP =   800000   TIME(PS) =  102175.000  TEMP(K) =   299.79  PRESS =    13.8
 Etot   =  -1018373.0537  EKtot   =    263032.0312  EPtot      =  -1281405.0850
 BOND   =     10549.6506  ANGLE   =     27756.7037  DIHED      =     32886.0697
 1-4 NB =     12285.1856  1-4 EEL =    135260.6800  VDWAALS    =    152154.3114
 EELEC  =  -1652297.6859  EHBOND  =         0.0000  RESTRAINT  =         0.0000
 EKCMT  =    111747.0688  VIRIAL  =    110461.0918  VOLUME     =   4330444.3921
                                                    Density    =         1.0098
 ------------------------------------------------------------------------------


 NSTEP =   850000   TIME(PS) =  102275.000  TEMP(K) =   300.54  PRESS =    19.3
 Etot   =  -1015994.9614  EKtot   =    263693.8438  EPtot      =  -1279688.8051
 BOND   =     10471.0943  ANGLE   =     28013.3535  DIHED      =     32712.2259
 1-4 NB =     12351.3100  1-4 EEL =    134989.3853  VDWAALS    =    151974.9024
 EELEC  =  -1650201.0765  EHBOND  =         0.0000  RESTRAINT  =         0.0000
 EKCMT  =    111924.6760  VIRIAL  =    110122.6111  VOLUME     =   4335047.4517
                                                    Density    =         1.0087
 ------------------------------------------------------------------------------


 NSTEP =   900000   TIME(PS) =  102375.000  TEMP(K) =   299.31  PRESS =   -16.1
 Etot   =  -1018084.6769  EKtot   =    262615.4688  EPtot      =  -1280700.1457
 BOND   =     10586.2324  ANGLE   =     28094.2514  DIHED      =     32705.0779
 1-4 NB =     12361.6958  1-4 EEL =    135080.8581  VDWAALS    =    152674.8236
 EELEC  =  -1652203.0850  EHBOND  =         0.0000  RESTRAINT  =         0.0000
 EKCMT  =    111709.9208  VIRIAL  =    113216.3412  VOLUME     =   4334633.5894
                                                    Density    =         1.0088
 ------------------------------------------------------------------------------


 NSTEP =   950000   TIME(PS) =  102475.000  TEMP(K) =   299.43  PRESS =   -64.8
 Etot   =  -1017640.4778  EKtot   =    262716.5938  EPtot      =  -1280357.0716
 BOND   =     10639.3303  ANGLE   =     27891.9684  DIHED      =     32787.3195
 1-4 NB =     12318.0329  1-4 EEL =    135058.3328  VDWAALS    =    152829.8253
 EELEC  =  -1651881.8808  EHBOND  =         0.0000  RESTRAINT  =         0.0000
 EKCMT  =    111949.8607  VIRIAL  =    118014.4160  VOLUME     =   4332825.4359
                                                    Density    =         1.0092
 ------------------------------------------------------------------------------


 NSTEP =  1000000   TIME(PS) =  102575.000  TEMP(K) =   299.96  PRESS =    54.6
 Etot   =  -1017747.8001  EKtot   =    263183.1250  EPtot      =  -1280930.9251
 BOND   =     10370.2827  ANGLE   =     27976.1585  DIHED      =     32646.9776
 1-4 NB =     12357.3349  1-4 EEL =    135026.6679  VDWAALS    =    152582.8773
 EELEC  =  -1651891.2240  EHBOND  =         0.0000  RESTRAINT  =         0.0000
 EKCMT  =    112218.6302  VIRIAL  =    107108.7760  VOLUME     =   4332261.1757
                                                    Density    =         1.0094
 ------------------------------------------------------------------------------


 NSTEP =  1050000   TIME(PS) =  102675.000  TEMP(K) =   299.44  PRESS =    87.1
 Etot   =  -1017955.4174  EKtot   =    262731.5000  EPtot      =  -1280686.9174
 BOND   =     10408.1203  ANGLE   =     27781.4866  DIHED      =     32691.9331
 1-4 NB =     12347.1361  1-4 EEL =    135508.8212  VDWAALS    =    153572.0459
 EELEC  =  -1652996.4605  EHBOND  =         0.0000  RESTRAINT  =         0.0000
 EKCMT  =    111828.2901  VIRIAL  =    103674.5216  VOLUME     =   4336576.6469
                                                    Density    =         1.0083
 ------------------------------------------------------------------------------


 NSTEP =  1100000   TIME(PS) =  102775.000  TEMP(K) =   300.47  PRESS =    55.5
 Etot   =  -1016371.3980  EKtot   =    263629.4688  EPtot      =  -1280000.8668
 BOND   =     10404.7435  ANGLE   =     28062.8486  DIHED      =     32742.7803
 1-4 NB =     12443.8335  1-4 EEL =    135059.2984  VDWAALS    =    153230.6863
 EELEC  =  -1651945.0574  EHBOND  =         0.0000  RESTRAINT  =         0.0000
 EKCMT  =    112472.5160  VIRIAL  =    107282.0979  VOLUME     =   4330268.4795
                                                    Density    =         1.0098
 ------------------------------------------------------------------------------


 NSTEP =  1150000   TIME(PS) =  102875.000  TEMP(K) =   300.86  PRESS =   -38.1
 Etot   =  -1017092.5624  EKtot   =    263977.8750  EPtot      =  -1281070.4374
 BOND   =     10438.6814  ANGLE   =     28035.1078  DIHED      =     32687.5427
 1-4 NB =     12439.2621  1-4 EEL =    135103.8842  VDWAALS    =    152354.7799
 EELEC  =  -1652129.6954  EHBOND  =         0.0000  RESTRAINT  =         0.0000
 EKCMT  =    112276.6558  VIRIAL  =    115837.8399  VOLUME     =   4334052.3517
                                                    Density    =         1.0089
 ------------------------------------------------------------------------------


 NSTEP =  1200000   TIME(PS) =  102975.000  TEMP(K) =   300.13  PRESS =     7.3
 Etot   =  -1016436.4869  EKtot   =    263338.0000  EPtot      =  -1279774.4869
 BOND   =     10448.5350  ANGLE   =     27923.8863  DIHED      =     32678.4167
 1-4 NB =     12459.7441  1-4 EEL =    135568.6754  VDWAALS    =    152805.8437
 EELEC  =  -1651659.5882  EHBOND  =         0.0000  RESTRAINT  =         0.0000
 EKCMT  =    112079.9096  VIRIAL  =    111399.0557  VOLUME     =   4333560.6113
                                                    Density    =         1.0090
 ------------------------------------------------------------------------------


 NSTEP =  1250000   TIME(PS) =  103075.000  TEMP(K) =   300.38  PRESS =    -6.2
 Etot   =  -1017501.1534  EKtot   =    263554.4375  EPtot      =  -1281055.5909
 BOND   =     10411.1568  ANGLE   =     27726.9036  DIHED      =     32845.3121
 1-4 NB =     12343.5826  1-4 EEL =    135041.4069  VDWAALS    =    153235.4636
 EELEC  =  -1652659.4164  EHBOND  =         0.0000  RESTRAINT  =         0.0000
 EKCMT  =    112113.0100  VIRIAL  =    112697.6581  VOLUME     =   4333635.7673
                                                    Density    =         1.0090
 ------------------------------------------------------------------------------


 NSTEP =  1300000   TIME(PS) =  103175.000  TEMP(K) =   299.59  PRESS =    15.9
 Etot   =  -1017737.2052  EKtot   =    262857.4375  EPtot      =  -1280594.6427
 BOND   =     10529.3492  ANGLE   =     27820.3479  DIHED      =     32889.3774
 1-4 NB =     12423.8477  1-4 EEL =    135265.2765  VDWAALS    =    152656.4365
 EELEC  =  -1652179.2778  EHBOND  =         0.0000  RESTRAINT  =         0.0000
 EKCMT  =    112043.9881  VIRIAL  =    110552.3821  VOLUME     =   4335049.1444
                                                    Density    =         1.0087
 ------------------------------------------------------------------------------


 NSTEP =  1350000   TIME(PS) =  103275.000  TEMP(K) =   299.42  PRESS =    -9.1
 Etot   =  -1018295.5900  EKtot   =    262715.4375  EPtot      =  -1281011.0275
 BOND   =     10648.4234  ANGLE   =     27771.6538  DIHED      =     32847.2570
 1-4 NB =     12370.5643  1-4 EEL =    135058.9720  VDWAALS    =    153170.0538
 EELEC  =  -1652877.9518  EHBOND  =         0.0000  RESTRAINT  =         0.0000
 EKCMT  =    111951.6734  VIRIAL  =    112805.2176  VOLUME     =   4335830.1722
                                                    Density    =         1.0085
 ------------------------------------------------------------------------------


 NSTEP =  1400000   TIME(PS) =  103375.000  TEMP(K) =   300.05  PRESS =   -42.6
 Etot   =  -1016872.7692  EKtot   =    263261.5312  EPtot      =  -1280134.3005
 BOND   =     10484.6445  ANGLE   =     27913.5372  DIHED      =     32806.9207
 1-4 NB =     12413.3696  1-4 EEL =    134946.6091  VDWAALS    =    151784.0931
 EELEC  =  -1650483.4747  EHBOND  =         0.0000  RESTRAINT  =         0.0000
 EKCMT  =    111932.6088  VIRIAL  =    115921.4196  VOLUME     =   4333265.6107
                                                    Density    =         1.0091
 ------------------------------------------------------------------------------


 NSTEP =  1450000   TIME(PS) =  103475.000  TEMP(K) =   299.48  PRESS =   -35.3
 Etot   =  -1017379.4211  EKtot   =    262764.0312  EPtot      =  -1280143.4523
 BOND   =     10559.4138  ANGLE   =     27840.0733  DIHED      =     32774.5743
 1-4 NB =     12395.9833  1-4 EEL =    135083.8073  VDWAALS    =    151277.8664
 EELEC  =  -1650075.1708  EHBOND  =         0.0000  RESTRAINT  =         0.0000
 EKCMT  =    111992.8962  VIRIAL  =    115294.9285  VOLUME     =   4333016.6786
                                                    Density    =         1.0092
 ------------------------------------------------------------------------------


 NSTEP =  1500000   TIME(PS) =  103575.000  TEMP(K) =   300.22  PRESS =    53.0
 Etot   =  -1017207.6655  EKtot   =    263412.4688  EPtot      =  -1280620.1342
 BOND   =     10413.4109  ANGLE   =     27845.9971  DIHED      =     32782.6391
 1-4 NB =     12391.3586  1-4 EEL =    135106.0446  VDWAALS    =    152500.4556
 EELEC  =  -1651660.0402  EHBOND  =         0.0000  RESTRAINT  =         0.0000
 EKCMT  =    112611.0191  VIRIAL  =    107654.7599  VOLUME     =   4331614.4309
                                                    Density    =         1.0095
 ------------------------------------------------------------------------------


 NSTEP =  1550000   TIME(PS) =  103675.000  TEMP(K) =   300.25  PRESS =    98.5
 Etot   =  -1016684.2974  EKtot   =    263442.6562  EPtot      =  -1280126.9537
 BOND   =     10387.0268  ANGLE   =     27714.4042  DIHED      =     32877.3699
 1-4 NB =     12335.9130  1-4 EEL =    134990.7053  VDWAALS    =    153227.5847
 EELEC  =  -1651659.9576  EHBOND  =         0.0000  RESTRAINT  =         0.0000
 EKCMT  =    112051.4700  VIRIAL  =    102830.5324  VOLUME     =   4336873.6017
                                                    Density    =         1.0083
 ------------------------------------------------------------------------------


 NSTEP =  1600000   TIME(PS) =  103775.000  TEMP(K) =   299.75  PRESS =    71.3
 Etot   =  -1018008.1051  EKtot   =    262999.1250  EPtot      =  -1281007.2301
 BOND   =     10597.1058  ANGLE   =     27739.2521  DIHED      =     32750.3120
 1-4 NB =     12366.6161  1-4 EEL =    135062.7527  VDWAALS    =    152935.2691
 EELEC  =  -1652458.5379  EHBOND  =         0.0000  RESTRAINT  =         0.0000
 EKCMT  =    112073.7350  VIRIAL  =    105397.2124  VOLUME     =   4334005.0231
                                                    Density    =         1.0089
 ------------------------------------------------------------------------------


 NSTEP =  1650000   TIME(PS) =  103875.000  TEMP(K) =   300.68  PRESS =     3.6
 Etot   =  -1016701.2782  EKtot   =    263813.1875  EPtot      =  -1280514.4657
 BOND   =     10465.9582  ANGLE   =     27794.7529  DIHED      =     32842.8182
 1-4 NB =     12442.5445  1-4 EEL =    135249.3539  VDWAALS    =    153432.1378
 EELEC  =  -1652742.0312  EHBOND  =         0.0000  RESTRAINT  =         0.0000
 EKCMT  =    112059.8608  VIRIAL  =    111725.9390  VOLUME     =   4333810.1746
                                                    Density    =         1.0090
 ------------------------------------------------------------------------------


 NSTEP =  1700000   TIME(PS) =  103975.000  TEMP(K) =   300.09  PRESS =   -13.0
 Etot   =  -1016148.3025  EKtot   =    263303.3125  EPtot      =  -1279451.6150
 BOND   =     10394.8046  ANGLE   =     27875.6637  DIHED      =     32748.6248
 1-4 NB =     12357.8257  1-4 EEL =    135104.3172  VDWAALS    =    152005.6282
 EELEC  =  -1649938.4791  EHBOND  =         0.0000  RESTRAINT  =         0.0000
 EKCMT  =    112297.3083  VIRIAL  =    113516.7549  VOLUME     =   4334385.0925
                                                    Density    =         1.0089
 ------------------------------------------------------------------------------


 NSTEP =  1750000   TIME(PS) =  104075.000  TEMP(K) =   299.72  PRESS =     5.7
 Etot   =  -1017366.5996  EKtot   =    262978.6875  EPtot      =  -1280345.2871
 BOND   =     10427.5994  ANGLE   =     27821.5849  DIHED      =     32646.4041
 1-4 NB =     12378.1501  1-4 EEL =    135139.7582  VDWAALS    =    153864.0275
 EELEC  =  -1652622.8111  EHBOND  =         0.0000  RESTRAINT  =         0.0000
 EKCMT  =    112026.7659  VIRIAL  =    111496.2874  VOLUME     =   4335254.0484
                                                    Density    =         1.0087
 ------------------------------------------------------------------------------


 NSTEP =  1800000   TIME(PS) =  104175.000  TEMP(K) =   299.69  PRESS =     9.4
 Etot   =  -1018142.7452  EKtot   =    262944.5312  EPtot      =  -1281087.2765
 BOND   =     10589.4719  ANGLE   =     27789.3191  DIHED      =     32826.6001
 1-4 NB =     12364.6751  1-4 EEL =    135138.2563  VDWAALS    =    152866.8294
 EELEC  =  -1652662.4284  EHBOND  =         0.0000  RESTRAINT  =         0.0000
 EKCMT  =    111712.3142  VIRIAL  =    110828.4754  VOLUME     =   4333716.4197
                                                    Density    =         1.0090
 ------------------------------------------------------------------------------


 NSTEP =  1850000   TIME(PS) =  104275.000  TEMP(K) =   299.65  PRESS =   -60.8
 Etot   =  -1016891.3699  EKtot   =    262909.9062  EPtot      =  -1279801.2762
 BOND   =     10510.8931  ANGLE   =     28250.3629  DIHED      =     32659.2590
 1-4 NB =     12312.1330  1-4 EEL =    135008.5485  VDWAALS    =    152154.2105
 EELEC  =  -1650696.6831  EHBOND  =         0.0000  RESTRAINT  =         0.0000
 EKCMT  =    112019.1248  VIRIAL  =    117714.9880  VOLUME     =   4338072.2295
                                                    Density    =         1.0080
 ------------------------------------------------------------------------------


 NSTEP =  1900000   TIME(PS) =  104375.000  TEMP(K) =   299.44  PRESS =    11.7
 Etot   =  -1018005.9597  EKtot   =    262728.2812  EPtot      =  -1280734.2410
 BOND   =     10429.8829  ANGLE   =     27876.4809  DIHED      =     32692.8134
 1-4 NB =     12376.7706  1-4 EEL =    135208.6009  VDWAALS    =    153486.8714
 EELEC  =  -1652805.6612  EHBOND  =         0.0000  RESTRAINT  =         0.0000
 EKCMT  =    112121.0892  VIRIAL  =    111028.4813  VOLUME     =   4332479.8108
                                                    Density    =         1.0093
 ------------------------------------------------------------------------------


 NSTEP =  1950000   TIME(PS) =  104475.000  TEMP(K) =   299.66  PRESS =    37.3
 Etot   =  -1017286.7068  EKtot   =    262920.5000  EPtot      =  -1280207.2068
 BOND   =     10515.8059  ANGLE   =     27991.8953  DIHED      =     32765.2602
 1-4 NB =     12332.3356  1-4 EEL =    135038.4580  VDWAALS    =    152964.3239
 EELEC  =  -1651815.2857  EHBOND  =         0.0000  RESTRAINT  =         0.0000
 EKCMT  =    111718.0819  VIRIAL  =    108227.2273  VOLUME     =   4336615.2695
                                                    Density    =         1.0083
 ------------------------------------------------------------------------------


 NSTEP =  2000000   TIME(PS) =  104575.000  TEMP(K) =   299.78  PRESS =   -17.8
 Etot   =  -1018385.1233  EKtot   =    263031.1875  EPtot      =  -1281416.3108
 BOND   =     10370.3520  ANGLE   =     28042.3452  DIHED      =     32690.7161
 1-4 NB =     12351.5184  1-4 EEL =    134989.4593  VDWAALS    =    153909.9380
 EELEC  =  -1653770.6397  EHBOND  =         0.0000  RESTRAINT  =         0.0000
 EKCMT  =    112236.6853  VIRIAL  =    113901.6050  VOLUME     =   4332667.7206
                                                    Density    =         1.0093
 ------------------------------------------------------------------------------


 NSTEP =  2050000   TIME(PS) =  104675.000  TEMP(K) =   300.21  PRESS =    69.4
 Etot   =  -1017325.0681  EKtot   =    263405.0312  EPtot      =  -1280730.0993
 BOND   =     10410.2989  ANGLE   =     27853.9935  DIHED      =     32756.0926
 1-4 NB =     12427.8700  1-4 EEL =    135246.4361  VDWAALS    =    153459.1776
 EELEC  =  -1652883.9679  EHBOND  =         0.0000  RESTRAINT  =         0.0000
 EKCMT  =    112229.6959  VIRIAL  =    105738.9538  VOLUME     =   4334662.9536
                                                    Density    =         1.0088
 ------------------------------------------------------------------------------


 NSTEP =  2100000   TIME(PS) =  104775.000  TEMP(K) =   300.08  PRESS =    54.5
 Etot   =  -1016969.9298  EKtot   =    263290.7500  EPtot      =  -1280260.6798
 BOND   =     10560.2343  ANGLE   =     27804.6975  DIHED      =     32768.1226
 1-4 NB =     12360.9026  1-4 EEL =    135258.7022  VDWAALS    =    152980.6533
 EELEC  =  -1651993.9924  EHBOND  =         0.0000  RESTRAINT  =         0.0000
 EKCMT  =    112632.2514  VIRIAL  =    107533.1880  VOLUME     =   4335344.1584
                                                    Density    =         1.0086
 ------------------------------------------------------------------------------


 NSTEP =  2150000   TIME(PS) =  104875.000  TEMP(K) =   299.62  PRESS =   124.6
 Etot   =  -1017566.4031  EKtot   =    262885.9375  EPtot      =  -1280452.3406
 BOND   =     10459.5734  ANGLE   =     27895.6694  DIHED      =     32716.3033
 1-4 NB =     12318.9059  1-4 EEL =    135193.8685  VDWAALS    =    153333.1339
 EELEC  =  -1652369.7950  EHBOND  =         0.0000  RESTRAINT  =         0.0000
 EKCMT  =    112217.6784  VIRIAL  =    100566.8151  VOLUME     =   4331589.9909
                                                    Density    =         1.0095
 ------------------------------------------------------------------------------


 NSTEP =  2200000   TIME(PS) =  104975.000  TEMP(K) =   299.50  PRESS =    36.6
 Etot   =  -1017520.3875  EKtot   =    262784.8438  EPtot      =  -1280305.2313
 BOND   =     10545.2836  ANGLE   =     27867.2161  DIHED      =     32833.4432
 1-4 NB =     12336.2812  1-4 EEL =    135074.6675  VDWAALS    =    153740.6233
 EELEC  =  -1652702.7461  EHBOND  =         0.0000  RESTRAINT  =         0.0000
 EKCMT  =    111874.0712  VIRIAL  =    108447.6768  VOLUME     =   4336196.7362
                                                    Density    =         1.0084
 ------------------------------------------------------------------------------


 NSTEP =  2250000   TIME(PS) =  105075.000  TEMP(K) =   299.91  PRESS =    23.4
 Etot   =  -1016499.5245  EKtot   =    263143.2500  EPtot      =  -1279642.7745
 BOND   =     10488.6840  ANGLE   =     27955.1541  DIHED      =     32769.3501
 1-4 NB =     12365.6681  1-4 EEL =    135284.4068  VDWAALS    =    152450.6237
 EELEC  =  -1650956.6613  EHBOND  =         0.0000  RESTRAINT  =         0.0000
 EKCMT  =    112546.2285  VIRIAL  =    110354.3887  VOLUME     =   4334683.3106
                                                    Density    =         1.0088
 ------------------------------------------------------------------------------


 NSTEP =  2300000   TIME(PS) =  105175.000  TEMP(K) =   300.60  PRESS =     3.0
 Etot   =  -1016576.7769  EKtot   =    263749.2188  EPtot      =  -1280325.9956
 BOND   =     10433.1508  ANGLE   =     28188.1431  DIHED      =     32544.2582
 1-4 NB =     12325.1976  1-4 EEL =    135046.7074  VDWAALS    =    152784.5409
 EELEC  =  -1651647.9936  EHBOND  =         0.0000  RESTRAINT  =         0.0000
 EKCMT  =    112093.2272  VIRIAL  =    111811.3167  VOLUME     =   4336405.9426
                                                    Density    =         1.0084
 ------------------------------------------------------------------------------


 NSTEP =  2350000   TIME(PS) =  105275.000  TEMP(K) =   299.68  PRESS =     4.7
 Etot   =  -1017812.0435  EKtot   =    262943.2188  EPtot      =  -1280755.2622
 BOND   =     10506.2015  ANGLE   =     28009.7906  DIHED      =     32661.0168
 1-4 NB =     12440.6174  1-4 EEL =    134927.6537  VDWAALS    =    152177.4689
 EELEC  =  -1651478.0112  EHBOND  =         0.0000  RESTRAINT  =         0.0000
 EKCMT  =    111772.5937  VIRIAL  =    111335.6500  VOLUME     =   4334419.8271
                                                    Density    =         1.0088
 ------------------------------------------------------------------------------


 NSTEP =  2400000   TIME(PS) =  105375.000  TEMP(K) =   299.73  PRESS =    25.0
 Etot   =  -1017821.0554  EKtot   =    262986.6875  EPtot      =  -1280807.7429
 BOND   =     10284.2953  ANGLE   =     27873.2144  DIHED      =     32775.3618
 1-4 NB =     12383.5526  1-4 EEL =    135045.7341  VDWAALS    =    152971.4852
 EELEC  =  -1652141.3864  EHBOND  =         0.0000  RESTRAINT  =         0.0000
 EKCMT  =    111895.6131  VIRIAL  =    109558.7282  VOLUME     =   4334498.0991
                                                    Density    =         1.0088
 ------------------------------------------------------------------------------


 NSTEP =  2450000   TIME(PS) =  105475.000  TEMP(K) =   299.95  PRESS =   -37.7
 Etot   =  -1017359.5613  EKtot   =    263177.0000  EPtot      =  -1280536.5613
 BOND   =     10450.5286  ANGLE   =     27759.2475  DIHED      =     32740.9421
 1-4 NB =     12371.7145  1-4 EEL =    135124.3682  VDWAALS    =    152462.1284
 EELEC  =  -1651445.4906  EHBOND  =         0.0000  RESTRAINT  =         0.0000
 EKCMT  =    112240.8575  VIRIAL  =    115765.5355  VOLUME     =   4334850.1130
                                                    Density    =         1.0087
 ------------------------------------------------------------------------------


 NSTEP =  2500000   TIME(PS) =  105575.000  TEMP(K) =   299.55  PRESS =   -13.7
 Etot   =  -1017574.1948  EKtot   =    262823.8125  EPtot      =  -1280398.0073
 BOND   =     10486.6378  ANGLE   =     28056.9164  DIHED      =     32692.9780
 1-4 NB =     12374.6233  1-4 EEL =    135044.7554  VDWAALS    =    151841.3954
 EELEC  =  -1650895.3135  EHBOND  =         0.0000  RESTRAINT  =         0.0000
 EKCMT  =    111748.3374  VIRIAL  =    113033.4994  VOLUME     =   4331278.0290
                                                    Density    =         1.0096
 ------------------------------------------------------------------------------


 NSTEP =  2550000   TIME(PS) =  105675.000  TEMP(K) =   300.49  PRESS =   -55.0
 Etot   =  -1018059.4992  EKtot   =    263653.2188  EPtot      =  -1281712.7179
 BOND   =     10344.4695  ANGLE   =     27899.1815  DIHED      =     32685.3328
 1-4 NB =     12407.5595  1-4 EEL =    135075.0636  VDWAALS    =    152205.3556
 EELEC  =  -1652329.6804  EHBOND  =         0.0000  RESTRAINT  =         0.0000
 EKCMT  =    112437.0568  VIRIAL  =    117577.5469  VOLUME     =   4331832.4179
                                                    Density    =         1.0095
 ------------------------------------------------------------------------------


 NSTEP =  2600000   TIME(PS) =  105775.000  TEMP(K) =   300.48  PRESS =    19.5
 Etot   =  -1016605.8010  EKtot   =    263639.8750  EPtot      =  -1280245.6760
 BOND   =     10642.4122  ANGLE   =     27854.1574  DIHED      =     32732.9182
 1-4 NB =     12344.9327  1-4 EEL =    134840.3672  VDWAALS    =    152648.8554
 EELEC  =  -1651309.3191  EHBOND  =         0.0000  RESTRAINT  =         0.0000
 EKCMT  =    112379.6943  VIRIAL  =    110554.6360  VOLUME     =   4333540.9564
                                                    Density    =         1.0091
 ------------------------------------------------------------------------------


 NSTEP =  2650000   TIME(PS) =  105875.000  TEMP(K) =   299.31  PRESS =   -71.0
 Etot   =  -1017758.8598  EKtot   =    262615.2188  EPtot      =  -1280374.0786
 BOND   =     10595.3455  ANGLE   =     27804.2908  DIHED      =     32778.4996
 1-4 NB =     12435.0312  1-4 EEL =    135330.3399  VDWAALS    =    151791.8538
 EELEC  =  -1651109.4396  EHBOND  =         0.0000  RESTRAINT  =         0.0000
 EKCMT  =    112053.8234  VIRIAL  =    118703.0434  VOLUME     =   4335137.3015
                                                    Density    =         1.0087
 ------------------------------------------------------------------------------


 NSTEP =  2700000   TIME(PS) =  105975.000  TEMP(K) =   299.69  PRESS =    30.0
 Etot   =  -1017766.0840  EKtot   =    262952.0625  EPtot      =  -1280718.1465
 BOND   =     10446.2499  ANGLE   =     27758.1738  DIHED      =     32696.9992
 1-4 NB =     12371.4139  1-4 EEL =    135172.8469  VDWAALS    =    152566.1572
 EELEC  =  -1651729.9875  EHBOND  =         0.0000  RESTRAINT  =         0.0000
 EKCMT  =    111936.6509  VIRIAL  =    109126.8398  VOLUME     =   4333104.8799
                                                    Density    =         1.0092
 ------------------------------------------------------------------------------


 NSTEP =  2750000   TIME(PS) =  106075.000  TEMP(K) =   299.87  PRESS =    32.0
 Etot   =  -1017648.7338  EKtot   =    263104.9688  EPtot      =  -1280753.7025
 BOND   =     10418.1628  ANGLE   =     27633.9424  DIHED      =     32748.8055
 1-4 NB =     12360.8507  1-4 EEL =    135009.5016  VDWAALS    =    152935.6422
 EELEC  =  -1651860.6077  EHBOND  =         0.0000  RESTRAINT  =         0.0000
 EKCMT  =    112258.5328  VIRIAL  =    109267.2663  VOLUME     =   4335023.4071
                                                    Density    =         1.0087
 ------------------------------------------------------------------------------


 NSTEP =  2800000   TIME(PS) =  106175.000  TEMP(K) =   300.42  PRESS =   -57.7
 Etot   =  -1016403.3520  EKtot   =    263585.7812  EPtot      =  -1279989.1332
 BOND   =     10596.8162  ANGLE   =     27894.2793  DIHED      =     32514.5584
 1-4 NB =     12358.8763  1-4 EEL =    134956.0983  VDWAALS    =    152148.7049
 EELEC  =  -1650458.4668  EHBOND  =         0.0000  RESTRAINT  =         0.0000
 EKCMT  =    112276.5807  VIRIAL  =    117674.8031  VOLUME     =   4333813.6669
                                                    Density    =         1.0090
 ------------------------------------------------------------------------------


 NSTEP =  2850000   TIME(PS) =  106275.000  TEMP(K) =   300.69  PRESS =   -86.4
 Etot   =  -1016547.5404  EKtot   =    263827.1875  EPtot      =  -1280374.7279
 BOND   =     10506.4472  ANGLE   =     27991.2227  DIHED      =     32679.7018
 1-4 NB =     12361.0786  1-4 EEL =    135015.0274  VDWAALS    =    152371.4809
 EELEC  =  -1651299.6865  EHBOND  =         0.0000  RESTRAINT  =         0.0000
 EKCMT  =    112622.0688  VIRIAL  =    120707.9855  VOLUME     =   4332490.9928
                                                    Density    =         1.0093
 ------------------------------------------------------------------------------


 NSTEP =  2900000   TIME(PS) =  106375.000  TEMP(K) =   300.30  PRESS =    -9.5
 Etot   =  -1017156.2375  EKtot   =    263485.6562  EPtot      =  -1280641.8938
 BOND   =     10455.4499  ANGLE   =     27920.9833  DIHED      =     32665.9736
 1-4 NB =     12399.9600  1-4 EEL =    134748.5017  VDWAALS    =    152591.5076
 EELEC  =  -1651424.2700  EHBOND  =         0.0000  RESTRAINT  =         0.0000
 EKCMT  =    111832.0861  VIRIAL  =    112720.6466  VOLUME     =   4334725.0954
                                                    Density    =         1.0088
 ------------------------------------------------------------------------------


 NSTEP =  2950000   TIME(PS) =  106475.000  TEMP(K) =   299.97  PRESS =   -72.0
 Etot   =  -1017273.1316  EKtot   =    263194.1875  EPtot      =  -1280467.3191
 BOND   =     10517.9521  ANGLE   =     27766.5995  DIHED      =     32565.7537
 1-4 NB =     12330.6243  1-4 EEL =    134893.5002  VDWAALS    =    152073.3150
 EELEC  =  -1650615.0637  EHBOND  =         0.0000  RESTRAINT  =         0.0000
 EKCMT  =    111958.3815  VIRIAL  =    118696.9674  VOLUME     =   4333113.8832
                                                    Density    =         1.0092
 ------------------------------------------------------------------------------


 NSTEP =  3000000   TIME(PS) =  106575.000  TEMP(K) =   299.62  PRESS =     0.9
 Etot   =  -1017544.1005  EKtot   =    262885.2188  EPtot      =  -1280429.3192
 BOND   =     10394.5187  ANGLE   =     27949.1082  DIHED      =     32674.3653
 1-4 NB =     12362.2059  1-4 EEL =    134808.4653  VDWAALS    =    152560.2823
 EELEC  =  -1651178.2648  EHBOND  =         0.0000  RESTRAINT  =         0.0000
 EKCMT  =    112032.6429  VIRIAL  =    111949.2443  VOLUME     =   4334933.3010
                                                    Density    =         1.0087
 ------------------------------------------------------------------------------


 NSTEP =  3050000   TIME(PS) =  106675.000  TEMP(K) =   299.16  PRESS =   -12.2
 Etot   =  -1017246.6790  EKtot   =    262484.1562  EPtot      =  -1279730.8352
 BOND   =     10505.6521  ANGLE   =     27988.3212  DIHED      =     32671.8708
 1-4 NB =     12441.7503  1-4 EEL =    135078.3364  VDWAALS    =    152316.2593
 EELEC  =  -1650733.0252  EHBOND  =         0.0000  RESTRAINT  =         0.0000
 EKCMT  =    112094.8332  VIRIAL  =    113236.1636  VOLUME     =   4333491.6464
                                                    Density    =         1.0091
 ------------------------------------------------------------------------------


 NSTEP =  3100000   TIME(PS) =  106775.000  TEMP(K) =   300.47  PRESS =   -98.9
 Etot   =  -1017228.8219  EKtot   =    263635.7188  EPtot      =  -1280864.5407
 BOND   =     10517.4819  ANGLE   =     27897.9672  DIHED      =     32599.9964
 1-4 NB =     12375.5935  1-4 EEL =    135141.7031  VDWAALS    =    152592.1869
 EELEC  =  -1651989.4696  EHBOND  =         0.0000  RESTRAINT  =         0.0000
 EKCMT  =    112651.6784  VIRIAL  =    121902.6583  VOLUME     =   4330362.3328
                                                    Density    =         1.0098
 ------------------------------------------------------------------------------


 NSTEP =  3150000   TIME(PS) =  106875.000  TEMP(K) =   299.80  PRESS =    -1.4
 Etot   =  -1018792.0933  EKtot   =    263042.4688  EPtot      =  -1281834.5621
 BOND   =     10379.6621  ANGLE   =     27819.0343  DIHED      =     32752.3438
 1-4 NB =     12316.7681  1-4 EEL =    134865.1970  VDWAALS    =    152590.6623
 EELEC  =  -1652558.2296  EHBOND  =         0.0000  RESTRAINT  =         0.0000
 EKCMT  =    112120.3039  VIRIAL  =    112253.2338  VOLUME     =   4332577.3118
                                                    Density    =         1.0093
 ------------------------------------------------------------------------------


 NSTEP =  3200000   TIME(PS) =  106975.000  TEMP(K) =   300.09  PRESS =    -9.6
 Etot   =  -1017816.4696  EKtot   =    263298.2188  EPtot      =  -1281114.6884
 BOND   =     10470.2491  ANGLE   =     27633.5139  DIHED      =     32627.1115
 1-4 NB =     12417.2541  1-4 EEL =    135019.6686  VDWAALS    =    153024.7582
 EELEC  =  -1652307.2438  EHBOND  =         0.0000  RESTRAINT  =         0.0000
 EKCMT  =    112181.8250  VIRIAL  =    113080.5431  VOLUME     =   4330235.8271
                                                    Density    =         1.0098
 ------------------------------------------------------------------------------


 NSTEP =  3250000   TIME(PS) =  107075.000  TEMP(K) =   299.92  PRESS =     9.1
 Etot   =  -1017628.8170  EKtot   =    263149.0312  EPtot      =  -1280777.8482
 BOND   =     10457.7820  ANGLE   =     27810.3854  DIHED      =     32806.5027
 1-4 NB =     12305.0378  1-4 EEL =    135149.9771  VDWAALS    =    152170.0157
 EELEC  =  -1651477.5488  EHBOND  =         0.0000  RESTRAINT  =         0.0000
 EKCMT  =    111993.8724  VIRIAL  =    111140.0418  VOLUME     =   4334201.5086
                                                    Density    =         1.0089
 ------------------------------------------------------------------------------


 NSTEP =  3300000   TIME(PS) =  107175.000  TEMP(K) =   300.60  PRESS =    88.5
 Etot   =  -1016124.1044  EKtot   =    263750.2188  EPtot      =  -1279874.3232
 BOND   =     10351.1345  ANGLE   =     28029.8337  DIHED      =     32693.9473
 1-4 NB =     12356.5755  1-4 EEL =    134830.6418  VDWAALS    =    153224.2860
 EELEC  =  -1651360.7419  EHBOND  =         0.0000  RESTRAINT  =         0.0000
 EKCMT  =    112117.0881  VIRIAL  =    103827.3758  VOLUME     =   4335906.0639
                                                    Density    =         1.0085
 ------------------------------------------------------------------------------


 NSTEP =  3350000   TIME(PS) =  107275.000  TEMP(K) =   299.74  PRESS =    77.5
 Etot   =  -1017055.8756  EKtot   =    262994.4375  EPtot      =  -1280050.3131
 BOND   =     10552.6697  ANGLE   =     27971.8949  DIHED      =     32686.5002
 1-4 NB =     12330.4465  1-4 EEL =    134859.0802  VDWAALS    =    152732.8488
 EELEC  =  -1651183.7534  EHBOND  =         0.0000  RESTRAINT  =         0.0000
 EKCMT  =    112067.4378  VIRIAL  =    104812.5399  VOLUME     =   4332884.8509
                                                    Density    =         1.0092
 ------------------------------------------------------------------------------


 NSTEP =  3400000   TIME(PS) =  107375.000  TEMP(K) =   299.78  PRESS =    55.2
 Etot   =  -1017022.1408  EKtot   =    263030.2500  EPtot      =  -1280052.3908
 BOND   =     10454.8169  ANGLE   =     27845.9777  DIHED      =     32549.7143
 1-4 NB =     12340.1606  1-4 EEL =    135121.4957  VDWAALS    =    152591.8386
 EELEC  =  -1650956.3945  EHBOND  =         0.0000  RESTRAINT  =         0.0000
 EKCMT  =    111601.5730  VIRIAL  =    106437.9490  VOLUME     =   4331836.9191
                                                    Density    =         1.0094
 ------------------------------------------------------------------------------


 NSTEP =  3450000   TIME(PS) =  107475.000  TEMP(K) =   300.33  PRESS =  -125.7
 Etot   =  -1017379.8973  EKtot   =    263512.5000  EPtot      =  -1280892.3973
 BOND   =     10477.0201  ANGLE   =     27827.6937  DIHED      =     32606.9263
 1-4 NB =     12325.6918  1-4 EEL =    134974.8696  VDWAALS    =    152234.4520
 EELEC  =  -1651339.0509  EHBOND  =         0.0000  RESTRAINT  =         0.0000
 EKCMT  =    112276.3667  VIRIAL  =    124034.2451  VOLUME     =   4331041.9321
                                                    Density    =         1.0096
 ------------------------------------------------------------------------------


 NSTEP =  3500000   TIME(PS) =  107575.000  TEMP(K) =   299.99  PRESS =   -19.1
 Etot   =  -1017506.0316  EKtot   =    263207.8438  EPtot      =  -1280713.8754
 BOND   =     10513.4759  ANGLE   =     27946.2176  DIHED      =     32657.1735
 1-4 NB =     12334.4009  1-4 EEL =    135107.9528  VDWAALS    =    152255.2694
 EELEC  =  -1651528.3654  EHBOND  =         0.0000  RESTRAINT  =         0.0000
 EKCMT  =    112114.3559  VIRIAL  =    113898.5050  VOLUME     =   4333134.2747
                                                    Density    =         1.0091
 ------------------------------------------------------------------------------


 NSTEP =  3550000   TIME(PS) =  107675.000  TEMP(K) =   300.75  PRESS =   -10.9
 Etot   =  -1016695.9732  EKtot   =    263880.0625  EPtot      =  -1280576.0357
 BOND   =     10474.0071  ANGLE   =     28058.3742  DIHED      =     32679.4431
 1-4 NB =     12432.8702  1-4 EEL =    134872.5034  VDWAALS    =    152714.9696
 EELEC  =  -1651808.2033  EHBOND  =         0.0000  RESTRAINT  =         0.0000
 EKCMT  =    112315.0546  VIRIAL  =    113337.2413  VOLUME     =   4333585.3172
                                                    Density    =         1.0090
 ------------------------------------------------------------------------------


 NSTEP =  3600000   TIME(PS) =  107775.000  TEMP(K) =   300.24  PRESS =    -5.0
 Etot   =  -1017779.5914  EKtot   =    263428.5000  EPtot      =  -1281208.0914
 BOND   =     10410.3546  ANGLE   =     27854.2246  DIHED      =     32735.6899
 1-4 NB =     12379.3668  1-4 EEL =    134866.5669  VDWAALS    =    153107.1008
 EELEC  =  -1652561.3951  EHBOND  =         0.0000  RESTRAINT  =         0.0000
 EKCMT  =    112084.0294  VIRIAL  =    112554.0002  VOLUME     =   4334410.3092
                                                    Density    =         1.0089
 ------------------------------------------------------------------------------


 NSTEP =  3650000   TIME(PS) =  107875.000  TEMP(K) =   300.23  PRESS =   -14.2
 Etot   =  -1017783.3502  EKtot   =    263419.8438  EPtot      =  -1281203.1940
 BOND   =     10497.6904  ANGLE   =     28008.2080  DIHED      =     32664.7755
 1-4 NB =     12375.4308  1-4 EEL =    134978.8138  VDWAALS    =    152764.2575
 EELEC  =  -1652492.3700  EHBOND  =         0.0000  RESTRAINT  =         0.0000
 EKCMT  =    112241.9481  VIRIAL  =    113565.6499  VOLUME     =   4332462.6637
                                                    Density    =         1.0093
 ------------------------------------------------------------------------------


 NSTEP =  3700000   TIME(PS) =  107975.000  TEMP(K) =   299.57  PRESS =   -35.8
 Etot   =  -1017586.0394  EKtot   =    262840.9375  EPtot      =  -1280426.9769
 BOND   =     10396.8892  ANGLE   =     27907.1523  DIHED      =     32757.8360
 1-4 NB =     12411.8749  1-4 EEL =    135089.3262  VDWAALS    =    152205.3087
 EELEC  =  -1651195.3640  EHBOND  =         0.0000  RESTRAINT  =         0.0000
 EKCMT  =    112089.3165  VIRIAL  =    115441.9223  VOLUME     =   4332680.6404
                                                    Density    =         1.0093
 ------------------------------------------------------------------------------


 NSTEP =  3750000   TIME(PS) =  108075.000  TEMP(K) =   299.88  PRESS =   -23.2
 Etot   =  -1017761.2288  EKtot   =    263112.0000  EPtot      =  -1280873.2288
 BOND   =     10521.2047  ANGLE   =     27932.1777  DIHED      =     32634.3111
 1-4 NB =     12338.9409  1-4 EEL =    134934.8696  VDWAALS    =    152225.6250
 EELEC  =  -1651460.3577  EHBOND  =         0.0000  RESTRAINT  =         0.0000
 EKCMT  =    111867.3936  VIRIAL  =    114040.1088  VOLUME     =   4334076.5398
                                                    Density    =         1.0089
 ------------------------------------------------------------------------------


 NSTEP =  3800000   TIME(PS) =  108175.000  TEMP(K) =   299.74  PRESS =    35.9
 Etot   =  -1018074.7436  EKtot   =    262992.2812  EPtot      =  -1281067.0249
 BOND   =     10386.1017  ANGLE   =     27750.2233  DIHED      =     32644.4746
 1-4 NB =     12417.6660  1-4 EEL =    135105.6430  VDWAALS    =    152729.9359
 EELEC  =  -1652101.0694  EHBOND  =         0.0000  RESTRAINT  =         0.0000
 EKCMT  =    112160.4985  VIRIAL  =    108797.0430  VOLUME     =   4334908.1324
                                                    Density    =         1.0087
 ------------------------------------------------------------------------------


 NSTEP =  3850000   TIME(PS) =  108275.000  TEMP(K) =   299.88  PRESS =   -56.8
 Etot   =  -1017708.1020  EKtot   =    263116.5625  EPtot      =  -1280824.6645
 BOND   =     10544.1532  ANGLE   =     28032.9421  DIHED      =     32712.0287
 1-4 NB =     12306.3399  1-4 EEL =    134887.3457  VDWAALS    =    151659.7242
 EELEC  =  -1650967.1984  EHBOND  =         0.0000  RESTRAINT  =         0.0000
 EKCMT  =    111843.1662  VIRIAL  =    117162.6534  VOLUME     =   4335022.5169
                                                    Density    =         1.0087
 ------------------------------------------------------------------------------


 NSTEP =  3900000   TIME(PS) =  108375.000  TEMP(K) =   300.09  PRESS =   -30.5
 Etot   =  -1017184.9554  EKtot   =    263295.7500  EPtot      =  -1280480.7054
 BOND   =     10538.7616  ANGLE   =     27855.7170  DIHED      =     32651.3007
 1-4 NB =     12448.5620  1-4 EEL =    134916.7981  VDWAALS    =    152101.9721
 EELEC  =  -1650993.8168  EHBOND  =         0.0000  RESTRAINT  =         0.0000
 EKCMT  =    112199.6977  VIRIAL  =    115055.5266  VOLUME     =   4333278.3764
                                                    Density    =         1.0091
 ------------------------------------------------------------------------------


 NSTEP =  3950000   TIME(PS) =  108475.000  TEMP(K) =   299.72  PRESS =   -20.3
 Etot   =  -1017306.2288  EKtot   =    262973.5625  EPtot      =  -1280279.7913
 BOND   =     10463.3863  ANGLE   =     28236.4931  DIHED      =     32597.2274
 1-4 NB =     12308.1588  1-4 EEL =    134967.2435  VDWAALS    =    152189.9941
 EELEC  =  -1651042.2944  EHBOND  =         0.0000  RESTRAINT  =         0.0000
 EKCMT  =    111979.6664  VIRIAL  =    113875.9833  VOLUME     =   4332075.3999
                                                    Density    =         1.0094
 ------------------------------------------------------------------------------


 NSTEP =  4000000   TIME(PS) =  108575.000  TEMP(K) =   299.68  PRESS =    71.0
 Etot   =  -1017457.8509  EKtot   =    262935.1562  EPtot      =  -1280393.0071
 BOND   =     10539.5765  ANGLE   =     27989.5753  DIHED      =     32619.4308
 1-4 NB =     12359.3252  1-4 EEL =    134787.2839  VDWAALS    =    153935.5294
 EELEC  =  -1652623.7283  EHBOND  =         0.0000  RESTRAINT  =         0.0000
 EKCMT  =    112362.4764  VIRIAL  =    105719.8623  VOLUME     =   4332668.7554
                                                    Density    =         1.0093
 ------------------------------------------------------------------------------


 NSTEP =  4050000   TIME(PS) =  108675.000  TEMP(K) =   299.75  PRESS =    95.1
 Etot   =  -1017756.5688  EKtot   =    262998.3750  EPtot      =  -1280754.9438
 BOND   =     10509.9773  ANGLE   =     27914.3876  DIHED      =     32629.8872
 1-4 NB =     12323.1004  1-4 EEL =    134921.2213  VDWAALS    =    152875.2318
 EELEC  =  -1651928.7493  EHBOND  =         0.0000  RESTRAINT  =         0.0000
 EKCMT  =    111896.2435  VIRIAL  =    102996.9788  VOLUME     =   4332052.6226
                                                    Density    =         1.0094
 ------------------------------------------------------------------------------


 NSTEP =  4100000   TIME(PS) =  108775.000  TEMP(K) =   300.21  PRESS =   -85.1
 Etot   =  -1015997.7205  EKtot   =    263406.6250  EPtot      =  -1279404.3455
 BOND   =     10590.1877  ANGLE   =     28146.3610  DIHED      =     32680.1894
 1-4 NB =     12419.8746  1-4 EEL =    134922.0280  VDWAALS    =    151581.0408
 EELEC  =  -1649744.0271  EHBOND  =         0.0000  RESTRAINT  =         0.0000
 EKCMT  =    112057.6313  VIRIAL  =    120024.9091  VOLUME     =   4333799.0991
                                                    Density    =         1.0090
 ------------------------------------------------------------------------------


 NSTEP =  4150000   TIME(PS) =  108875.000  TEMP(K) =   299.87  PRESS =   -59.0
 Etot   =  -1017679.2354  EKtot   =    263107.1250  EPtot      =  -1280786.3604
 BOND   =     10506.2184  ANGLE   =     27921.0108  DIHED      =     32634.0116
 1-4 NB =     12328.4277  1-4 EEL =    135014.3343  VDWAALS    =    152189.8144
 EELEC  =  -1651380.1776  EHBOND  =         0.0000  RESTRAINT  =         0.0000
 EKCMT  =    112121.9682  VIRIAL  =    117640.6801  VOLUME     =   4332007.6484
                                                    Density    =         1.0094
 ------------------------------------------------------------------------------


 NSTEP =  4200000   TIME(PS) =  108975.000  TEMP(K) =   300.54  PRESS =    58.1
 Etot   =  -1016790.2400  EKtot   =    263694.8750  EPtot      =  -1280485.1150
 BOND   =     10447.6864  ANGLE   =     27878.8297  DIHED      =     32573.3304
 1-4 NB =     12400.4344  1-4 EEL =    135093.3857  VDWAALS    =    152770.9662
 EELEC  =  -1651649.7478  EHBOND  =         0.0000  RESTRAINT  =         0.0000
 EKCMT  =    112138.0025  VIRIAL  =    106703.2334  VOLUME     =   4333359.5804
                                                    Density    =         1.0091
 ------------------------------------------------------------------------------


 NSTEP =  4250000   TIME(PS) =  109075.000  TEMP(K) =   300.06  PRESS =   -97.2
 Etot   =  -1017944.2433  EKtot   =    263275.2500  EPtot      =  -1281219.4933
 BOND   =     10382.8003  ANGLE   =     27844.6647  DIHED      =     32677.0531
 1-4 NB =     12381.5103  1-4 EEL =    134990.2648  VDWAALS    =    152196.1564
 EELEC  =  -1651691.9428  EHBOND  =         0.0000  RESTRAINT  =         0.0000
 EKCMT  =    112129.9759  VIRIAL  =    121220.5844  VOLUME     =   4333174.9718
                                                    Density    =         1.0091
 ------------------------------------------------------------------------------


 NSTEP =  4300000   TIME(PS) =  109175.000  TEMP(K) =   300.04  PRESS =    54.2
 Etot   =  -1016763.9061  EKtot   =    263259.4375  EPtot      =  -1280023.3436
 BOND   =     10412.7420  ANGLE   =     27984.2747  DIHED      =     32638.0696
 1-4 NB =     12340.7145  1-4 EEL =    134925.9313  VDWAALS    =    152164.3673
 EELEC  =  -1650489.4430  EHBOND  =         0.0000  RESTRAINT  =         0.0000
 EKCMT  =    112173.8740  VIRIAL  =    107106.0266  VOLUME     =   4331311.5860
                                                    Density    =         1.0096
 ------------------------------------------------------------------------------


 NSTEP =  4350000   TIME(PS) =  109275.000  TEMP(K) =   299.38  PRESS =   -31.2
 Etot   =  -1017417.9146  EKtot   =    262679.8750  EPtot      =  -1280097.7896
 BOND   =     10515.0893  ANGLE   =     28309.3755  DIHED      =     32684.5659
 1-4 NB =     12351.3939  1-4 EEL =    134932.3785  VDWAALS    =    152951.0151
 EELEC  =  -1651841.6078  EHBOND  =         0.0000  RESTRAINT  =         0.0000
 EKCMT  =    111764.2685  VIRIAL  =    114684.5269  VOLUME     =   4332315.2809
                                                    Density    =         1.0093
 ------------------------------------------------------------------------------


 NSTEP =  4400000   TIME(PS) =  109375.000  TEMP(K) =   299.67  PRESS =    -1.5
 Etot   =  -1017393.7505  EKtot   =    262933.6875  EPtot      =  -1280327.4380
 BOND   =     10415.7065  ANGLE   =     27936.1752  DIHED      =     32635.5450
 1-4 NB =     12326.6668  1-4 EEL =    134961.0054  VDWAALS    =    152895.8571
 EELEC  =  -1651498.3940  EHBOND  =         0.0000  RESTRAINT  =         0.0000
 EKCMT  =    112167.7400  VIRIAL  =    112309.8250  VOLUME     =   4336408.3675
                                                    Density    =         1.0084
 ------------------------------------------------------------------------------


 NSTEP =  4450000   TIME(PS) =  109475.000  TEMP(K) =   300.93  PRESS =    -3.7
 Etot   =  -1015562.6933  EKtot   =    264032.6562  EPtot      =  -1279595.3495
 BOND   =     10453.7020  ANGLE   =     28071.7221  DIHED      =     32618.8368
 1-4 NB =     12369.1834  1-4 EEL =    134929.3829  VDWAALS    =    151446.2592
 EELEC  =  -1649484.4361  EHBOND  =         0.0000  RESTRAINT  =         0.0000
 EKCMT  =    112322.2384  VIRIAL  =    112665.4562  VOLUME     =   4333155.5148
                                                    Density    =         1.0091
 ------------------------------------------------------------------------------


 NSTEP =  4500000   TIME(PS) =  109575.000  TEMP(K) =   299.94  PRESS =    52.0
 Etot   =  -1017087.3665  EKtot   =    263168.0625  EPtot      =  -1280255.4290
 BOND   =     10539.8619  ANGLE   =     27894.8713  DIHED      =     32567.5821
 1-4 NB =     12329.5848  1-4 EEL =    134991.1047  VDWAALS    =    153158.3741
 EELEC  =  -1651736.8079  EHBOND  =         0.0000  RESTRAINT  =         0.0000
 EKCMT  =    112140.2039  VIRIAL  =    107272.5522  VOLUME     =   4332832.6767
                                                    Density    =         1.0092
 ------------------------------------------------------------------------------


 NSTEP =  4550000   TIME(PS) =  109675.000  TEMP(K) =   299.99  PRESS =     1.1
 Etot   =  -1017245.5692  EKtot   =    263210.5938  EPtot      =  -1280456.1629
 BOND   =     10570.7379  ANGLE   =     27954.5293  DIHED      =     32720.0792
 1-4 NB =     12348.3933  1-4 EEL =    135002.9095  VDWAALS    =    152866.6113
 EELEC  =  -1651919.4234  EHBOND  =         0.0000  RESTRAINT  =         0.0000
 EKCMT  =    112509.7070  VIRIAL  =    112403.2864  VOLUME     =   4333075.9129
                                                    Density    =         1.0092
 ------------------------------------------------------------------------------


 NSTEP =  4600000   TIME(PS) =  109775.000  TEMP(K) =   300.79  PRESS =   -11.0
 Etot   =  -1016395.5996  EKtot   =    263915.6250  EPtot      =  -1280311.2246
 BOND   =     10499.2837  ANGLE   =     27733.6001  DIHED      =     32694.9390
 1-4 NB =     12351.5511  1-4 EEL =    134835.0584  VDWAALS    =    151668.7505
 EELEC  =  -1650094.4073  EHBOND  =         0.0000  RESTRAINT  =         0.0000
 EKCMT  =    112208.9226  VIRIAL  =    113242.5997  VOLUME     =   4333953.9859
                                                    Density    =         1.0090
 ------------------------------------------------------------------------------


 NSTEP =  4650000   TIME(PS) =  109875.000  TEMP(K) =   300.26  PRESS =   -42.7
 Etot   =  -1015856.2519  EKtot   =    263446.5312  EPtot      =  -1279302.7832
 BOND   =     10362.4439  ANGLE   =     28100.3585  DIHED      =     32575.4800
 1-4 NB =     12409.0617  1-4 EEL =    134872.3979  VDWAALS    =    152955.3030
 EELEC  =  -1650577.8282  EHBOND  =         0.0000  RESTRAINT  =         0.0000
 EKCMT  =    112264.2745  VIRIAL  =    116261.4398  VOLUME     =   4335649.8508
                                                    Density    =         1.0086
 ------------------------------------------------------------------------------


 NSTEP =  4700000   TIME(PS) =  109975.000  TEMP(K) =   300.14  PRESS =    40.5
 Etot   =  -1017508.2592  EKtot   =    263341.8125  EPtot      =  -1280850.0717
 BOND   =     10387.2131  ANGLE   =     27974.0653  DIHED      =     32593.0549
 1-4 NB =     12376.8269  1-4 EEL =    135048.9238  VDWAALS    =    152838.6387
 EELEC  =  -1652068.7945  EHBOND  =         0.0000  RESTRAINT  =         0.0000
 EKCMT  =    112208.2701  VIRIAL  =    108419.2858  VOLUME     =   4334021.4897
                                                    Density    =         1.0089
 ------------------------------------------------------------------------------


 NSTEP =  4750000   TIME(PS) =  110075.000  TEMP(K) =   299.96  PRESS =    18.7
 Etot   =  -1017874.6123  EKtot   =    263186.1562  EPtot      =  -1281060.7685
 BOND   =     10425.6295  ANGLE   =     27936.0248  DIHED      =     32553.5789
 1-4 NB =     12404.1698  1-4 EEL =    135216.4776  VDWAALS    =    152972.0486
 EELEC  =  -1652568.6977  EHBOND  =         0.0000  RESTRAINT  =         0.0000
 EKCMT  =    112187.4611  VIRIAL  =    110440.2828  VOLUME     =   4334068.3746
                                                    Density    =         1.0089
 ------------------------------------------------------------------------------


 NSTEP =  4800000   TIME(PS) =  110175.000  TEMP(K) =   300.35  PRESS =   -21.4
 Etot   =  -1017601.6927  EKtot   =    263526.7812  EPtot      =  -1281128.4740
 BOND   =     10494.4925  ANGLE   =     28007.2195  DIHED      =     32530.7839
 1-4 NB =     12361.4398  1-4 EEL =    134991.1189  VDWAALS    =    153027.2600
 EELEC  =  -1652540.7887  EHBOND  =         0.0000  RESTRAINT  =         0.0000
 EKCMT  =    112462.9058  VIRIAL  =    114460.5722  VOLUME     =   4331595.9016
                                                    Density    =         1.0095
 ------------------------------------------------------------------------------


 NSTEP =  4850000   TIME(PS) =  110275.000  TEMP(K) =   299.66  PRESS =   -41.8
 Etot   =  -1018168.1332  EKtot   =    262919.3125  EPtot      =  -1281087.4457
 BOND   =     10421.8346  ANGLE   =     28046.9011  DIHED      =     32659.9486
 1-4 NB =     12354.2523  1-4 EEL =    134976.1449  VDWAALS    =    151490.3012
 EELEC  =  -1651036.8282  EHBOND  =         0.0000  RESTRAINT  =         0.0000
 EKCMT  =    112072.6368  VIRIAL  =    115987.5327  VOLUME     =   4333419.3020
                                                    Density    =         1.0091
 ------------------------------------------------------------------------------


 NSTEP =  4900000   TIME(PS) =  110375.000  TEMP(K) =   300.29  PRESS =     8.5
 Etot   =  -1017319.1096  EKtot   =    263475.9375  EPtot      =  -1280795.0471
 BOND   =     10489.9544  ANGLE   =     27949.0557  DIHED      =     32730.2301
 1-4 NB =     12448.9378  1-4 EEL =    135048.4942  VDWAALS    =    151763.4379
 EELEC  =  -1651225.1571  EHBOND  =         0.0000  RESTRAINT  =         0.0000
 EKCMT  =    112186.9602  VIRIAL  =    111394.1722  VOLUME     =   4334621.2579
                                                    Density    =         1.0088
 ------------------------------------------------------------------------------


 NSTEP =  4950000   TIME(PS) =  110475.000  TEMP(K) =   300.27  PRESS =    21.6
 Etot   =  -1016326.1136  EKtot   =    263455.5312  EPtot      =  -1279781.6449
 BOND   =     10483.2652  ANGLE   =     27972.1788  DIHED      =     32716.7336
 1-4 NB =     12401.1520  1-4 EEL =    135143.8247  VDWAALS    =    152155.7564
 EELEC  =  -1650654.5555  EHBOND  =         0.0000  RESTRAINT  =         0.0000
 EKCMT  =    111818.2084  VIRIAL  =    109796.2027  VOLUME     =   4333545.7145
                                                    Density    =         1.0091
 ------------------------------------------------------------------------------


 NSTEP =  5000000   TIME(PS) =  110575.000  TEMP(K) =   300.26  PRESS =    15.7
 Etot   =  -1017124.8271  EKtot   =    263445.5312  EPtot      =  -1280570.3583
 BOND   =     10558.0787  ANGLE   =     28011.8595  DIHED      =     32480.2892
 1-4 NB =     12367.6539  1-4 EEL =    134989.0873  VDWAALS    =    152496.5947
 EELEC  =  -1651473.9217  EHBOND  =         0.0000  RESTRAINT  =         0.0000
 EKCMT  =    112440.3461  VIRIAL  =    110973.6113  VOLUME     =   4331733.1366
                                                    Density    =         1.0095
 ------------------------------------------------------------------------------


 NSTEP =  5050000   TIME(PS) =  110675.000  TEMP(K) =   300.44  PRESS =    51.1
 Etot   =  -1016631.5957  EKtot   =    263606.0312  EPtot      =  -1280237.6269
 BOND   =     10402.2775  ANGLE   =     27990.8784  DIHED      =     32625.5066
 1-4 NB =     12312.8391  1-4 EEL =    134786.5372  VDWAALS    =    152796.4778
 EELEC  =  -1651152.1436  EHBOND  =         0.0000  RESTRAINT  =         0.0000
 EKCMT  =    112522.5297  VIRIAL  =    107741.6810  VOLUME     =   4333912.1219
                                                    Density    =         1.0090
 ------------------------------------------------------------------------------


 NSTEP =  5100000   TIME(PS) =  110775.000  TEMP(K) =   300.24  PRESS =   -17.2
 Etot   =  -1016962.9482  EKtot   =    263430.6562  EPtot      =  -1280393.6045
 BOND   =     10426.0431  ANGLE   =     27904.9368  DIHED      =     32555.9073
 1-4 NB =     12415.3248  1-4 EEL =    135090.4699  VDWAALS    =    151852.7452
 EELEC  =  -1650639.0314  EHBOND  =         0.0000  RESTRAINT  =         0.0000
 EKCMT  =    112314.0648  VIRIAL  =    113926.1241  VOLUME     =   4333575.2957
                                                    Density    =         1.0090
 ------------------------------------------------------------------------------


 NSTEP =  5150000   TIME(PS) =  110875.000  TEMP(K) =   299.44  PRESS =   -57.1
 Etot   =  -1018855.9579  EKtot   =    262727.2500  EPtot      =  -1281583.2079
 BOND   =     10448.6932  ANGLE   =     27973.7606  DIHED      =     32628.8976
 1-4 NB =     12397.5538  1-4 EEL =    135059.4047  VDWAALS    =    152990.5514
 EELEC  =  -1653082.0690  EHBOND  =         0.0000  RESTRAINT  =         0.0000
 EKCMT  =    111964.7774  VIRIAL  =    117302.2867  VOLUME     =   4329652.3788
                                                    Density    =         1.0100
 ------------------------------------------------------------------------------


 NSTEP =  5200000   TIME(PS) =  110975.000  TEMP(K) =   299.55  PRESS =   -33.6
 Etot   =  -1018361.9193  EKtot   =    262825.9062  EPtot      =  -1281187.8256
 BOND   =     10503.1611  ANGLE   =     27815.5397  DIHED      =     32640.2235
 1-4 NB =     12328.1858  1-4 EEL =    134744.8887  VDWAALS    =    153231.8020
 EELEC  =  -1652451.6264  EHBOND  =         0.0000  RESTRAINT  =         0.0000
 EKCMT  =    112049.2221  VIRIAL  =    115191.1070  VOLUME     =   4332756.1045
                                                    Density    =         1.0092
 ------------------------------------------------------------------------------


 NSTEP =  5250000   TIME(PS) =  111075.000  TEMP(K) =   300.40  PRESS =    -9.0
 Etot   =  -1017214.5968  EKtot   =    263567.0938  EPtot      =  -1280781.6906
 BOND   =     10550.1093  ANGLE   =     27928.9452  DIHED      =     32679.1677
 1-4 NB =     12350.6592  1-4 EEL =    134834.5545  VDWAALS    =    153148.7174
 EELEC  =  -1652273.8439  EHBOND  =         0.0000  RESTRAINT  =         0.0000
 EKCMT  =    112179.3029  VIRIAL  =    113023.7835  VOLUME     =   4332640.1694
                                                    Density    =         1.0093
 ------------------------------------------------------------------------------


 NSTEP =  5300000   TIME(PS) =  111175.000  TEMP(K) =   300.31  PRESS =    -1.5
 Etot   =  -1017389.8429  EKtot   =    263488.9062  EPtot      =  -1280878.7492
 BOND   =     10514.3567  ANGLE   =     28016.9703  DIHED      =     32646.0701
 1-4 NB =     12380.0391  1-4 EEL =    134915.1887  VDWAALS    =    152358.0376
 EELEC  =  -1651709.4117  EHBOND  =         0.0000  RESTRAINT  =         0.0000
 EKCMT  =    112181.1714  VIRIAL  =    112317.7070  VOLUME     =   4332831.6843
                                                    Density    =         1.0092
 ------------------------------------------------------------------------------


 NSTEP =  5350000   TIME(PS) =  111275.000  TEMP(K) =   300.31  PRESS =    27.2
 Etot   =  -1016600.9577  EKtot   =    263489.6875  EPtot      =  -1280090.6452
 BOND   =     10590.0514  ANGLE   =     27791.7280  DIHED      =     32664.0231
 1-4 NB =     12470.0847  1-4 EEL =    135028.3404  VDWAALS    =    152425.1800
 EELEC  =  -1651060.0529  EHBOND  =         0.0000  RESTRAINT  =         0.0000
 EKCMT  =    112029.2080  VIRIAL  =    109481.7331  VOLUME     =   4333469.6034
                                                    Density    =         1.0091
 ------------------------------------------------------------------------------


 NSTEP =  5400000   TIME(PS) =  111375.000  TEMP(K) =   299.93  PRESS =    37.7
 Etot   =  -1016165.4322  EKtot   =    263157.2500  EPtot      =  -1279322.6822
 BOND   =     10382.0409  ANGLE   =     27921.8284  DIHED      =     32689.5282
 1-4 NB =     12325.7695  1-4 EEL =    134943.8552  VDWAALS    =    151565.1386
 EELEC  =  -1649150.8432  EHBOND  =         0.0000  RESTRAINT  =         0.0000
 EKCMT  =    112218.7744  VIRIAL  =    108689.2519  VOLUME     =   4333591.7105
                                                    Density    =         1.0090
 ------------------------------------------------------------------------------


 NSTEP =  5450000   TIME(PS) =  111475.000  TEMP(K) =   300.45  PRESS =    71.7
 Etot   =  -1016389.2941  EKtot   =    263618.1250  EPtot      =  -1280007.4191
 BOND   =     10459.2781  ANGLE   =     28168.5679  DIHED      =     32642.3220
 1-4 NB =     12382.6471  1-4 EEL =    134860.1494  VDWAALS    =    153425.8069
 EELEC  =  -1651946.1904  EHBOND  =         0.0000  RESTRAINT  =         0.0000
 EKCMT  =    112185.8423  VIRIAL  =    105476.3474  VOLUME     =   4334530.8529
                                                    Density    =         1.0088
 ------------------------------------------------------------------------------


 NSTEP =  5500000   TIME(PS) =  111575.000  TEMP(K) =   300.64  PRESS =   -68.5
 Etot   =  -1016120.8625  EKtot   =    263779.4688  EPtot      =  -1279900.3312
 BOND   =     10385.7054  ANGLE   =     27998.1564  DIHED      =     32556.9443
 1-4 NB =     12366.9798  1-4 EEL =    134816.9160  VDWAALS    =    151430.1597
 EELEC  =  -1649455.1928  EHBOND  =         0.0000  RESTRAINT  =         0.0000
 EKCMT  =    112595.0458  VIRIAL  =    119007.0604  VOLUME     =   4336559.2850
                                                    Density    =         1.0084
 ------------------------------------------------------------------------------


 NSTEP =  5550000   TIME(PS) =  111675.000  TEMP(K) =   300.14  PRESS =    18.0
 Etot   =  -1016999.5304  EKtot   =    263340.1875  EPtot      =  -1280339.7179
 BOND   =     10481.7440  ANGLE   =     27997.6123  DIHED      =     32583.6985
 1-4 NB =     12424.8273  1-4 EEL =    135098.0563  VDWAALS    =    152188.7147
 EELEC  =  -1651114.3709  EHBOND  =         0.0000  RESTRAINT  =         0.0000
 EKCMT  =    112703.4705  VIRIAL  =    111020.1467  VOLUME     =   4334992.3091
                                                    Density    =         1.0087
 ------------------------------------------------------------------------------


 NSTEP =  5600000   TIME(PS) =  111775.000  TEMP(K) =   299.24  PRESS =   -10.7
 Etot   =  -1018555.5320  EKtot   =    262550.9688  EPtot      =  -1281106.5008
 BOND   =     10444.8998  ANGLE   =     27869.1361  DIHED      =     32627.9881
 1-4 NB =     12328.9363  1-4 EEL =    134936.0917  VDWAALS    =    152028.1664
 EELEC  =  -1651341.7192  EHBOND  =         0.0000  RESTRAINT  =         0.0000
 EKCMT  =    111843.3932  VIRIAL  =    112844.7388  VOLUME     =   4331995.5220
                                                    Density    =         1.0094
 ------------------------------------------------------------------------------


 NSTEP =  5650000   TIME(PS) =  111875.000  TEMP(K) =   299.66  PRESS =     6.0
 Etot   =  -1017748.7261  EKtot   =    262921.1875  EPtot      =  -1280669.9136
 BOND   =     10413.0819  ANGLE   =     27745.8176  DIHED      =     32652.8218
 1-4 NB =     12417.0788  1-4 EEL =    135163.7015  VDWAALS    =    152852.7687
 EELEC  =  -1651915.1840  EHBOND  =         0.0000  RESTRAINT  =         0.0000
 EKCMT  =    111941.4110  VIRIAL  =    111384.1399  VOLUME     =   4334530.6614
                                                    Density    =         1.0088
 ------------------------------------------------------------------------------


 NSTEP =  5700000   TIME(PS) =  111975.000  TEMP(K) =   300.85  PRESS =   -41.3
 Etot   =  -1017303.0939  EKtot   =    263963.0625  EPtot      =  -1281266.1564
 BOND   =     10481.1172  ANGLE   =     27923.8663  DIHED      =     32702.4337
 1-4 NB =     12352.2480  1-4 EEL =    134907.5189  VDWAALS    =    153263.2980
 EELEC  =  -1652896.6386  EHBOND  =         0.0000  RESTRAINT  =         0.0000
 EKCMT  =    112441.9246  VIRIAL  =    116309.4346  VOLUME     =   4334328.3388
                                                    Density    =         1.0089
 ------------------------------------------------------------------------------


 NSTEP =  5750000   TIME(PS) =  112075.000  TEMP(K) =   299.93  PRESS =    12.1
 Etot   =  -1017880.4968  EKtot   =    263160.8125  EPtot      =  -1281041.3093
 BOND   =     10494.5156  ANGLE   =     27896.4038  DIHED      =     32627.8868
 1-4 NB =     12405.7420  1-4 EEL =    135147.1389  VDWAALS    =    153055.0122
 EELEC  =  -1652668.0086  EHBOND  =         0.0000  RESTRAINT  =         0.0000
 EKCMT  =    111999.3123  VIRIAL  =    110867.9524  VOLUME     =   4334298.6493
                                                    Density    =         1.0089
 ------------------------------------------------------------------------------


 NSTEP =  5800000   TIME(PS) =  112175.000  TEMP(K) =   299.95  PRESS =    42.6
 Etot   =  -1016661.4459  EKtot   =    263174.3125  EPtot      =  -1279835.7584
 BOND   =     10384.9002  ANGLE   =     27877.7175  DIHED      =     32732.2368
 1-4 NB =     12299.7719  1-4 EEL =    134826.0526  VDWAALS    =    152854.2842
 EELEC  =  -1650810.7216  EHBOND  =         0.0000  RESTRAINT  =         0.0000
 EKCMT  =    112118.4561  VIRIAL  =    108132.9896  VOLUME     =   4332443.8009
                                                    Density    =         1.0093
 ------------------------------------------------------------------------------


 NSTEP =  5850000   TIME(PS) =  112275.000  TEMP(K) =   300.07  PRESS =   -31.6
 Etot   =  -1017004.1231  EKtot   =    263284.2812  EPtot      =  -1280288.4044
 BOND   =     10412.1525  ANGLE   =     28014.1550  DIHED      =     32633.1491
 1-4 NB =     12389.2136  1-4 EEL =    134886.9902  VDWAALS    =    152629.7529
 EELEC  =  -1651253.8176  EHBOND  =         0.0000  RESTRAINT  =         0.0000
 EKCMT  =    112341.1643  VIRIAL  =    115295.9984  VOLUME     =   4332974.3904
                                                    Density    =         1.0092
 ------------------------------------------------------------------------------


 NSTEP =  5900000   TIME(PS) =  112375.000  TEMP(K) =   299.60  PRESS =    15.0
 Etot   =  -1017636.7532  EKtot   =    262866.3125  EPtot      =  -1280503.0657
 BOND   =     10414.7865  ANGLE   =     27907.5028  DIHED      =     32536.0035
 1-4 NB =     12374.8872  1-4 EEL =    135040.5737  VDWAALS    =    152322.3088
 EELEC  =  -1651099.1282  EHBOND  =         0.0000  RESTRAINT  =         0.0000
 EKCMT  =    112066.1003  VIRIAL  =    110666.7085  VOLUME     =   4332720.5529
                                                    Density    =         1.0092
 ------------------------------------------------------------------------------


 NSTEP =  5950000   TIME(PS) =  112475.000  TEMP(K) =   299.98  PRESS =   -53.2
 Etot   =  -1017013.7978  EKtot   =    263202.2812  EPtot      =  -1280216.0790
 BOND   =     10681.2317  ANGLE   =     27777.5893  DIHED      =     32645.2549
 1-4 NB =     12379.1956  1-4 EEL =    134870.9317  VDWAALS    =    152498.0582
 EELEC  =  -1651068.3404  EHBOND  =         0.0000  RESTRAINT  =         0.0000
 EKCMT  =    112163.6268  VIRIAL  =    117136.4953  VOLUME     =   4331506.8382
                                                    Density    =         1.0095
 ------------------------------------------------------------------------------


 NSTEP =  6000000   TIME(PS) =  112575.000  TEMP(K) =   300.36  PRESS =     6.2
 Etot   =  -1016716.2233  EKtot   =    263537.8438  EPtot      =  -1280254.0670
 BOND   =     10514.3709  ANGLE   =     27769.0039  DIHED      =     32592.3306
 1-4 NB =     12318.1030  1-4 EEL =    135064.6785  VDWAALS    =    152143.6880
 EELEC  =  -1650656.2419  EHBOND  =         0.0000  RESTRAINT  =         0.0000
 EKCMT  =    112338.5303  VIRIAL  =    111758.0428  VOLUME     =   4331563.8769
                                                    Density    =         1.0095
 ------------------------------------------------------------------------------


 NSTEP =  6050000   TIME(PS) =  112675.000  TEMP(K) =   299.48  PRESS =   -11.9
 Etot   =  -1018301.7063  EKtot   =    262763.9062  EPtot      =  -1281065.6126
 BOND   =     10470.1632  ANGLE   =     27891.7427  DIHED      =     32561.0385
 1-4 NB =     12356.7299  1-4 EEL =    134947.7720  VDWAALS    =    152968.9964
 EELEC  =  -1652262.0554  EHBOND  =         0.0000  RESTRAINT  =         0.0000
 EKCMT  =    111791.2362  VIRIAL  =    112903.3056  VOLUME     =   4330948.2658
                                                    Density    =         1.0097
 ------------------------------------------------------------------------------


 NSTEP =  6100000   TIME(PS) =  112775.000  TEMP(K) =   300.54  PRESS =   -38.0
 Etot   =  -1015939.0577  EKtot   =    263689.7188  EPtot      =  -1279628.7764
 BOND   =     10514.3372  ANGLE   =     27799.6958  DIHED      =     32499.5256
 1-4 NB =     12384.5034  1-4 EEL =    135131.3339  VDWAALS    =    151629.0355
 EELEC  =  -1649587.2078  EHBOND  =         0.0000  RESTRAINT  =         0.0000
 EKCMT  =    112239.0017  VIRIAL  =    115797.2888  VOLUME     =   4332921.0248
                                                    Density    =         1.0092
 ------------------------------------------------------------------------------


 NSTEP =  6150000   TIME(PS) =  112875.000  TEMP(K) =   299.93  PRESS =   -81.7
 Etot   =  -1018411.7338  EKtot   =    263158.6875  EPtot      =  -1281570.4213
 BOND   =     10329.6478  ANGLE   =     27787.5951  DIHED      =     32517.4132
 1-4 NB =     12360.7465  1-4 EEL =    135006.0590  VDWAALS    =    152097.3407
 EELEC  =  -1651669.2237  EHBOND  =         0.0000  RESTRAINT  =         0.0000
 EKCMT  =    111970.3770  VIRIAL  =    119615.6539  VOLUME     =   4331900.4867
                                                    Density    =         1.0094
 ------------------------------------------------------------------------------


 NSTEP =  6200000   TIME(PS) =  112975.000  TEMP(K) =   300.84  PRESS =   -24.8
 Etot   =  -1017132.5472  EKtot   =    263961.6250  EPtot      =  -1281094.1722
 BOND   =     10475.6149  ANGLE   =     27795.5096  DIHED      =     32657.6934
 1-4 NB =     12378.2471  1-4 EEL =    135130.5875  VDWAALS    =    152833.2509
 EELEC  =  -1652365.0756  EHBOND  =         0.0000  RESTRAINT  =         0.0000
 EKCMT  =    112488.8989  VIRIAL  =    114809.5773  VOLUME     =   4335102.6948
                                                    Density    =         1.0087
 ------------------------------------------------------------------------------


 NSTEP =  6250000   TIME(PS) =  113075.000  TEMP(K) =   300.15  PRESS =    -5.9
 Etot   =  -1016620.2394  EKtot   =    263351.8438  EPtot      =  -1279972.0831
 BOND   =     10427.7009  ANGLE   =     27685.8667  DIHED      =     32669.9484
 1-4 NB =     12376.5239  1-4 EEL =    135198.6055  VDWAALS    =    151436.3720
 EELEC  =  -1649767.1006  EHBOND  =         0.0000  RESTRAINT  =         0.0000
 EKCMT  =    112237.7851  VIRIAL  =    112789.2182  VOLUME     =   4335091.5464
                                                    Density    =         1.0087
 ------------------------------------------------------------------------------


 NSTEP =  6300000   TIME(PS) =  113175.000  TEMP(K) =   300.24  PRESS =    11.9
 Etot   =  -1017655.5515  EKtot   =    263430.5625  EPtot      =  -1281086.1140
 BOND   =     10456.6764  ANGLE   =     27870.5594  DIHED      =     32514.4071
 1-4 NB =     12397.2090  1-4 EEL =    135087.3731  VDWAALS    =    153532.6859
 EELEC  =  -1652945.0248  EHBOND  =         0.0000  RESTRAINT  =         0.0000
 EKCMT  =    112385.9588  VIRIAL  =    111270.6164  VOLUME     =   4333099.5986
                                                    Density    =         1.0092
 ------------------------------------------------------------------------------


 NSTEP =  6350000   TIME(PS) =  113275.000  TEMP(K) =   299.87  PRESS =    58.8
 Etot   =  -1017851.1674  EKtot   =    263104.4688  EPtot      =  -1280955.6362
 BOND   =     10524.9691  ANGLE   =     28063.9570  DIHED      =     32553.7630
 1-4 NB =     12403.7171  1-4 EEL =    135121.8782  VDWAALS    =    152263.4449
 EELEC  =  -1651887.3655  EHBOND  =         0.0000  RESTRAINT  =         0.0000
 EKCMT  =    112147.2524  VIRIAL  =    106651.4694  VOLUME     =   4330114.1050
                                                    Density    =         1.0099
 ------------------------------------------------------------------------------


 NSTEP =  6400000   TIME(PS) =  113375.000  TEMP(K) =   300.40  PRESS =    17.6
 Etot   =  -1017311.8053  EKtot   =    263572.1875  EPtot      =  -1280883.9928
 BOND   =     10229.4608  ANGLE   =     27933.4856  DIHED      =     32614.1096
 1-4 NB =     12417.5541  1-4 EEL =    135237.0907  VDWAALS    =    153133.0477
 EELEC  =  -1652448.7413  EHBOND  =         0.0000  RESTRAINT  =         0.0000
 EKCMT  =    112000.1016  VIRIAL  =    110349.8565  VOLUME     =   4335054.1375
                                                    Density    =         1.0087
 ------------------------------------------------------------------------------


 NSTEP =  6450000   TIME(PS) =  113475.000  TEMP(K) =   299.67  PRESS =    84.4
 Etot   =  -1017726.9750  EKtot   =    262931.9688  EPtot      =  -1280658.9438
 BOND   =     10538.7360  ANGLE   =     27930.3907  DIHED      =     32583.8318
 1-4 NB =     12390.3713  1-4 EEL =    134952.4521  VDWAALS    =    152913.5649
 EELEC  =  -1651968.2906  EHBOND  =         0.0000  RESTRAINT  =         0.0000
 EKCMT  =    112279.5559  VIRIAL  =    104387.5082  VOLUME     =   4333230.5210
                                                    Density    =         1.0091
 ------------------------------------------------------------------------------


 NSTEP =  6500000   TIME(PS) =  113575.000  TEMP(K) =   300.12  PRESS =    -2.6
 Etot   =  -1017129.0113  EKtot   =    263328.0312  EPtot      =  -1280457.0426
 BOND   =     10520.0658  ANGLE   =     27759.0060  DIHED      =     32725.7838
 1-4 NB =     12354.3578  1-4 EEL =    135012.2111  VDWAALS    =    152856.7010
 EELEC  =  -1651685.1682  EHBOND  =         0.0000  RESTRAINT  =         0.0000
 EKCMT  =    112091.6037  VIRIAL  =    112331.4820  VOLUME     =   4330452.6249
                                                    Density    =         1.0098
 ------------------------------------------------------------------------------


 NSTEP =  6550000   TIME(PS) =  113675.000  TEMP(K) =   299.62  PRESS =    63.8
 Etot   =  -1017468.3670  EKtot   =    262887.8125  EPtot      =  -1280356.1795
 BOND   =     10425.2436  ANGLE   =     27718.5011  DIHED      =     32626.9519
 1-4 NB =     12396.2589  1-4 EEL =    135070.5078  VDWAALS    =    152692.3183
 EELEC  =  -1651285.9611  EHBOND  =         0.0000  RESTRAINT  =         0.0000
 EKCMT  =    112065.7125  VIRIAL  =    106098.2359  VOLUME     =   4333254.9038
                                                    Density    =         1.0091
 ------------------------------------------------------------------------------


 NSTEP =  6600000   TIME(PS) =  113775.000  TEMP(K) =   299.98  PRESS =    18.3
 Etot   =  -1018019.0687  EKtot   =    263205.3750  EPtot      =  -1281224.4437
 BOND   =     10379.1187  ANGLE   =     27900.1191  DIHED      =     32665.4674
 1-4 NB =     12394.0204  1-4 EEL =    135113.2696  VDWAALS    =    153313.4547
 EELEC  =  -1652989.8937  EHBOND  =         0.0000  RESTRAINT  =         0.0000
 EKCMT  =    112172.9809  VIRIAL  =    110460.7802  VOLUME     =   4332919.1548
                                                    Density    =         1.0092
 ------------------------------------------------------------------------------


 NSTEP =  6650000   TIME(PS) =  113875.000  TEMP(K) =   300.11  PRESS =    21.3
 Etot   =  -1017752.3920  EKtot   =    263315.3438  EPtot      =  -1281067.7357
 BOND   =     10546.6629  ANGLE   =     27714.0057  DIHED      =     32668.5392
 1-4 NB =     12396.8177  1-4 EEL =    135071.8008  VDWAALS    =    152945.3540
 EELEC  =  -1652410.9159  EHBOND  =         0.0000  RESTRAINT  =         0.0000
 EKCMT  =    112247.1520  VIRIAL  =    110259.2540  VOLUME     =   4331650.6533
                                                    Density    =         1.0095
 ------------------------------------------------------------------------------


 NSTEP =  6700000   TIME(PS) =  113975.000  TEMP(K) =   300.44  PRESS =   -49.3
 Etot   =  -1016270.6196  EKtot   =    263602.4375  EPtot      =  -1279873.0571
 BOND   =     10456.8333  ANGLE   =     28047.5236  DIHED      =     32603.5640
 1-4 NB =     12313.4549  1-4 EEL =    134909.3453  VDWAALS    =    152268.3860
 EELEC  =  -1650472.1642  EHBOND  =         0.0000  RESTRAINT  =         0.0000
 EKCMT  =    112178.9893  VIRIAL  =    116789.4576  VOLUME     =   4334068.3831
                                                    Density    =         1.0089
 ------------------------------------------------------------------------------


 NSTEP =  6750000   TIME(PS) =  114075.000  TEMP(K) =   300.15  PRESS =    69.8
 Etot   =  -1016052.6729  EKtot   =    263349.4375  EPtot      =  -1279402.1104
 BOND   =     10458.4879  ANGLE   =     27819.5115  DIHED      =     32655.0159
 1-4 NB =     12439.6163  1-4 EEL =    135157.0009  VDWAALS    =    152866.9977
 EELEC  =  -1650798.7405  EHBOND  =         0.0000  RESTRAINT  =         0.0000
 EKCMT  =    112174.5238  VIRIAL  =    105646.3101  VOLUME     =   4332054.5169
                                                    Density    =         1.0094
 ------------------------------------------------------------------------------


 NSTEP =  6800000   TIME(PS) =  114175.000  TEMP(K) =   299.79  PRESS =    23.4
 Etot   =  -1017180.4390  EKtot   =    263036.0000  EPtot      =  -1280216.4390
 BOND   =     10509.7460  ANGLE   =     27796.3199  DIHED      =     32663.7143
 1-4 NB =     12433.4090  1-4 EEL =    134997.2090  VDWAALS    =    152832.8167
 EELEC  =  -1651449.6539  EHBOND  =         0.0000  RESTRAINT  =         0.0000
 EKCMT  =    111731.2721  VIRIAL  =    109541.8975  VOLUME     =   4331504.7667
                                                    Density    =         1.0095
 ------------------------------------------------------------------------------


 NSTEP =  6850000   TIME(PS) =  114275.000  TEMP(K) =   299.98  PRESS =    96.8
 Etot   =  -1017119.2344  EKtot   =    263204.6875  EPtot      =  -1280323.9219
 BOND   =     10276.0524  ANGLE   =     27895.3327  DIHED      =     32738.3117
 1-4 NB =     12365.4761  1-4 EEL =    134872.6746  VDWAALS    =    152488.5592
 EELEC  =  -1650960.3287  EHBOND  =         0.0000  RESTRAINT  =         0.0000
 EKCMT  =    112366.0875  VIRIAL  =    103311.2629  VOLUME     =   4332288.0047
                                                    Density    =         1.0093
 ------------------------------------------------------------------------------


 NSTEP =  6900000   TIME(PS) =  114375.000  TEMP(K) =   300.29  PRESS =   -50.9
 Etot   =  -1016962.7259  EKtot   =    263471.5938  EPtot      =  -1280434.3197
 BOND   =     10647.2844  ANGLE   =     27782.6492  DIHED      =     32781.3898
 1-4 NB =     12374.9116  1-4 EEL =    135123.5582  VDWAALS    =    153357.7351
 EELEC  =  -1652501.8480  EHBOND  =         0.0000  RESTRAINT  =         0.0000
 EKCMT  =    112354.2803  VIRIAL  =    117118.4566  VOLUME     =   4333887.3805
                                                    Density    =         1.0090
 ------------------------------------------------------------------------------


 NSTEP =  6950000   TIME(PS) =  114475.000  TEMP(K) =   300.06  PRESS =    23.0
 Etot   =  -1017152.7329  EKtot   =    263268.7812  EPtot      =  -1280421.5142
 BOND   =     10301.8414  ANGLE   =     28183.8470  DIHED      =     32584.9627
 1-4 NB =     12323.0986  1-4 EEL =    135014.2191  VDWAALS    =    152756.3807
 EELEC  =  -1651585.8637  EHBOND  =         0.0000  RESTRAINT  =         0.0000
 EKCMT  =    112401.1602  VIRIAL  =    110248.1014  VOLUME     =   4334263.2019
                                                    Density    =         1.0089
 ------------------------------------------------------------------------------


 NSTEP =  7000000   TIME(PS) =  114575.000  TEMP(K) =   300.06  PRESS =   -20.6
 Etot   =  -1017197.0360  EKtot   =    263272.2500  EPtot      =  -1280469.2860
 BOND   =     10516.3477  ANGLE   =     27979.5671  DIHED      =     32596.8718
 1-4 NB =     12371.2790  1-4 EEL =    134940.6815  VDWAALS    =    152144.9130
 EELEC  =  -1651018.9462  EHBOND  =         0.0000  RESTRAINT  =         0.0000
 EKCMT  =    112089.8171  VIRIAL  =    114021.4861  VOLUME     =   4335302.2729
                                                    Density    =         1.0086
 ------------------------------------------------------------------------------


 NSTEP =  7050000   TIME(PS) =  114675.000  TEMP(K) =   300.27  PRESS =   -70.8
 Etot   =  -1017028.2321  EKtot   =    263460.8438  EPtot      =  -1280489.0758
 BOND   =     10336.9799  ANGLE   =     27872.3308  DIHED      =     32750.6558
 1-4 NB =     12354.4206  1-4 EEL =    134964.1552  VDWAALS    =    151993.0646
 EELEC  =  -1650760.6828  EHBOND  =         0.0000  RESTRAINT  =         0.0000
 EKCMT  =    112504.2280  VIRIAL  =    119131.4243  VOLUME     =   4332665.0685
                                                    Density    =         1.0093
 ------------------------------------------------------------------------------


 NSTEP =  7100000   TIME(PS) =  114775.000  TEMP(K) =   300.46  PRESS =   -78.4
 Etot   =  -1016171.5130  EKtot   =    263621.7500  EPtot      =  -1279793.2630
 BOND   =     10376.1880  ANGLE   =     27881.3386  DIHED      =     32665.3282
 1-4 NB =     12389.8858  1-4 EEL =    135184.9773  VDWAALS    =    151398.8617
 EELEC  =  -1649689.8427  EHBOND  =         0.0000  RESTRAINT  =         0.0000
 EKCMT  =    112332.1627  VIRIAL  =    119669.4349  VOLUME     =   4334409.5588
                                                    Density    =         1.0089
 ------------------------------------------------------------------------------


 NSTEP =  7150000   TIME(PS) =  114875.000  TEMP(K) =   300.27  PRESS =   -29.1
 Etot   =  -1016280.1645  EKtot   =    263456.0000  EPtot      =  -1279736.1645
 BOND   =     10455.5910  ANGLE   =     27969.1050  DIHED      =     32822.2939
 1-4 NB =     12365.2555  1-4 EEL =    135027.6092  VDWAALS    =    153062.9853
 EELEC  =  -1651439.0044  EHBOND  =         0.0000  RESTRAINT  =         0.0000
 EKCMT  =    111903.5254  VIRIAL  =    114628.1521  VOLUME     =   4331469.6754
                                                    Density    =         1.0095
 ------------------------------------------------------------------------------


 NSTEP =  7200000   TIME(PS) =  114975.000  TEMP(K) =   299.58  PRESS =   -27.3
 Etot   =  -1017987.0017  EKtot   =    262849.4688  EPtot      =  -1280836.4705
 BOND   =     10504.1839  ANGLE   =     27582.1487  DIHED      =     32650.7426
 1-4 NB =     12359.2900  1-4 EEL =    135190.5045  VDWAALS    =    152267.5818
 EELEC  =  -1651390.9218  EHBOND  =         0.0000  RESTRAINT  =         0.0000
 EKCMT  =    111832.5249  VIRIAL  =    114384.6079  VOLUME     =   4335698.0773
                                                    Density    =         1.0086
 ------------------------------------------------------------------------------


 NSTEP =  7250000   TIME(PS) =  115075.000  TEMP(K) =   300.09  PRESS =    16.6
 Etot   =  -1017068.4567  EKtot   =    263295.6250  EPtot      =  -1280364.0817
 BOND   =     10531.1765  ANGLE   =     27886.4399  DIHED      =     32760.8402
 1-4 NB =     12364.1512  1-4 EEL =    135090.4477  VDWAALS    =    152371.0563
 EELEC  =  -1651368.1934  EHBOND  =         0.0000  RESTRAINT  =         0.0000
 EKCMT  =    111998.7268  VIRIAL  =    110442.9227  VOLUME     =   4334060.8752
                                                    Density    =         1.0089
 ------------------------------------------------------------------------------


 NSTEP =  7300000   TIME(PS) =  115175.000  TEMP(K) =   300.29  PRESS =   -76.6
 Etot   =  -1017586.1860  EKtot   =    263475.0625  EPtot      =  -1281061.2485
 BOND   =     10349.9274  ANGLE   =     28135.1291  DIHED      =     32851.3231
 1-4 NB =     12383.7069  1-4 EEL =    134882.5325  VDWAALS    =    152451.0527
 EELEC  =  -1652114.9202  EHBOND  =         0.0000  RESTRAINT  =         0.0000
 EKCMT  =    112399.3093  VIRIAL  =    119567.1785  VOLUME     =   4332439.6555
                                                    Density    =         1.0093
 ------------------------------------------------------------------------------


 NSTEP =  7350000   TIME(PS) =  115275.000  TEMP(K) =   300.40  PRESS =    55.1
 Etot   =  -1016893.9306  EKtot   =    263572.1562  EPtot      =  -1280466.0869
 BOND   =     10495.0226  ANGLE   =     27903.4758  DIHED      =     32609.2368
 1-4 NB =     12386.8731  1-4 EEL =    134975.9034  VDWAALS    =    152598.1575
 EELEC  =  -1651434.7560  EHBOND  =         0.0000  RESTRAINT  =         0.0000
 EKCMT  =    112391.1056  VIRIAL  =    107230.9744  VOLUME     =   4334132.4681
                                                    Density    =         1.0089
 ------------------------------------------------------------------------------


 NSTEP =  7400000   TIME(PS) =  115375.000  TEMP(K) =   301.12  PRESS =    27.2
 Etot   =  -1016305.6386  EKtot   =    264199.2188  EPtot      =  -1280504.8573
 BOND   =     10466.4544  ANGLE   =     27793.8025  DIHED      =     32822.6867
 1-4 NB =     12449.4170  1-4 EEL =    135453.1946  VDWAALS    =    153235.3910
 EELEC  =  -1652725.8035  EHBOND  =         0.0000  RESTRAINT  =         0.0000
 EKCMT  =    112667.8454  VIRIAL  =    110125.9179  VOLUME     =   4330825.6283
                                                    Density    =         1.0097
 ------------------------------------------------------------------------------


 NSTEP =  7450000   TIME(PS) =  115475.000  TEMP(K) =   299.63  PRESS =   -37.3
 Etot   =  -1017986.9177  EKtot   =    262895.7188  EPtot      =  -1280882.6364
 BOND   =     10495.0407  ANGLE   =     28114.7174  DIHED      =     32614.9874
 1-4 NB =     12360.0552  1-4 EEL =    134985.0735  VDWAALS    =    153204.8062
 EELEC  =  -1652657.3169  EHBOND  =         0.0000  RESTRAINT  =         0.0000
 EKCMT  =    111949.8515  VIRIAL  =    115440.1503  VOLUME     =   4332399.3511
                                                    Density    =         1.0093
 ------------------------------------------------------------------------------


 NSTEP =  7500000   TIME(PS) =  115575.000  TEMP(K) =   300.20  PRESS =   -64.4
 Etot   =  -1017868.3530  EKtot   =    263394.4375  EPtot      =  -1281262.7905
 BOND   =     10412.0587  ANGLE   =     27982.3812  DIHED      =     32661.1644
 1-4 NB =     12317.8121  1-4 EEL =    135202.1966  VDWAALS    =    152118.5848
 EELEC  =  -1651956.9884  EHBOND  =         0.0000  RESTRAINT  =         0.0000
 EKCMT  =    112177.5887  VIRIAL  =    118200.6447  VOLUME     =   4334506.1174
                                                    Density    =         1.0088
 ------------------------------------------------------------------------------


 NSTEP =  7550000   TIME(PS) =  115675.000  TEMP(K) =   300.26  PRESS =   101.7
 Etot   =  -1016740.8420  EKtot   =    263447.9062  EPtot      =  -1280188.7482
 BOND   =     10483.6995  ANGLE   =     28023.8940  DIHED      =     32639.4879
 1-4 NB =     12331.2888  1-4 EEL =    135063.5284  VDWAALS    =    152704.3769
 EELEC  =  -1651435.0237  EHBOND  =         0.0000  RESTRAINT  =         0.0000
 EKCMT  =    112317.8951  VIRIAL  =    102793.2676  VOLUME     =   4337651.9156
                                                    Density    =         1.0081
 ------------------------------------------------------------------------------


 NSTEP =  7600000   TIME(PS) =  115775.000  TEMP(K) =   300.29  PRESS =    47.9
 Etot   =  -1017667.4068  EKtot   =    263471.7500  EPtot      =  -1281139.1568
 BOND   =     10487.9054  ANGLE   =     27941.6402  DIHED      =     32575.6696
 1-4 NB =     12289.4913  1-4 EEL =    135184.8045  VDWAALS    =    152880.8223
 EELEC  =  -1652499.4901  EHBOND  =         0.0000  RESTRAINT  =         0.0000
 EKCMT  =    112382.3344  VIRIAL  =    107897.1464  VOLUME     =   4334731.7997
                                                    Density    =         1.0088
 ------------------------------------------------------------------------------


 NSTEP =  7650000   TIME(PS) =  115875.000  TEMP(K) =   300.00  PRESS =   -61.5
 Etot   =  -1017455.8784  EKtot   =    263220.7188  EPtot      =  -1280676.5972
 BOND   =     10486.3678  ANGLE   =     27772.3353  DIHED      =     32634.0010
 1-4 NB =     12378.5700  1-4 EEL =    135194.8694  VDWAALS    =    151794.6329
 EELEC  =  -1650937.3737  EHBOND  =         0.0000  RESTRAINT  =         0.0000
 EKCMT  =    112467.6353  VIRIAL  =    118217.6951  VOLUME     =   4331592.4846
                                                    Density    =         1.0095
 ------------------------------------------------------------------------------


 NSTEP =  7700000   TIME(PS) =  115975.000  TEMP(K) =   299.69  PRESS =   -47.5
 Etot   =  -1017143.2548  EKtot   =    262951.1250  EPtot      =  -1280094.3798
 BOND   =     10511.3518  ANGLE   =     28057.6745  DIHED      =     32750.0802
 1-4 NB =     12285.3270  1-4 EEL =    134907.8257  VDWAALS    =    151736.0092
 EELEC  =  -1650342.6482  EHBOND  =         0.0000  RESTRAINT  =         0.0000
 EKCMT  =    112152.0673  VIRIAL  =    116600.2121  VOLUME     =   4333982.1821
                                                    Density    =         1.0090
 ------------------------------------------------------------------------------


 NSTEP =  7750000   TIME(PS) =  116075.000  TEMP(K) =   300.14  PRESS =   -48.4
 Etot   =  -1016591.8080  EKtot   =    263338.8125  EPtot      =  -1279930.6205
 BOND   =     10457.4098  ANGLE   =     27970.5935  DIHED      =     32671.7702
 1-4 NB =     12360.2337  1-4 EEL =    135108.0153  VDWAALS    =    152848.1511
 EELEC  =  -1651346.7939  EHBOND  =         0.0000  RESTRAINT  =         0.0000
 EKCMT  =    112066.5919  VIRIAL  =    116589.9636  VOLUME     =   4332901.3231
                                                    Density    =         1.0092
 ------------------------------------------------------------------------------


 NSTEP =  7800000   TIME(PS) =  116175.000  TEMP(K) =   300.15  PRESS =   -27.4
 Etot   =  -1017875.7725  EKtot   =    263353.3750  EPtot      =  -1281229.1475
 BOND   =     10388.4885  ANGLE   =     27640.1559  DIHED      =     32748.7530
 1-4 NB =     12263.4329  1-4 EEL =    135079.4818  VDWAALS    =    152300.9642
 EELEC  =  -1651650.4238  EHBOND  =         0.0000  RESTRAINT  =         0.0000
 EKCMT  =    112046.3575  VIRIAL  =    114604.3287  VOLUME     =   4330176.2588
                                                    Density    =         1.0098
 ------------------------------------------------------------------------------


 NSTEP =  7850000   TIME(PS) =  116275.000  TEMP(K) =   300.36  PRESS =    -3.0
 Etot   =  -1017460.9721  EKtot   =    263535.1562  EPtot      =  -1280996.1283
 BOND   =     10522.2202  ANGLE   =     27890.6369  DIHED      =     32713.7566
 1-4 NB =     12343.9558  1-4 EEL =    134860.2502  VDWAALS    =    152447.8220
 EELEC  =  -1651774.7701  EHBOND  =         0.0000  RESTRAINT  =         0.0000
 EKCMT  =    112241.9394  VIRIAL  =    112517.9424  VOLUME     =   4331925.4043
                                                    Density    =         1.0094
 ------------------------------------------------------------------------------


 NSTEP =  7900000   TIME(PS) =  116375.000  TEMP(K) =   299.87  PRESS =   -32.7
 Etot   =  -1016592.1372  EKtot   =    263108.7500  EPtot      =  -1279700.8872
 BOND   =     10409.6241  ANGLE   =     27490.8483  DIHED      =     32644.7217
 1-4 NB =     12443.3320  1-4 EEL =    134986.1505  VDWAALS    =    152284.8171
 EELEC  =  -1649960.3809  EHBOND  =         0.0000  RESTRAINT  =         0.0000
 EKCMT  =    112175.5357  VIRIAL  =    115236.1025  VOLUME     =   4332129.6856
                                                    Density    =         1.0094
 ------------------------------------------------------------------------------


 NSTEP =  7950000   TIME(PS) =  116475.000  TEMP(K) =   299.87  PRESS =    13.6
 Etot   =  -1018500.9222  EKtot   =    263103.5938  EPtot      =  -1281604.5160
 BOND   =     10386.1170  ANGLE   =     27948.9629  DIHED      =     32644.0550
 1-4 NB =     12460.5070  1-4 EEL =    135116.7730  VDWAALS    =    151921.0180
 EELEC  =  -1652081.9489  EHBOND  =         0.0000  RESTRAINT  =         0.0000
 EKCMT  =    112359.8905  VIRIAL  =    111084.9001  VOLUME     =   4333105.8685
                                                    Density    =         1.0092
 ------------------------------------------------------------------------------


 NSTEP =  8000000   TIME(PS) =  116575.000  TEMP(K) =   299.46  PRESS =   -25.9
 Etot   =  -1018148.0319  EKtot   =    262748.2500  EPtot      =  -1280896.2819
 BOND   =     10340.4822  ANGLE   =     28047.9411  DIHED      =     32672.6903
 1-4 NB =     12452.9845  1-4 EEL =    134995.5225  VDWAALS    =    152263.8995
 EELEC  =  -1651669.8020  EHBOND  =         0.0000  RESTRAINT  =         0.0000
 EKCMT  =    111759.3085  VIRIAL  =    114184.1413  VOLUME     =   4334928.5717
                                                    Density    =         1.0087
 ------------------------------------------------------------------------------


 NSTEP =  8050000   TIME(PS) =  116675.000  TEMP(K) =   300.35  PRESS =    21.6
 Etot   =  -1018761.0126  EKtot   =    263524.8750  EPtot      =  -1282285.8876
 BOND   =     10547.2949  ANGLE   =     27799.5754  DIHED      =     32595.8406
 1-4 NB =     12422.6715  1-4 EEL =    135131.0993  VDWAALS    =    153669.0156
 EELEC  =  -1654451.3849  EHBOND  =         0.0000  RESTRAINT  =         0.0000
 EKCMT  =    112431.6602  VIRIAL  =    110412.5890  VOLUME     =   4334308.7251
                                                    Density    =         1.0089
 ------------------------------------------------------------------------------


 NSTEP =  8100000   TIME(PS) =  116775.000  TEMP(K) =   300.92  PRESS =    61.3
 Etot   =  -1016563.9526  EKtot   =    264030.0938  EPtot      =  -1280594.0464
 BOND   =     10366.5472  ANGLE   =     27720.0703  DIHED      =     32617.8655
 1-4 NB =     12414.8998  1-4 EEL =    135119.6639  VDWAALS    =    152194.3834
 EELEC  =  -1651027.4765  EHBOND  =         0.0000  RESTRAINT  =         0.0000
 EKCMT  =    112344.2640  VIRIAL  =    106607.3943  VOLUME     =   4333997.0547
                                                    Density    =         1.0089
 ------------------------------------------------------------------------------


 NSTEP =  8150000   TIME(PS) =  116875.000  TEMP(K) =   300.24  PRESS =     3.4
 Etot   =  -1016933.6761  EKtot   =    263430.2188  EPtot      =  -1280363.8949
 BOND   =     10385.9247  ANGLE   =     28023.7616  DIHED      =     32687.1420
 1-4 NB =     12435.4767  1-4 EEL =    135157.6060  VDWAALS    =    152501.8780
 EELEC  =  -1651555.6838  EHBOND  =         0.0000  RESTRAINT  =         0.0000
 EKCMT  =    112797.3236  VIRIAL  =    112479.0293  VOLUME     =   4335726.5394
                                                    Density    =         1.0085
 ------------------------------------------------------------------------------


 NSTEP =  8200000   TIME(PS) =  116975.000  TEMP(K) =   299.79  PRESS =   -14.2
 Etot   =  -1018042.4697  EKtot   =    263031.6875  EPtot      =  -1281074.1572
 BOND   =     10615.5373  ANGLE   =     28064.8402  DIHED      =     32766.4847
 1-4 NB =     12410.2699  1-4 EEL =    135074.7153  VDWAALS    =    152958.7920
 EELEC  =  -1652964.7965  EHBOND  =         0.0000  RESTRAINT  =         0.0000
 EKCMT  =    112070.6634  VIRIAL  =    113398.9518  VOLUME     =   4332234.5243
                                                    Density    =         1.0094
 ------------------------------------------------------------------------------


 NSTEP =  8250000   TIME(PS) =  117075.000  TEMP(K) =   299.61  PRESS =     5.0
 Etot   =  -1017370.5598  EKtot   =    262875.0625  EPtot      =  -1280245.6223
 BOND   =     10422.1586  ANGLE   =     27883.9674  DIHED      =     32646.6986
 1-4 NB =     12414.9397  1-4 EEL =    135066.6891  VDWAALS    =    152275.1060
 EELEC  =  -1650955.1817  EHBOND  =         0.0000  RESTRAINT  =         0.0000
 EKCMT  =    112033.0877  VIRIAL  =    111567.5365  VOLUME     =   4330956.1193
                                                    Density    =         1.0097
 ------------------------------------------------------------------------------


 NSTEP =  8300000   TIME(PS) =  117175.000  TEMP(K) =   300.19  PRESS =    46.3
 Etot   =  -1017419.9317  EKtot   =    263386.2188  EPtot      =  -1280806.1505
 BOND   =     10459.8140  ANGLE   =     27903.0057  DIHED      =     32617.3754
 1-4 NB =     12459.2428  1-4 EEL =    135014.2308  VDWAALS    =    152118.4319
 EELEC  =  -1651378.2511  EHBOND  =         0.0000  RESTRAINT  =         0.0000
 EKCMT  =    112386.3901  VIRIAL  =    108061.1141  VOLUME     =   4329516.9443
                                                    Density    =         1.0100
 ------------------------------------------------------------------------------


 NSTEP =  8350000   TIME(PS) =  117275.000  TEMP(K) =   300.58  PRESS =   -34.4
 Etot   =  -1017462.0921  EKtot   =    263730.6562  EPtot      =  -1281192.7484
 BOND   =     10425.1176  ANGLE   =     27821.6281  DIHED      =     32628.0608
 1-4 NB =     12387.4580  1-4 EEL =    135157.6763  VDWAALS    =    152642.0052
 EELEC  =  -1652254.6943  EHBOND  =         0.0000  RESTRAINT  =         0.0000
 EKCMT  =    112696.5690  VIRIAL  =    115914.5660  VOLUME     =   4334859.5443
                                                    Density    =         1.0087
 ------------------------------------------------------------------------------


 NSTEP =  8400000   TIME(PS) =  117375.000  TEMP(K) =   299.92  PRESS =    15.6
 Etot   =  -1017389.6728  EKtot   =    263148.1875  EPtot      =  -1280537.8603
 BOND   =     10391.6102  ANGLE   =     27723.2820  DIHED      =     32681.9341
 1-4 NB =     12411.6146  1-4 EEL =    134857.5725  VDWAALS    =    153812.3824
 EELEC  =  -1652416.2561  EHBOND  =         0.0000  RESTRAINT  =         0.0000
 EKCMT  =    111937.6986  VIRIAL  =    110476.8261  VOLUME     =   4334217.6949
                                                    Density    =         1.0089
 ------------------------------------------------------------------------------


 NSTEP =  8450000   TIME(PS) =  117475.000  TEMP(K) =   300.32  PRESS =    10.7
 Etot   =  -1017379.9064  EKtot   =    263499.8125  EPtot      =  -1280879.7189
 BOND   =     10668.3226  ANGLE   =     27894.3276  DIHED      =     32811.5489
 1-4 NB =     12313.4705  1-4 EEL =    135050.7092  VDWAALS    =    152090.5127
 EELEC  =  -1651708.6105  EHBOND  =         0.0000  RESTRAINT  =         0.0000
 EKCMT  =    112335.5923  VIRIAL  =    111332.4159  VOLUME     =   4331900.6169
                                                    Density    =         1.0094
 ------------------------------------------------------------------------------


 NSTEP =  8500000   TIME(PS) =  117575.000  TEMP(K) =   300.65  PRESS =    71.2
 Etot   =  -1016007.0771  EKtot   =    263789.3438  EPtot      =  -1279796.4209
 BOND   =     10655.9304  ANGLE   =     27778.6525  DIHED      =     32709.2765
 1-4 NB =     12350.0384  1-4 EEL =    135244.9182  VDWAALS    =    152736.3227
 EELEC  =  -1651271.5596  EHBOND  =         0.0000  RESTRAINT  =         0.0000
 EKCMT  =    112377.4663  VIRIAL  =    105713.4375  VOLUME     =   4333964.0883
                                                    Density    =         1.0090
 ------------------------------------------------------------------------------


 NSTEP =  8550000   TIME(PS) =  117675.000  TEMP(K) =   299.48  PRESS =   -98.1
 Etot   =  -1017553.3949  EKtot   =    262761.4375  EPtot      =  -1280314.8324
 BOND   =     10432.3447  ANGLE   =     28055.8897  DIHED      =     32535.1596
 1-4 NB =     12345.0955  1-4 EEL =    135146.6634  VDWAALS    =    151987.3236
 EELEC  =  -1650817.3090  EHBOND  =         0.0000  RESTRAINT  =         0.0000
 EKCMT  =    112029.5160  VIRIAL  =    121208.5751  VOLUME     =   4332100.3866
                                                    Density    =         1.0094
 ------------------------------------------------------------------------------


 NSTEP =  8600000   TIME(PS) =  117775.000  TEMP(K) =   300.25  PRESS =    -5.4
 Etot   =  -1017364.8067  EKtot   =    263440.5312  EPtot      =  -1280805.3379
 BOND   =     10523.1541  ANGLE   =     27816.1436  DIHED      =     32706.9652
 1-4 NB =     12341.5172  1-4 EEL =    134881.8490  VDWAALS    =    152302.4821
 EELEC  =  -1651377.4491  EHBOND  =         0.0000  RESTRAINT  =         0.0000
 EKCMT  =    112474.6148  VIRIAL  =    112977.2075  VOLUME     =   4333891.8362
                                                    Density    =         1.0090
 ------------------------------------------------------------------------------


 NSTEP =  8650000   TIME(PS) =  117875.000  TEMP(K) =   299.72  PRESS =   103.3
 Etot   =  -1018089.4192  EKtot   =    262976.5938  EPtot      =  -1281066.0130
 BOND   =     10492.5594  ANGLE   =     27673.5738  DIHED      =     32646.0245
 1-4 NB =     12443.7811  1-4 EEL =    135380.5061  VDWAALS    =    153437.5143
 EELEC  =  -1653139.9720  EHBOND  =         0.0000  RESTRAINT  =         0.0000
 EKCMT  =    112013.5780  VIRIAL  =    102346.3706  VOLUME     =   4333210.2988
                                                    Density    =         1.0091
 ------------------------------------------------------------------------------


 NSTEP =  8700000   TIME(PS) =  117975.000  TEMP(K) =   300.35  PRESS =   -44.1
 Etot   =  -1017373.7270  EKtot   =    263525.0625  EPtot      =  -1280898.7895
 BOND   =     10505.3609  ANGLE   =     28035.1992  DIHED      =     32871.1846
 1-4 NB =     12339.7066  1-4 EEL =    134949.4975  VDWAALS    =    152277.5882
 EELEC  =  -1651877.3265  EHBOND  =         0.0000  RESTRAINT  =         0.0000
 EKCMT  =    112019.4686  VIRIAL  =    116151.3986  VOLUME     =   4334804.2754
                                                    Density    =         1.0088
 ------------------------------------------------------------------------------


 NSTEP =  8750000   TIME(PS) =  118075.000  TEMP(K) =   300.13  PRESS =    40.6
 Etot   =  -1017376.5147  EKtot   =    263337.9688  EPtot      =  -1280714.4835
 BOND   =     10458.8375  ANGLE   =     28017.9833  DIHED      =     32714.2536
 1-4 NB =     12449.6411  1-4 EEL =    135040.4112  VDWAALS    =    152473.4953
 EELEC  =  -1651869.1054  EHBOND  =         0.0000  RESTRAINT  =         0.0000
 EKCMT  =    112333.0220  VIRIAL  =    108527.3117  VOLUME     =   4336183.4227
                                                    Density    =         1.0084
 ------------------------------------------------------------------------------


 NSTEP =  8800000   TIME(PS) =  118175.000  TEMP(K) =   299.84  PRESS =    65.7
 Etot   =  -1017308.1512  EKtot   =    263077.5625  EPtot      =  -1280385.7137
 BOND   =     10409.3074  ANGLE   =     27880.9970  DIHED      =     32665.7304
 1-4 NB =     12463.7094  1-4 EEL =    135297.8987  VDWAALS    =    153689.4056
 EELEC  =  -1652792.7622  EHBOND  =         0.0000  RESTRAINT  =         0.0000
 EKCMT  =    112051.6344  VIRIAL  =    105897.8394  VOLUME     =   4336027.0812
                                                    Density    =         1.0085
 ------------------------------------------------------------------------------


 NSTEP =  8850000   TIME(PS) =  118275.000  TEMP(K) =   299.41  PRESS =   -22.0
 Etot   =  -1017095.7118  EKtot   =    262703.8125  EPtot      =  -1279799.5243
 BOND   =     10514.3080  ANGLE   =     27982.2217  DIHED      =     32629.5131
 1-4 NB =     12394.0266  1-4 EEL =    135139.6195  VDWAALS    =    152704.6762
 EELEC  =  -1651163.8895  EHBOND  =         0.0000  RESTRAINT  =         0.0000
 EKCMT  =    112013.3620  VIRIAL  =    114071.8308  VOLUME     =   4333422.8242
                                                    Density    =         1.0091
 ------------------------------------------------------------------------------


 NSTEP =  8900000   TIME(PS) =  118375.000  TEMP(K) =   299.25  PRESS =    47.5
 Etot   =  -1017516.2909  EKtot   =    262561.6875  EPtot      =  -1280077.9784
 BOND   =     10597.1444  ANGLE   =     27912.1949  DIHED      =     32643.0860
 1-4 NB =     12351.4383  1-4 EEL =    135150.5493  VDWAALS    =    152462.6599
 EELEC  =  -1651195.0513  EHBOND  =         0.0000  RESTRAINT  =         0.0000
 EKCMT  =    111705.1583  VIRIAL  =    107260.1741  VOLUME     =   4332418.6381
                                                    Density    =         1.0093
 ------------------------------------------------------------------------------


 NSTEP =  8950000   TIME(PS) =  118475.000  TEMP(K) =   300.62  PRESS =    42.9
 Etot   =  -1016241.9774  EKtot   =    263764.4062  EPtot      =  -1280006.3837
 BOND   =     10377.6888  ANGLE   =     27956.4443  DIHED      =     32511.5332
 1-4 NB =     12429.9733  1-4 EEL =    135293.8150  VDWAALS    =    152625.5581
 EELEC  =  -1651201.3964  EHBOND  =         0.0000  RESTRAINT  =         0.0000
 EKCMT  =    112193.8017  VIRIAL  =    108183.7618  VOLUME     =   4334016.8483
                                                    Density    =         1.0089
 ------------------------------------------------------------------------------


 NSTEP =  9000000   TIME(PS) =  118575.000  TEMP(K) =   300.45  PRESS =    -3.1
 Etot   =  -1017083.3873  EKtot   =    263617.0312  EPtot      =  -1280700.4186
 BOND   =     10497.9786  ANGLE   =     27923.8276  DIHED      =     32730.7844
 1-4 NB =     12370.0936  1-4 EEL =    134998.4427  VDWAALS    =    152738.6362
 EELEC  =  -1651960.1815  EHBOND  =         0.0000  RESTRAINT  =         0.0000
 EKCMT  =    112231.2100  VIRIAL  =    112521.1188  VOLUME     =   4336142.8886
                                                    Density    =         1.0084
 ------------------------------------------------------------------------------


 NSTEP =  9050000   TIME(PS) =  118675.000  TEMP(K) =   299.42  PRESS =    60.2
 Etot   =  -1018244.1956  EKtot   =    262707.7188  EPtot      =  -1280951.9144
 BOND   =     10631.3667  ANGLE   =     27903.5273  DIHED      =     32531.0641
 1-4 NB =     12394.6003  1-4 EEL =    135198.2962  VDWAALS    =    152971.1756
 EELEC  =  -1652581.9446  EHBOND  =         0.0000  RESTRAINT  =         0.0000
 EKCMT  =    111844.5757  VIRIAL  =    106213.1231  VOLUME     =   4331141.5208
                                                    Density    =         1.0096
 ------------------------------------------------------------------------------


 NSTEP =  9100000   TIME(PS) =  118775.000  TEMP(K) =   300.16  PRESS =  -144.6
 Etot   =  -1017602.8376  EKtot   =    263356.8438  EPtot      =  -1280959.6813
 BOND   =     10498.3565  ANGLE   =     28049.9773  DIHED      =     32691.6721
 1-4 NB =     12396.1027  1-4 EEL =    135073.6477  VDWAALS    =    152736.9617
 EELEC  =  -1652406.3992  EHBOND  =         0.0000  RESTRAINT  =         0.0000
 EKCMT  =    112359.7655  VIRIAL  =    125892.5697  VOLUME     =   4334181.8881
                                                    Density    =         1.0089
 ------------------------------------------------------------------------------


 NSTEP =  9150000   TIME(PS) =  118875.000  TEMP(K) =   299.96  PRESS =   -10.6
 Etot   =  -1017148.9388  EKtot   =    263187.4375  EPtot      =  -1280336.3763
 BOND   =     10325.3306  ANGLE   =     28008.1913  DIHED      =     32736.2790
 1-4 NB =     12428.5988  1-4 EEL =    135117.4928  VDWAALS    =    152644.8118
 EELEC  =  -1651597.0806  EHBOND  =         0.0000  RESTRAINT  =         0.0000
 EKCMT  =    112164.6247  VIRIAL  =    113155.6045  VOLUME     =   4332964.0620
                                                    Density    =         1.0092
 ------------------------------------------------------------------------------


 NSTEP =  9200000   TIME(PS) =  118975.000  TEMP(K) =   300.55  PRESS =    13.0
 Etot   =  -1017158.7212  EKtot   =    263700.1562  EPtot      =  -1280858.8775
 BOND   =     10552.4145  ANGLE   =     27916.7414  DIHED      =     32676.2315
 1-4 NB =     12424.6593  1-4 EEL =    134864.2797  VDWAALS    =    152481.2679
 EELEC  =  -1651774.4718  EHBOND  =         0.0000  RESTRAINT  =         0.0000
 EKCMT  =    112492.3187  VIRIAL  =    111279.7520  VOLUME     =   4329729.9528
                                                    Density    =         1.0099
 ------------------------------------------------------------------------------


 NSTEP =  9250000   TIME(PS) =  119075.000  TEMP(K) =   299.65  PRESS =    27.7
 Etot   =  -1018119.0852  EKtot   =    262909.9688  EPtot      =  -1281029.0539
 BOND   =     10438.1867  ANGLE   =     28075.2346  DIHED      =     32639.7459
 1-4 NB =     12383.5070  1-4 EEL =    135174.1994  VDWAALS    =    153089.9225
 EELEC  =  -1652829.8501  EHBOND  =         0.0000  RESTRAINT  =         0.0000
 EKCMT  =    112296.0499  VIRIAL  =    109707.4343  VOLUME     =   4332629.5514
                                                    Density    =         1.0093
 ------------------------------------------------------------------------------


 NSTEP =  9300000   TIME(PS) =  119175.000  TEMP(K) =   299.84  PRESS =   -25.9
 Etot   =  -1017076.8541  EKtot   =    263077.8750  EPtot      =  -1280154.7291
 BOND   =     10552.6917  ANGLE   =     27754.5593  DIHED      =     32619.3861
 1-4 NB =     12335.0605  1-4 EEL =    134890.5636  VDWAALS    =    151641.1933
 EELEC  =  -1649948.1834  EHBOND  =         0.0000  RESTRAINT  =         0.0000
 EKCMT  =    112391.8227  VIRIAL  =    114811.4939  VOLUME     =   4334357.8947
                                                    Density    =         1.0089
 ------------------------------------------------------------------------------


 NSTEP =  9350000   TIME(PS) =  119275.000  TEMP(K) =   299.81  PRESS =     1.5
 Etot   =  -1017621.6872  EKtot   =    263049.8438  EPtot      =  -1280671.5309
 BOND   =     10417.1934  ANGLE   =     27883.6040  DIHED      =     32688.7310
 1-4 NB =     12436.4580  1-4 EEL =    134908.9722  VDWAALS    =    152466.2310
 EELEC  =  -1651472.7205  EHBOND  =         0.0000  RESTRAINT  =         0.0000
 EKCMT  =    112008.2293  VIRIAL  =    111865.8652  VOLUME     =   4333609.4781
                                                    Density    =         1.0090
 ------------------------------------------------------------------------------


 NSTEP =  9400000   TIME(PS) =  119375.000  TEMP(K) =   300.33  PRESS =    43.7
 Etot   =  -1017064.1605  EKtot   =    263505.5625  EPtot      =  -1280569.7230
 BOND   =     10462.5519  ANGLE   =     27991.1113  DIHED      =     32824.7448
 1-4 NB =     12404.9874  1-4 EEL =    135208.8081  VDWAALS    =    152987.2220
 EELEC  =  -1652449.1486  EHBOND  =         0.0000  RESTRAINT  =         0.0000
 EKCMT  =    112115.0199  VIRIAL  =    108023.6169  VOLUME     =   4332238.9493
                                                    Density    =         1.0094
 ------------------------------------------------------------------------------


 NSTEP =  9450000   TIME(PS) =  119475.000  TEMP(K) =   300.40  PRESS =    52.1
 Etot   =  -1017044.6672  EKtot   =    263572.5625  EPtot      =  -1280617.2297
 BOND   =     10535.9717  ANGLE   =     27785.2963  DIHED      =     32668.2564
 1-4 NB =     12379.1650  1-4 EEL =    135079.4968  VDWAALS    =    153115.9871
 EELEC  =  -1652181.4031  EHBOND  =         0.0000  RESTRAINT  =         0.0000
 EKCMT  =    112077.2674  VIRIAL  =    107202.1972  VOLUME     =   4333935.8273
                                                    Density    =         1.0090
 ------------------------------------------------------------------------------


 NSTEP =  9500000   TIME(PS) =  119575.000  TEMP(K) =   299.64  PRESS =    32.5
 Etot   =  -1017241.3757  EKtot   =    262900.8125  EPtot      =  -1280142.1882
 BOND   =     10550.2839  ANGLE   =     27964.7838  DIHED      =     32744.7880
 1-4 NB =     12285.7110  1-4 EEL =    134831.0657  VDWAALS    =    152865.5582
 EELEC  =  -1651384.3789  EHBOND  =         0.0000  RESTRAINT  =         0.0000
 EKCMT  =    111828.9707  VIRIAL  =    108792.5699  VOLUME     =   4332835.5347
                                                    Density    =         1.0092
 ------------------------------------------------------------------------------


 NSTEP =  9550000   TIME(PS) =  119675.000  TEMP(K) =   299.13  PRESS =  -137.7
 Etot   =  -1017641.6200  EKtot   =    262456.1875  EPtot      =  -1280097.8075
 BOND   =     10367.7130  ANGLE   =     28090.1649  DIHED      =     32666.6565
 1-4 NB =     12412.5282  1-4 EEL =    135053.2822  VDWAALS    =    151386.3644
 EELEC  =  -1650074.5168  EHBOND  =         0.0000  RESTRAINT  =         0.0000
 EKCMT  =    111657.5997  VIRIAL  =    124538.3884  VOLUME     =   4332059.9465
                                                    Density    =         1.0094
 ------------------------------------------------------------------------------


 NSTEP =  9600000   TIME(PS) =  119775.000  TEMP(K) =   300.47  PRESS =   -53.0
 Etot   =  -1017396.8295  EKtot   =    263628.8750  EPtot      =  -1281025.7045
 BOND   =     10305.6099  ANGLE   =     27975.8024  DIHED      =     32654.7807
 1-4 NB =     12436.5763  1-4 EEL =    135338.4534  VDWAALS    =    152583.6017
 EELEC  =  -1652320.5290  EHBOND  =         0.0000  RESTRAINT  =         0.0000
 EKCMT  =    112076.0293  VIRIAL  =    117035.0920  VOLUME     =   4334961.9274
                                                    Density    =         1.0087
 ------------------------------------------------------------------------------


 NSTEP =  9650000   TIME(PS) =  119875.000  TEMP(K) =   299.86  PRESS =   -30.7
 Etot   =  -1018156.3157  EKtot   =    263095.3438  EPtot      =  -1281251.6595
 BOND   =     10472.6555  ANGLE   =     27848.3394  DIHED      =     32733.5572
 1-4 NB =     12379.5405  1-4 EEL =    135297.1366  VDWAALS    =    152910.9544
 EELEC  =  -1652893.8431  EHBOND  =         0.0000  RESTRAINT  =         0.0000
 EKCMT  =    112123.6340  VIRIAL  =    114994.4333  VOLUME     =   4333803.9213
                                                    Density    =         1.0090
 ------------------------------------------------------------------------------


 NSTEP =  9700000   TIME(PS) =  119975.000  TEMP(K) =   299.21  PRESS =    79.4
 Etot   =  -1018850.3413  EKtot   =    262526.9062  EPtot      =  -1281377.2476
 BOND   =     10460.8219  ANGLE   =     27726.1554  DIHED      =     32617.8772
 1-4 NB =     12411.2845  1-4 EEL =    135253.4241  VDWAALS    =    153018.4494
 EELEC  =  -1652865.2600  EHBOND  =         0.0000  RESTRAINT  =         0.0000
 EKCMT  =    111862.1472  VIRIAL  =    104433.0953  VOLUME     =   4331568.2421
                                                    Density    =         1.0095
 ------------------------------------------------------------------------------


 NSTEP =  9750000   TIME(PS) =  120075.000  TEMP(K) =   299.29  PRESS =   -83.3
 Etot   =  -1018995.8063  EKtot   =    262598.8438  EPtot      =  -1281594.6500
 BOND   =     10569.5549  ANGLE   =     27991.3701  DIHED      =     32632.4875
 1-4 NB =     12383.4197  1-4 EEL =    134968.4933  VDWAALS    =    152404.0222
 EELEC  =  -1652543.9978  EHBOND  =         0.0000  RESTRAINT  =         0.0000
 EKCMT  =    111403.4923  VIRIAL  =    119190.6011  VOLUME     =   4330102.4219
                                                    Density    =         1.0099
 ------------------------------------------------------------------------------


 NSTEP =  9800000   TIME(PS) =  120175.000  TEMP(K) =   300.18  PRESS =   -16.5
 Etot   =  -1017270.3710  EKtot   =    263381.0625  EPtot      =  -1280651.4335
 BOND   =     10509.3369  ANGLE   =     27961.3461  DIHED      =     32691.7782
 1-4 NB =     12402.5648  1-4 EEL =    135040.2769  VDWAALS    =    152224.4255
 EELEC  =  -1651481.1620  EHBOND  =         0.0000  RESTRAINT  =         0.0000
 EKCMT  =    112092.0010  VIRIAL  =    113637.0391  VOLUME     =   4335334.3328
                                                    Density    =         1.0086
 ------------------------------------------------------------------------------


 NSTEP =  9850000   TIME(PS) =  120275.000  TEMP(K) =   300.54  PRESS =   -30.4
 Etot   =  -1016619.7344  EKtot   =    263695.4688  EPtot      =  -1280315.2031
 BOND   =     10415.3329  ANGLE   =     27930.6756  DIHED      =     32793.0102
 1-4 NB =     12417.3990  1-4 EEL =    134964.3413  VDWAALS    =    152786.3487
 EELEC  =  -1651622.3109  EHBOND  =         0.0000  RESTRAINT  =         0.0000
 EKCMT  =    112242.0892  VIRIAL  =    115089.2540  VOLUME     =   4335512.2713
                                                    Density    =         1.0086
 ------------------------------------------------------------------------------


 NSTEP =  9900000   TIME(PS) =  120375.000  TEMP(K) =   300.00  PRESS =   117.9
 Etot   =  -1017492.6226  EKtot   =    263221.6250  EPtot      =  -1280714.2476
 BOND   =     10518.2785  ANGLE   =     27849.8596  DIHED      =     32644.0717
 1-4 NB =     12328.1291  1-4 EEL =    135118.3102  VDWAALS    =    153138.3618
 EELEC  =  -1652311.2586  EHBOND  =         0.0000  RESTRAINT  =         0.0000
 EKCMT  =    112082.6696  VIRIAL  =    101055.7081  VOLUME     =   4332059.8444
                                                    Density    =         1.0094
 ------------------------------------------------------------------------------


 NSTEP =  9950000   TIME(PS) =  120475.000  TEMP(K) =   300.35  PRESS =    32.3
 Etot   =  -1016234.8566  EKtot   =    263527.4688  EPtot      =  -1279762.3254
 BOND   =     10429.5748  ANGLE   =     27994.6504  DIHED      =     32776.4240
 1-4 NB =     12463.4706  1-4 EEL =    135063.2228  VDWAALS    =    152513.5538
 EELEC  =  -1651003.2217  EHBOND  =         0.0000  RESTRAINT  =         0.0000
 EKCMT  =    112615.9036  VIRIAL  =    109592.3767  VOLUME     =   4334864.0183
                                                    Density    =         1.0087
 ------------------------------------------------------------------------------


 NSTEP = 10000000   TIME(PS) =  120575.000  TEMP(K) =   299.85  PRESS =    17.7
 Etot   =  -1017835.7214  EKtot   =    263085.0938  EPtot      =  -1280920.8152
 BOND   =     10520.6794  ANGLE   =     28034.9968  DIHED      =     32625.0615
 1-4 NB =     12426.5817  1-4 EEL =    134959.4685  VDWAALS    =    152756.2115
 EELEC  =  -1652243.8147  EHBOND  =         0.0000  RESTRAINT  =         0.0000
 EKCMT  =    112301.1033  VIRIAL  =    110645.2834  VOLUME     =   4333049.8139
                                                    Density    =         1.0092
 ------------------------------------------------------------------------------


 NSTEP = 10050000   TIME(PS) =  120675.000  TEMP(K) =   300.16  PRESS =   -30.4
 Etot   =  -1017306.7010  EKtot   =    263360.8750  EPtot      =  -1280667.5760
 BOND   =     10683.2399  ANGLE   =     27871.3231  DIHED      =     32796.2893
 1-4 NB =     12262.6015  1-4 EEL =    134936.6162  VDWAALS    =    152854.8640
 EELEC  =  -1652072.5100  EHBOND  =         0.0000  RESTRAINT  =         0.0000
 EKCMT  =    112177.1645  VIRIAL  =    115017.8518  VOLUME     =   4334119.1513
                                                    Density    =         1.0089
 ------------------------------------------------------------------------------


 NSTEP = 10100000   TIME(PS) =  120775.000  TEMP(K) =   299.56  PRESS =    20.9
 Etot   =  -1016842.6820  EKtot   =    262837.0625  EPtot      =  -1279679.7445
 BOND   =     10478.9541  ANGLE   =     28026.9702  DIHED      =     32661.2989
 1-4 NB =     12347.4746  1-4 EEL =    134890.6801  VDWAALS    =    152402.4910
 EELEC  =  -1650487.6134  EHBOND  =         0.0000  RESTRAINT  =         0.0000
 EKCMT  =    112177.6609  VIRIAL  =    110221.1277  VOLUME     =   4336640.0533
                                                    Density    =         1.0083
 ------------------------------------------------------------------------------


 NSTEP = 10150000   TIME(PS) =  120875.000  TEMP(K) =   299.44  PRESS =   -15.9
 Etot   =  -1019104.1322  EKtot   =    262725.1875  EPtot      =  -1281829.3197
 BOND   =     10368.7733  ANGLE   =     27844.6729  DIHED      =     32632.3589
 1-4 NB =     12373.4491  1-4 EEL =    135020.6204  VDWAALS    =    152444.9730
 EELEC  =  -1652514.1673  EHBOND  =         0.0000  RESTRAINT  =         0.0000
 EKCMT  =    112044.2962  VIRIAL  =    113532.6326  VOLUME     =   4331880.5737
                                                    Density    =         1.0094
 ------------------------------------------------------------------------------


 NSTEP = 10200000   TIME(PS) =  120975.000  TEMP(K) =   300.35  PRESS =   -66.2
 Etot   =  -1016925.6349  EKtot   =    263523.2500  EPtot      =  -1280448.8849
 BOND   =     10419.2497  ANGLE   =     27844.4521  DIHED      =     32663.4436
 1-4 NB =     12395.7914  1-4 EEL =    135196.8085  VDWAALS    =    152156.2270
 EELEC  =  -1651124.8571  EHBOND  =         0.0000  RESTRAINT  =         0.0000
 EKCMT  =    112296.9363  VIRIAL  =    118486.9883  VOLUME     =   4333899.0478
                                                    Density    =         1.0090
 ------------------------------------------------------------------------------


 NSTEP = 10250000   TIME(PS) =  121075.000  TEMP(K) =   300.43  PRESS =    45.6
 Etot   =  -1016599.9126  EKtot   =    263593.5625  EPtot      =  -1280193.4751
 BOND   =     10530.0529  ANGLE   =     27913.2367  DIHED      =     32823.8980
 1-4 NB =     12370.2682  1-4 EEL =    135291.7740  VDWAALS    =    153337.9790
 EELEC  =  -1652460.6838  EHBOND  =         0.0000  RESTRAINT  =         0.0000
 EKCMT  =    112201.3972  VIRIAL  =    107935.9581  VOLUME     =   4333600.4205
                                                    Density    =         1.0090
 ------------------------------------------------------------------------------


 NSTEP = 10300000   TIME(PS) =  121175.000  TEMP(K) =   300.53  PRESS =    44.9
 Etot   =  -1016969.8894  EKtot   =    263680.9688  EPtot      =  -1280650.8582
 BOND   =     10377.9221  ANGLE   =     27803.0033  DIHED      =     32591.9441
 1-4 NB =     12385.4581  1-4 EEL =    135028.1247  VDWAALS    =    152858.7676
 EELEC  =  -1651696.0782  EHBOND  =         0.0000  RESTRAINT  =         0.0000
 EKCMT  =    112403.8309  VIRIAL  =    108202.8084  VOLUME     =   4333538.5584
                                                    Density    =         1.0091
 ------------------------------------------------------------------------------


 NSTEP = 10350000   TIME(PS) =  121275.000  TEMP(K) =   300.35  PRESS =   -55.4
 Etot   =  -1017836.5115  EKtot   =    263527.0938  EPtot      =  -1281363.6052
 BOND   =     10494.7944  ANGLE   =     27992.3435  DIHED      =     32732.6926
 1-4 NB =     12384.9325  1-4 EEL =    134975.3388  VDWAALS    =    152351.8148
 EELEC  =  -1652295.5218  EHBOND  =         0.0000  RESTRAINT  =         0.0000
 EKCMT  =    112498.5039  VIRIAL  =    117682.7941  VOLUME     =   4332246.9722
                                                    Density    =         1.0094
 ------------------------------------------------------------------------------


 NSTEP = 10400000   TIME(PS) =  121375.000  TEMP(K) =   299.91  PRESS =   -17.5
 Etot   =  -1017107.7330  EKtot   =    263138.9062  EPtot      =  -1280246.6393
 BOND   =     10610.7157  ANGLE   =     27907.3427  DIHED      =     32666.5376
 1-4 NB =     12394.6860  1-4 EEL =    134988.0896  VDWAALS    =    152404.9481
 EELEC  =  -1651218.9589  EHBOND  =         0.0000  RESTRAINT  =         0.0000
 EKCMT  =    112116.8068  VIRIAL  =    113755.4683  VOLUME     =   4334273.0175
                                                    Density    =         1.0089
 ------------------------------------------------------------------------------


 NSTEP = 10450000   TIME(PS) =  121475.000  TEMP(K) =   300.36  PRESS =     7.9
 Etot   =  -1017624.6064  EKtot   =    263540.3750  EPtot      =  -1281164.9814
 BOND   =     10418.4164  ANGLE   =     28073.2356  DIHED      =     32655.5451
 1-4 NB =     12286.0319  1-4 EEL =    135102.2467  VDWAALS    =    153124.1838
 EELEC  =  -1652824.6410  EHBOND  =         0.0000  RESTRAINT  =         0.0000
 EKCMT  =    112392.4371  VIRIAL  =    111654.2154  VOLUME     =   4332044.1446
                                                    Density    =         1.0094
 ------------------------------------------------------------------------------


 NSTEP = 10500000   TIME(PS) =  121575.000  TEMP(K) =   299.56  PRESS =   -40.5
 Etot   =  -1017753.6321  EKtot   =    262830.8750  EPtot      =  -1280584.5071
 BOND   =     10379.0021  ANGLE   =     27840.7721  DIHED      =     32547.8534
 1-4 NB =     12417.1153  1-4 EEL =    135033.7212  VDWAALS    =    152831.7733
 EELEC  =  -1651634.7443  EHBOND  =         0.0000  RESTRAINT  =         0.0000
 EKCMT  =    112398.7158  VIRIAL  =    116185.1524  VOLUME     =   4330844.0299
                                                    Density    =         1.0097
 ------------------------------------------------------------------------------


 NSTEP = 10550000   TIME(PS) =  121675.000  TEMP(K) =   300.21  PRESS =    -3.1
 Etot   =  -1017253.0060  EKtot   =    263404.2500  EPtot      =  -1280657.2560
 BOND   =     10373.1183  ANGLE   =     27706.1231  DIHED      =     32667.2383
 1-4 NB =     12361.9740  1-4 EEL =    135123.5699  VDWAALS    =    152676.6950
 EELEC  =  -1651565.9745  EHBOND  =         0.0000  RESTRAINT  =         0.0000
 EKCMT  =    112197.0694  VIRIAL  =    112490.4711  VOLUME     =   4333705.2018
                                                    Density    =         1.0090
 ------------------------------------------------------------------------------


 NSTEP = 10600000   TIME(PS) =  121775.000  TEMP(K) =   299.90  PRESS =    39.8
 Etot   =  -1017673.7695  EKtot   =    263130.8438  EPtot      =  -1280804.6132
 BOND   =     10461.6818  ANGLE   =     27958.7312  DIHED      =     32839.8464
 1-4 NB =     12390.5156  1-4 EEL =    135140.6523  VDWAALS    =    152788.2119
 EELEC  =  -1652384.2525  EHBOND  =         0.0000  RESTRAINT  =         0.0000
 EKCMT  =    111757.1519  VIRIAL  =    108035.3752  VOLUME     =   4332427.3325
                                                    Density    =         1.0093
 ------------------------------------------------------------------------------


 NSTEP = 10650000   TIME(PS) =  121875.000  TEMP(K) =   299.96  PRESS =    61.0
 Etot   =  -1017476.1639  EKtot   =    263182.3750  EPtot      =  -1280658.5389
 BOND   =     10440.2265  ANGLE   =     27860.6006  DIHED      =     32711.8996
 1-4 NB =     12425.6989  1-4 EEL =    135147.4473  VDWAALS    =    153066.2421
 EELEC  =  -1652310.6538  EHBOND  =         0.0000  RESTRAINT  =         0.0000
 EKCMT  =    112195.4470  VIRIAL  =    106490.5186  VOLUME     =   4333004.7639
                                                    Density    =         1.0092
 ------------------------------------------------------------------------------


 NSTEP = 10700000   TIME(PS) =  121975.000  TEMP(K) =   300.48  PRESS =   -40.7
 Etot   =  -1017021.0301  EKtot   =    263642.0625  EPtot      =  -1280663.0926
 BOND   =     10397.3602  ANGLE   =     28066.4585  DIHED      =     32756.1956
 1-4 NB =     12412.4132  1-4 EEL =    135182.1661  VDWAALS    =    151973.6271
 EELEC  =  -1651451.3133  EHBOND  =         0.0000  RESTRAINT  =         0.0000
 EKCMT  =    112078.9072  VIRIAL  =    115882.0811  VOLUME     =   4332589.1285
                                                    Density    =         1.0093
 ------------------------------------------------------------------------------


 NSTEP = 10750000   TIME(PS) =  122075.000  TEMP(K) =   300.31  PRESS =    61.7
 Etot   =  -1017615.7924  EKtot   =    263492.7188  EPtot      =  -1281108.5111
 BOND   =     10369.8229  ANGLE   =     27699.7820  DIHED      =     32696.1165
 1-4 NB =     12396.6081  1-4 EEL =    135158.8618  VDWAALS    =    153531.0288
 EELEC  =  -1652960.7312  EHBOND  =         0.0000  RESTRAINT  =         0.0000
 EKCMT  =    112456.8596  VIRIAL  =    106686.3634  VOLUME     =   4331777.1937
                                                    Density    =         1.0095
 ------------------------------------------------------------------------------


 NSTEP = 10800000   TIME(PS) =  122175.000  TEMP(K) =   299.90  PRESS =   -54.5
 Etot   =  -1016903.7563  EKtot   =    263128.7812  EPtot      =  -1280032.5376
 BOND   =     10504.3503  ANGLE   =     27828.8176  DIHED      =     32677.3009
 1-4 NB =     12392.9411  1-4 EEL =    134845.1547  VDWAALS    =    151424.4088
 EELEC  =  -1649705.5109  EHBOND  =         0.0000  RESTRAINT  =         0.0000
 EKCMT  =    112074.1680  VIRIAL  =    117175.2114  VOLUME     =   4333070.4018
                                                    Density    =         1.0092
 ------------------------------------------------------------------------------


 NSTEP = 10850000   TIME(PS) =  122275.000  TEMP(K) =   299.78  PRESS =   -78.7
 Etot   =  -1017414.9791  EKtot   =    263024.5625  EPtot      =  -1280439.5416
 BOND   =     10575.0144  ANGLE   =     27993.7351  DIHED      =     32561.2316
 1-4 NB =     12365.4285  1-4 EEL =    134869.2740  VDWAALS    =    152900.4244
 EELEC  =  -1651704.6498  EHBOND  =         0.0000  RESTRAINT  =         0.0000
 EKCMT  =    112206.4283  VIRIAL  =    119570.3996  VOLUME     =   4333023.9966
                                                    Density    =         1.0092
 ------------------------------------------------------------------------------


 NSTEP = 10900000   TIME(PS) =  122375.000  TEMP(K) =   299.73  PRESS =    32.4
 Etot   =  -1017456.7414  EKtot   =    262982.2500  EPtot      =  -1280438.9914
 BOND   =     10526.7759  ANGLE   =     28057.6090  DIHED      =     32729.5251
 1-4 NB =     12300.6286  1-4 EEL =    135210.1415  VDWAALS    =    152580.8998
 EELEC  =  -1651844.5712  EHBOND  =         0.0000  RESTRAINT  =         0.0000
 EKCMT  =    112104.7934  VIRIAL  =    109077.2032  VOLUME     =   4331189.8879
                                                    Density    =         1.0096
 ------------------------------------------------------------------------------


 NSTEP = 10950000   TIME(PS) =  122475.000  TEMP(K) =   299.45  PRESS =   -60.6
 Etot   =  -1018003.3509  EKtot   =    262733.5625  EPtot      =  -1280736.9134
 BOND   =     10576.7219  ANGLE   =     27926.3708  DIHED      =     32637.8569
 1-4 NB =     12293.1647  1-4 EEL =    134913.6288  VDWAALS    =    152108.3494
 EELEC  =  -1651193.0059  EHBOND  =         0.0000  RESTRAINT  =         0.0000
 EKCMT  =    112174.3569  VIRIAL  =    117848.2586  VOLUME     =   4335117.2847
                                                    Density    =         1.0087
 ------------------------------------------------------------------------------


 NSTEP = 11000000   TIME(PS) =  122575.000  TEMP(K) =   299.28  PRESS =    42.3
 Etot   =  -1016531.3592  EKtot   =    262589.0938  EPtot      =  -1279120.4530
 BOND   =     10508.3216  ANGLE   =     27813.4265  DIHED      =     32778.9948
 1-4 NB =     12278.5876  1-4 EEL =    134809.6876  VDWAALS    =    152142.5424
 EELEC  =  -1649452.0134  EHBOND  =         0.0000  RESTRAINT  =         0.0000
 EKCMT  =    111793.8323  VIRIAL  =    107838.9912  VOLUME     =   4334546.5625
                                                    Density    =         1.0088
 ------------------------------------------------------------------------------


 NSTEP = 11050000   TIME(PS) =  122675.000  TEMP(K) =   299.98  PRESS =    -5.4
 Etot   =  -1016922.9732  EKtot   =    263201.6250  EPtot      =  -1280124.5982
 BOND   =     10417.0900  ANGLE   =     27835.3778  DIHED      =     32759.6896
 1-4 NB =     12357.1036  1-4 EEL =    135177.7175  VDWAALS    =    152278.4896
 EELEC  =  -1650950.0662  EHBOND  =         0.0000  RESTRAINT  =         0.0000
 EKCMT  =    111702.3624  VIRIAL  =    112208.5904  VOLUME     =   4333851.9486
                                                    Density    =         1.0090
 ------------------------------------------------------------------------------


 NSTEP = 11100000   TIME(PS) =  122775.000  TEMP(K) =   300.47  PRESS =   -70.0
 Etot   =  -1017030.2084  EKtot   =    263629.1875  EPtot      =  -1280659.3959
 BOND   =     10415.4173  ANGLE   =     27569.8852  DIHED      =     32795.9744
 1-4 NB =     12404.4900  1-4 EEL =    135063.3533  VDWAALS    =    152310.9164
 EELEC  =  -1651219.4325  EHBOND  =         0.0000  RESTRAINT  =         0.0000
 EKCMT  =    112016.0360  VIRIAL  =    118559.6647  VOLUME     =   4332346.6507
                                                    Density    =         1.0093
 ------------------------------------------------------------------------------


 NSTEP = 11150000   TIME(PS) =  122875.000  TEMP(K) =   300.12  PRESS =   -48.5
 Etot   =  -1016109.0889  EKtot   =    263328.6562  EPtot      =  -1279437.7451
 BOND   =     10529.9063  ANGLE   =     27862.2461  DIHED      =     32617.3933
 1-4 NB =     12341.7242  1-4 EEL =    135272.4192  VDWAALS    =    151541.0123
 EELEC  =  -1649602.4465  EHBOND  =         0.0000  RESTRAINT  =         0.0000
 EKCMT  =    111858.9814  VIRIAL  =    116396.0701  VOLUME     =   4335726.4969
                                                    Density    =         1.0085
 ------------------------------------------------------------------------------


 NSTEP = 11200000   TIME(PS) =  122975.000  TEMP(K) =   300.92  PRESS =    29.9
 Etot   =  -1016278.0202  EKtot   =    264027.7500  EPtot      =  -1280305.7702
 BOND   =     10409.3381  ANGLE   =     27655.5162  DIHED      =     32840.7674
 1-4 NB =     12362.5732  1-4 EEL =    135446.8632  VDWAALS    =    151964.6210
 EELEC  =  -1650985.4493  EHBOND  =         0.0000  RESTRAINT  =         0.0000
 EKCMT  =    112195.2701  VIRIAL  =    109398.4159  VOLUME     =   4334598.9101
                                                    Density    =         1.0088
 ------------------------------------------------------------------------------


 NSTEP = 11250000   TIME(PS) =  123075.000  TEMP(K) =   300.00  PRESS =   -60.2
 Etot   =  -1018573.1388  EKtot   =    263222.9375  EPtot      =  -1281796.0763
 BOND   =     10343.6149  ANGLE   =     27780.2794  DIHED      =     32571.9872
 1-4 NB =     12394.0600  1-4 EEL =    135368.9462  VDWAALS    =    152311.9819
 EELEC  =  -1652566.9458  EHBOND  =         0.0000  RESTRAINT  =         0.0000
 EKCMT  =    112279.5853  VIRIAL  =    117912.2395  VOLUME     =   4334508.9990
                                                    Density    =         1.0088
 ------------------------------------------------------------------------------


 NSTEP = 11300000   TIME(PS) =  123175.000  TEMP(K) =   299.93  PRESS =   -20.3
 Etot   =  -1018318.8255  EKtot   =    263156.9375  EPtot      =  -1281475.7630
 BOND   =     10549.2427  ANGLE   =     27741.9997  DIHED      =     32750.9415
 1-4 NB =     12350.0864  1-4 EEL =    134922.7526  VDWAALS    =    152160.6071
 EELEC  =  -1651951.3931  EHBOND  =         0.0000  RESTRAINT  =         0.0000
 EKCMT  =    112200.2930  VIRIAL  =    114099.5103  VOLUME     =   4332977.9142
                                                    Density    =         1.0092
 ------------------------------------------------------------------------------


 NSTEP = 11350000   TIME(PS) =  123275.000  TEMP(K) =   299.52  PRESS =   -33.6
 Etot   =  -1017075.1447  EKtot   =    262800.9688  EPtot      =  -1279876.1135
 BOND   =     10455.9274  ANGLE   =     27974.7818  DIHED      =     32809.2932
 1-4 NB =     12346.8035  1-4 EEL =    135093.7367  VDWAALS    =    152738.1911
 EELEC  =  -1651294.8471  EHBOND  =         0.0000  RESTRAINT  =         0.0000
 EKCMT  =    111978.2264  VIRIAL  =    115123.5360  VOLUME     =   4335196.3424
                                                    Density    =         1.0087
 ------------------------------------------------------------------------------


 NSTEP = 11400000   TIME(PS) =  123375.000  TEMP(K) =   300.05  PRESS =   -39.1
 Etot   =  -1017535.7943  EKtot   =    263266.7500  EPtot      =  -1280802.5443
 BOND   =     10454.6315  ANGLE   =     27995.2173  DIHED      =     32707.9000
 1-4 NB =     12384.0406  1-4 EEL =    135063.9557  VDWAALS    =    152258.1778
 EELEC  =  -1651666.4673  EHBOND  =         0.0000  RESTRAINT  =         0.0000
 EKCMT  =    111917.2494  VIRIAL  =    115575.9086  VOLUME     =   4332557.4819
                                                    Density    =         1.0093
 ------------------------------------------------------------------------------


 NSTEP = 11450000   TIME(PS) =  123475.000  TEMP(K) =   300.23  PRESS =  -114.3
 Etot   =  -1017373.7419  EKtot   =    263420.2500  EPtot      =  -1280793.9919
 BOND   =     10536.1948  ANGLE   =     27808.2349  DIHED      =     32621.5598
 1-4 NB =     12365.8822  1-4 EEL =    135095.1587  VDWAALS    =    152226.0500
 EELEC  =  -1651447.0722  EHBOND  =         0.0000  RESTRAINT  =         0.0000
 EKCMT  =    112279.6300  VIRIAL  =    122973.3972  VOLUME     =   4333107.2590
                                                    Density    =         1.0092
 ------------------------------------------------------------------------------


 NSTEP = 11500000   TIME(PS) =  123575.000  TEMP(K) =   300.04  PRESS =    55.1
 Etot   =  -1017847.4487  EKtot   =    263258.7188  EPtot      =  -1281106.1675
 BOND   =     10511.7433  ANGLE   =     27758.0564  DIHED      =     32649.6623
 1-4 NB =     12329.2879  1-4 EEL =    135111.8850  VDWAALS    =    152620.8134
 EELEC  =  -1652087.6158  EHBOND  =         0.0000  RESTRAINT  =         0.0000
 EKCMT  =    112213.1055  VIRIAL  =    107062.1554  VOLUME     =   4333128.2329
                                                    Density    =         1.0091
 ------------------------------------------------------------------------------


 NSTEP = 11550000   TIME(PS) =  123675.000  TEMP(K) =   300.70  PRESS =   -61.9
 Etot   =  -1016464.0306  EKtot   =    263835.5000  EPtot      =  -1280299.5306
 BOND   =     10571.8632  ANGLE   =     27825.7280  DIHED      =     32771.5728
 1-4 NB =     12404.2126  1-4 EEL =    135208.9756  VDWAALS    =    152691.4150
 EELEC  =  -1651773.2977  EHBOND  =         0.0000  RESTRAINT  =         0.0000
 EKCMT  =    112094.7669  VIRIAL  =    117884.8025  VOLUME     =   4330898.1235
                                                    Density    =         1.0097
 ------------------------------------------------------------------------------


 NSTEP = 11600000   TIME(PS) =  123775.000  TEMP(K) =   300.88  PRESS =   -34.5
 Etot   =  -1017028.4873  EKtot   =    263991.6875  EPtot      =  -1281020.1748
 BOND   =     10216.4814  ANGLE   =     27934.3049  DIHED      =     32744.4247
 1-4 NB =     12478.2336  1-4 EEL =    135139.2398  VDWAALS    =    152160.9046
 EELEC  =  -1651693.7639  EHBOND  =         0.0000  RESTRAINT  =         0.0000
 EKCMT  =    112220.6357  VIRIAL  =    115448.0909  VOLUME     =   4336239.4608
                                                    Density    =         1.0084
 ------------------------------------------------------------------------------


 NSTEP = 11650000   TIME(PS) =  123875.000  TEMP(K) =   300.56  PRESS =    -4.2
 Etot   =  -1017631.6535  EKtot   =    263712.8438  EPtot      =  -1281344.4972
 BOND   =     10493.4977  ANGLE   =     28041.9266  DIHED      =     32568.5305
 1-4 NB =     12396.4060  1-4 EEL =    134950.0121  VDWAALS    =    151913.6218
 EELEC  =  -1651708.4919  EHBOND  =         0.0000  RESTRAINT  =         0.0000
 EKCMT  =    112326.3019  VIRIAL  =    112720.6750  VOLUME     =   4331733.1524
                                                    Density    =         1.0095
 ------------------------------------------------------------------------------


 NSTEP = 11700000   TIME(PS) =  123975.000  TEMP(K) =   299.94  PRESS =    -9.8
 Etot   =  -1017622.5179  EKtot   =    263166.6250  EPtot      =  -1280789.1429
 BOND   =     10450.7362  ANGLE   =     27659.4682  DIHED      =     32748.5129
 1-4 NB =     12408.7451  1-4 EEL =    135115.6527  VDWAALS    =    152819.4876
 EELEC  =  -1651991.7456  EHBOND  =         0.0000  RESTRAINT  =         0.0000
 EKCMT  =    111825.9010  VIRIAL  =    112745.8687  VOLUME     =   4335610.4037
                                                    Density    =         1.0086
 ------------------------------------------------------------------------------


 NSTEP = 11750000   TIME(PS) =  124075.000  TEMP(K) =   300.04  PRESS =   -69.1
 Etot   =  -1017571.4629  EKtot   =    263258.8438  EPtot      =  -1280830.3067
 BOND   =     10645.1442  ANGLE   =     27831.0634  DIHED      =     32618.9877
 1-4 NB =     12354.8579  1-4 EEL =    135019.5088  VDWAALS    =    152293.2111
 EELEC  =  -1651593.0798  EHBOND  =         0.0000  RESTRAINT  =         0.0000
 EKCMT  =    112224.5580  VIRIAL  =    118688.7261  VOLUME     =   4331184.4695
                                                    Density    =         1.0096
 ------------------------------------------------------------------------------


 NSTEP = 11800000   TIME(PS) =  124175.000  TEMP(K) =   299.91  PRESS =   -56.9
 Etot   =  -1017081.3257  EKtot   =    263142.1875  EPtot      =  -1280223.5132
 BOND   =     10260.4912  ANGLE   =     27993.9842  DIHED      =     32704.7444
 1-4 NB =     12482.0637  1-4 EEL =    135006.1724  VDWAALS    =    151823.6182
 EELEC  =  -1650494.5873  EHBOND  =         0.0000  RESTRAINT  =         0.0000
 EKCMT  =    111999.2587  VIRIAL  =    117321.8304  VOLUME     =   4335378.5467
                                                    Density    =         1.0086
 ------------------------------------------------------------------------------


 NSTEP = 11850000   TIME(PS) =  124275.000  TEMP(K) =   299.49  PRESS =   -25.3
 Etot   =  -1017947.4932  EKtot   =    262771.6250  EPtot      =  -1280719.1182
 BOND   =     10519.1956  ANGLE   =     28129.5001  DIHED      =     32664.0410
 1-4 NB =     12352.8203  1-4 EEL =    135157.0310  VDWAALS    =    152489.0453
 EELEC  =  -1652030.7514  EHBOND  =         0.0000  RESTRAINT  =         0.0000
 EKCMT  =    112118.3959  VIRIAL  =    114487.8807  VOLUME     =   4334732.8475
                                                    Density    =         1.0088
 ------------------------------------------------------------------------------


 NSTEP = 11900000   TIME(PS) =  124375.000  TEMP(K) =   300.61  PRESS =    -6.5
 Etot   =  -1016845.5099  EKtot   =    263755.3750  EPtot      =  -1280600.8849
 BOND   =     10415.8339  ANGLE   =     28088.3187  DIHED      =     32642.0273
 1-4 NB =     12415.1188  1-4 EEL =    135067.5253  VDWAALS    =    152370.2245
 EELEC  =  -1651599.9333  EHBOND  =         0.0000  RESTRAINT  =         0.0000
 EKCMT  =    112736.7003  VIRIAL  =    113345.5383  VOLUME     =   4334287.2659
                                                    Density    =         1.0089
 ------------------------------------------------------------------------------


 NSTEP = 11950000   TIME(PS) =  124475.000  TEMP(K) =   299.77  PRESS =    -4.0
 Etot   =  -1018200.3972  EKtot   =    263019.4062  EPtot      =  -1281219.8034
 BOND   =     10430.1631  ANGLE   =     27791.9599  DIHED      =     32687.1026
 1-4 NB =     12422.7049  1-4 EEL =    135088.9811  VDWAALS    =    152722.4461
 EELEC  =  -1652363.1610  EHBOND  =         0.0000  RESTRAINT  =         0.0000
 EKCMT  =    111747.4996  VIRIAL  =    112120.6593  VOLUME     =   4330883.1505
                                                    Density    =         1.0097
 ------------------------------------------------------------------------------


 NSTEP = 12000000   TIME(PS) =  124575.000  TEMP(K) =   300.48  PRESS =     8.8
 Etot   =  -1017309.5650  EKtot   =    263643.2500  EPtot      =  -1280952.8150
 BOND   =     10554.4864  ANGLE   =     27872.0361  DIHED      =     32693.6570
 1-4 NB =     12318.0848  1-4 EEL =    135082.3707  VDWAALS    =    153304.8897
 EELEC  =  -1652778.3396  EHBOND  =         0.0000  RESTRAINT  =         0.0000
 EKCMT  =    112368.3348  VIRIAL  =    111545.3912  VOLUME     =   4337573.2759
                                                    Density    =         1.0081
 ------------------------------------------------------------------------------


 NSTEP = 12050000   TIME(PS) =  124675.000  TEMP(K) =   300.06  PRESS =   -47.2
 Etot   =  -1017878.9163  EKtot   =    263269.4062  EPtot      =  -1281148.3225
 BOND   =     10565.4080  ANGLE   =     27796.9861  DIHED      =     32660.5492
 1-4 NB =     12410.7557  1-4 EEL =    134930.2323  VDWAALS    =    151830.3300
 EELEC  =  -1651342.5838  EHBOND  =         0.0000  RESTRAINT  =         0.0000
 EKCMT  =    112396.4054  VIRIAL  =    116813.8631  VOLUME     =   4332965.3483
                                                    Density    =         1.0092
 ------------------------------------------------------------------------------


 NSTEP = 12100000   TIME(PS) =  124775.000  TEMP(K) =   300.05  PRESS =   -43.1
 Etot   =  -1018605.7193  EKtot   =    263265.5625  EPtot      =  -1281871.2818
 BOND   =     10596.1252  ANGLE   =     27887.4415  DIHED      =     32836.3690
 1-4 NB =     12407.0403  1-4 EEL =    134986.7093  VDWAALS    =    152951.5523
 EELEC  =  -1653536.5194  EHBOND  =         0.0000  RESTRAINT  =         0.0000
 EKCMT  =    112418.8918  VIRIAL  =    116443.4972  VOLUME     =   4329071.0461
                                                    Density    =         1.0101
 ------------------------------------------------------------------------------


 NSTEP = 12150000   TIME(PS) =  124875.000  TEMP(K) =   300.61  PRESS =   -70.8
 Etot   =  -1016661.6253  EKtot   =    263757.0625  EPtot      =  -1280418.6878
 BOND   =     10457.7792  ANGLE   =     27900.3525  DIHED      =     32771.7262
 1-4 NB =     12399.6244  1-4 EEL =    135146.6199  VDWAALS    =    152985.6962
 EELEC  =  -1652080.4861  EHBOND  =         0.0000  RESTRAINT  =         0.0000
 EKCMT  =    112056.9673  VIRIAL  =    118686.4148  VOLUME     =   4333726.9805
                                                    Density    =         1.0090
 ------------------------------------------------------------------------------


 NSTEP = 12200000   TIME(PS) =  124975.000  TEMP(K) =   300.01  PRESS =   -25.9
 Etot   =  -1017750.0000  EKtot   =    263225.6562  EPtot      =  -1280975.6562
 BOND   =     10383.6440  ANGLE   =     27939.8037  DIHED      =     32709.7607
 1-4 NB =     12404.1697  1-4 EEL =    135131.9124  VDWAALS    =    152002.2174
 EELEC  =  -1651547.1641  EHBOND  =         0.0000  RESTRAINT  =         0.0000
 EKCMT  =    111891.0717  VIRIAL  =    114318.4623  VOLUME     =   4333559.0225
                                                    Density    =         1.0090
 ------------------------------------------------------------------------------


 NSTEP = 12250000   TIME(PS) =  125075.000  TEMP(K) =   300.03  PRESS =   -45.9
 Etot   =  -1017600.2408  EKtot   =    263247.0312  EPtot      =  -1280847.2721
 BOND   =     10357.3506  ANGLE   =     27864.2430  DIHED      =     32836.5666
 1-4 NB =     12417.0057  1-4 EEL =    134974.4396  VDWAALS    =    152344.6728
 EELEC  =  -1651641.5503  EHBOND  =         0.0000  RESTRAINT  =         0.0000
 EKCMT  =    112111.0584  VIRIAL  =    116404.7966  VOLUME     =   4330663.9055
                                                    Density    =         1.0097
 ------------------------------------------------------------------------------


 NSTEP = 12300000   TIME(PS) =  125175.000  TEMP(K) =   299.35  PRESS =    34.9
 Etot   =  -1018387.5111  EKtot   =    262654.0938  EPtot      =  -1281041.6049
 BOND   =     10436.4856  ANGLE   =     27794.5261  DIHED      =     32684.8595
 1-4 NB =     12287.6409  1-4 EEL =    135358.5427  VDWAALS    =    153422.7490
 EELEC  =  -1653026.4086  EHBOND  =         0.0000  RESTRAINT  =         0.0000
 EKCMT  =    111906.6372  VIRIAL  =    108641.0204  VOLUME     =   4334779.0371
                                                    Density    =         1.0088
 ------------------------------------------------------------------------------


 NSTEP = 12350000   TIME(PS) =  125275.000  TEMP(K) =   300.10  PRESS =   -52.5
 Etot   =  -1017267.2483  EKtot   =    263304.3125  EPtot      =  -1280571.5608
 BOND   =     10361.2002  ANGLE   =     27919.0891  DIHED      =     32876.1215
 1-4 NB =     12426.1708  1-4 EEL =    135494.0133  VDWAALS    =    152822.4255
 EELEC  =  -1652470.5811  EHBOND  =         0.0000  RESTRAINT  =         0.0000
 EKCMT  =    112132.7256  VIRIAL  =    117049.6263  VOLUME     =   4334744.9758
                                                    Density    =         1.0088
 ------------------------------------------------------------------------------


 NSTEP = 12400000   TIME(PS) =  125375.000  TEMP(K) =   300.36  PRESS =   -60.2
 Etot   =  -1017430.3211  EKtot   =    263533.3438  EPtot      =  -1280963.6649
 BOND   =     10535.1606  ANGLE   =     27809.9705  DIHED      =     32646.1274
 1-4 NB =     12379.3290  1-4 EEL =    135174.4383  VDWAALS    =    151822.6962
 EELEC  =  -1651331.3869  EHBOND  =         0.0000  RESTRAINT  =         0.0000
 EKCMT  =    112513.1778  VIRIAL  =    118144.2650  VOLUME     =   4330179.6053
                                                    Density    =         1.0098
 ------------------------------------------------------------------------------


 NSTEP = 12450000   TIME(PS) =  125475.000  TEMP(K) =   300.12  PRESS =    63.8
 Etot   =  -1016361.0106  EKtot   =    263323.2812  EPtot      =  -1279684.2918
 BOND   =     10263.7013  ANGLE   =     27889.9414  DIHED      =     32685.2297
 1-4 NB =     12443.5267  1-4 EEL =    135341.9229  VDWAALS    =    153246.3236
 EELEC  =  -1651554.9375  EHBOND  =         0.0000  RESTRAINT  =         0.0000
 EKCMT  =    112025.3889  VIRIAL  =    106056.3516  VOLUME     =   4335499.6053
                                                    Density    =         1.0086
 ------------------------------------------------------------------------------


 NSTEP = 12500000   TIME(PS) =  125575.000  TEMP(K) =   299.80  PRESS =    14.2
 Etot   =  -1017032.9754  EKtot   =    263047.1875  EPtot      =  -1280080.1629
 BOND   =     10479.7660  ANGLE   =     27981.0843  DIHED      =     32637.3819
 1-4 NB =     12406.5321  1-4 EEL =    135087.5823  VDWAALS    =    151789.3440
 EELEC  =  -1650461.8534  EHBOND  =         0.0000  RESTRAINT  =         0.0000
 EKCMT  =    111695.4736  VIRIAL  =    110363.2225  VOLUME     =   4333639.0668
                                                    Density    =         1.0090
 ------------------------------------------------------------------------------


 NSTEP = 12550000   TIME(PS) =  125675.000  TEMP(K) =   299.33  PRESS =  -111.7
 Etot   =  -1018375.3551  EKtot   =    262636.6250  EPtot      =  -1281011.9801
 BOND   =     10595.9054  ANGLE   =     27859.9542  DIHED      =     32839.9751
 1-4 NB =     12382.7736  1-4 EEL =    135051.1859  VDWAALS    =    153115.1180
 EELEC  =  -1652856.8925  EHBOND  =         0.0000  RESTRAINT  =         0.0000
 EKCMT  =    111827.3801  VIRIAL  =    122287.0843  VOLUME     =   4335171.8635
                                                    Density    =         1.0087
 ------------------------------------------------------------------------------


 NSTEP = 12600000   TIME(PS) =  125775.000  TEMP(K) =   299.80  PRESS =    14.7
 Etot   =  -1018150.9832  EKtot   =    263048.9062  EPtot      =  -1281199.8895
 BOND   =     10414.3230  ANGLE   =     27853.4088  DIHED      =     32765.3414
 1-4 NB =     12396.5520  1-4 EEL =    135253.9354  VDWAALS    =    151943.0394
 EELEC  =  -1651826.4895  EHBOND  =         0.0000  RESTRAINT  =         0.0000
 EKCMT  =    112141.4208  VIRIAL  =    110768.0187  VOLUME     =   4333389.0940
                                                    Density    =         1.0091
 ------------------------------------------------------------------------------


 NSTEP = 12650000   TIME(PS) =  125875.000  TEMP(K) =   300.26  PRESS =    -8.0
 Etot   =  -1018252.7405  EKtot   =    263448.4688  EPtot      =  -1281701.2092
 BOND   =     10565.4377  ANGLE   =     27810.7798  DIHED      =     32764.5895
 1-4 NB =     12368.1184  1-4 EEL =    135062.7370  VDWAALS    =    152487.2402
 EELEC  =  -1652760.1118  EHBOND  =         0.0000  RESTRAINT  =         0.0000
 EKCMT  =    112317.3317  VIRIAL  =    113070.4671  VOLUME     =   4336370.4138
                                                    Density    =         1.0084
 ------------------------------------------------------------------------------


 NSTEP = 12700000   TIME(PS) =  125975.000  TEMP(K) =   300.72  PRESS =    48.1
 Etot   =  -1017256.4750  EKtot   =    263849.0000  EPtot      =  -1281105.4750
 BOND   =     10396.8090  ANGLE   =     27992.1375  DIHED      =     32657.7401
 1-4 NB =     12362.7825  1-4 EEL =    135183.3408  VDWAALS    =    152490.8793
 EELEC  =  -1652189.1642  EHBOND  =         0.0000  RESTRAINT  =         0.0000
 EKCMT  =    112663.9902  VIRIAL  =    108171.4487  VOLUME     =   4330233.3796
                                                    Density    =         1.0098
 ------------------------------------------------------------------------------


 NSTEP = 12750000   TIME(PS) =  126075.000  TEMP(K) =   300.68  PRESS =   -10.0
 Etot   =  -1017727.8815  EKtot   =    263815.0938  EPtot      =  -1281542.9753
 BOND   =     10519.2437  ANGLE   =     28001.5088  DIHED      =     32765.8766
 1-4 NB =     12357.8711  1-4 EEL =    135128.0013  VDWAALS    =    152798.5030
 EELEC  =  -1653113.9797  EHBOND  =         0.0000  RESTRAINT  =         0.0000
 EKCMT  =    112433.0225  VIRIAL  =    113372.0341  VOLUME     =   4334739.4556
                                                    Density    =         1.0088
 ------------------------------------------------------------------------------


 NSTEP = 12800000   TIME(PS) =  126175.000  TEMP(K) =   300.17  PRESS =    52.3
 Etot   =  -1017805.3081  EKtot   =    263368.6250  EPtot      =  -1281173.9331
 BOND   =     10348.6652  ANGLE   =     28071.3816  DIHED      =     32621.9486
 1-4 NB =     12440.8350  1-4 EEL =    134947.3585  VDWAALS    =    152553.6401
 EELEC  =  -1652157.7620  EHBOND  =         0.0000  RESTRAINT  =         0.0000
 EKCMT  =    111809.4676  VIRIAL  =    106920.9919  VOLUME     =   4331134.7074
                                                    Density    =         1.0096
 ------------------------------------------------------------------------------


 NSTEP = 12850000   TIME(PS) =  126275.000  TEMP(K) =   299.42  PRESS =    25.4
 Etot   =  -1018211.0590  EKtot   =    262711.5312  EPtot      =  -1280922.5902
 BOND   =     10371.5792  ANGLE   =     27723.8657  DIHED      =     32849.4550
 1-4 NB =     12420.9806  1-4 EEL =    135498.5364  VDWAALS    =    154253.2765
 EELEC  =  -1654040.2836  EHBOND  =         0.0000  RESTRAINT  =         0.0000
 EKCMT  =    112230.9667  VIRIAL  =    109856.5279  VOLUME     =   4336429.3976
                                                    Density    =         1.0084
 ------------------------------------------------------------------------------


 NSTEP = 12900000   TIME(PS) =  126375.000  TEMP(K) =   299.88  PRESS =   -17.2
 Etot   =  -1018536.1284  EKtot   =    263114.7812  EPtot      =  -1281650.9096
 BOND   =     10444.5351  ANGLE   =     27690.1825  DIHED      =     32673.6201
 1-4 NB =     12413.4232  1-4 EEL =    135106.1602  VDWAALS    =    152726.2529
 EELEC  =  -1652705.0836  EHBOND  =         0.0000  RESTRAINT  =         0.0000
 EKCMT  =    111872.8428  VIRIAL  =    113486.6287  VOLUME     =   4335362.8759
                                                    Density    =         1.0086
 ------------------------------------------------------------------------------


 NSTEP = 12950000   TIME(PS) =  126475.000  TEMP(K) =   299.67  PRESS =   -29.3
 Etot   =  -1017973.3281  EKtot   =    262932.8750  EPtot      =  -1280906.2031
 BOND   =     10530.0110  ANGLE   =     27892.3669  DIHED      =     32702.5712
 1-4 NB =     12403.7032  1-4 EEL =    135331.4243  VDWAALS    =    152212.6907
 EELEC  =  -1651978.9704  EHBOND  =         0.0000  RESTRAINT  =         0.0000
 EKCMT  =    112328.0215  VIRIAL  =    115067.1253  VOLUME     =   4332727.6904
                                                    Density    =         1.0092
 ------------------------------------------------------------------------------


 NSTEP = 13000000   TIME(PS) =  126575.000  TEMP(K) =   299.71  PRESS =    54.8
 Etot   =  -1018213.6634  EKtot   =    262969.7188  EPtot      =  -1281183.3821
 BOND   =     10560.8967  ANGLE   =     28007.9163  DIHED      =     32750.5527
 1-4 NB =     12411.4807  1-4 EEL =    135035.9450  VDWAALS    =    153021.4493
 EELEC  =  -1652971.6229  EHBOND  =         0.0000  RESTRAINT  =         0.0000
 EKCMT  =    112522.2619  VIRIAL  =    107394.9734  VOLUME     =   4332961.6619
                                                    Density    =         1.0092
 ------------------------------------------------------------------------------


 NSTEP = 13050000   TIME(PS) =  126675.000  TEMP(K) =   300.04  PRESS =    -1.1
 Etot   =  -1017462.2167  EKtot   =    263251.4062  EPtot      =  -1280713.6230
 BOND   =     10423.6995  ANGLE   =     27868.0786  DIHED      =     32764.6764
 1-4 NB =     12361.9438  1-4 EEL =    135258.2016  VDWAALS    =    152442.9216
 EELEC  =  -1651833.1443  EHBOND  =         0.0000  RESTRAINT  =         0.0000
 EKCMT  =    112078.2236  VIRIAL  =    112176.3854  VOLUME     =   4329427.2250
                                                    Density    =         1.0100
 ------------------------------------------------------------------------------


 NSTEP = 13100000   TIME(PS) =  126775.000  TEMP(K) =   300.05  PRESS =    19.5
 Etot   =  -1018220.3836  EKtot   =    263265.2812  EPtot      =  -1281485.6648
 BOND   =     10397.5460  ANGLE   =     27916.9383  DIHED      =     32688.4606
 1-4 NB =     12440.4524  1-4 EEL =    135259.7557  VDWAALS    =    153061.2232
 EELEC  =  -1653250.0409  EHBOND  =         0.0000  RESTRAINT  =         0.0000
 EKCMT  =    112089.9675  VIRIAL  =    110264.7483  VOLUME     =   4332638.0854
                                                    Density    =         1.0093
 ------------------------------------------------------------------------------


 NSTEP = 13150000   TIME(PS) =  126875.000  TEMP(K) =   299.93  PRESS =  -128.8
 Etot   =  -1018219.9032  EKtot   =    263159.4688  EPtot      =  -1281379.3720
 BOND   =     10494.2908  ANGLE   =     27706.6849  DIHED      =     32598.5555
 1-4 NB =     12417.5427  1-4 EEL =    135204.4328  VDWAALS    =    152843.8502
 EELEC  =  -1652644.7288  EHBOND  =         0.0000  RESTRAINT  =         0.0000
 EKCMT  =    112230.1314  VIRIAL  =    124281.1841  VOLUME     =   4332804.3522
                                                    Density    =         1.0092
 ------------------------------------------------------------------------------


 NSTEP = 13200000   TIME(PS) =  126975.000  TEMP(K) =   299.92  PRESS =    11.1
 Etot   =  -1018140.9416  EKtot   =    263151.7500  EPtot      =  -1281292.6916
 BOND   =     10636.1300  ANGLE   =     27925.0120  DIHED      =     32708.7967
 1-4 NB =     12366.2378  1-4 EEL =    135035.0413  VDWAALS    =    153521.7099
 EELEC  =  -1653485.6192  EHBOND  =         0.0000  RESTRAINT  =         0.0000
 EKCMT  =    111914.4251  VIRIAL  =    110879.6967  VOLUME     =   4328829.7749
                                                    Density    =         1.0102
 ------------------------------------------------------------------------------


 NSTEP = 13250000   TIME(PS) =  127075.000  TEMP(K) =   300.11  PRESS =   -26.0
 Etot   =  -1016935.2962  EKtot   =    263315.2500  EPtot      =  -1280250.5462
 BOND   =     10565.3267  ANGLE   =     27980.8777  DIHED      =     32588.4231
 1-4 NB =     12263.0021  1-4 EEL =    135047.6433  VDWAALS    =    152668.0028
 EELEC  =  -1651363.8220  EHBOND  =         0.0000  RESTRAINT  =         0.0000
 EKCMT  =    112175.6407  VIRIAL  =    114609.9685  VOLUME     =   4332208.2029
                                                    Density    =         1.0094
 ------------------------------------------------------------------------------


 NSTEP = 13300000   TIME(PS) =  127175.000  TEMP(K) =   300.48  PRESS =     4.4
 Etot   =  -1017443.0364  EKtot   =    263642.2188  EPtot      =  -1281085.2551
 BOND   =     10347.3062  ANGLE   =     28000.8818  DIHED      =     32601.1412
 1-4 NB =     12379.4936  1-4 EEL =    135218.0616  VDWAALS    =    152040.8818
 EELEC  =  -1651673.0212  EHBOND  =         0.0000  RESTRAINT  =         0.0000
 EKCMT  =    112482.2756  VIRIAL  =    112072.8971  VOLUME     =   4331917.8935
                                                    Density    =         1.0094
 ------------------------------------------------------------------------------


 NSTEP = 13350000   TIME(PS) =  127275.000  TEMP(K) =   301.02  PRESS =   -11.8
 Etot   =  -1016498.0949  EKtot   =    264118.5000  EPtot      =  -1280616.5949
 BOND   =     10446.1405  ANGLE   =     27823.7994  DIHED      =     32673.6151
 1-4 NB =     12446.4752  1-4 EEL =    135133.7640  VDWAALS    =    152026.7650
 EELEC  =  -1651167.1540  EHBOND  =         0.0000  RESTRAINT  =         0.0000
 EKCMT  =    112658.3347  VIRIAL  =    113763.6865  VOLUME     =   4335414.2764
                                                    Density    =         1.0086
 ------------------------------------------------------------------------------


 NSTEP = 13400000   TIME(PS) =  127375.000  TEMP(K) =   300.53  PRESS =   -53.8
 Etot   =  -1017185.9731  EKtot   =    263686.4375  EPtot      =  -1280872.4106
 BOND   =     10482.8101  ANGLE   =     27724.8830  DIHED      =     32648.9544
 1-4 NB =     12382.3802  1-4 EEL =    135211.3013  VDWAALS    =    151386.9666
 EELEC  =  -1650709.7062  EHBOND  =         0.0000  RESTRAINT  =         0.0000
 EKCMT  =    112177.7592  VIRIAL  =    117214.4571  VOLUME     =   4333741.8635
                                                    Density    =         1.0090
 ------------------------------------------------------------------------------


 NSTEP = 13450000   TIME(PS) =  127475.000  TEMP(K) =   300.09  PRESS =   -15.8
 Etot   =  -1017410.6127  EKtot   =    263300.0312  EPtot      =  -1280710.6439
 BOND   =     10471.6190  ANGLE   =     27971.0565  DIHED      =     32673.4167
 1-4 NB =     12364.3868  1-4 EEL =    135332.8640  VDWAALS    =    152437.0966
 EELEC  =  -1651961.0835  EHBOND  =         0.0000  RESTRAINT  =         0.0000
 EKCMT  =    112357.6004  VIRIAL  =    113837.4913  VOLUME     =   4334120.0058
                                                    Density    =         1.0089
 ------------------------------------------------------------------------------


 NSTEP = 13500000   TIME(PS) =  127575.000  TEMP(K) =   299.94  PRESS =    14.7
 Etot   =  -1017302.5083  EKtot   =    263165.5000  EPtot      =  -1280468.0083
 BOND   =     10375.0334  ANGLE   =     27975.7968  DIHED      =     32445.1723
 1-4 NB =     12329.6077  1-4 EEL =    135217.8990  VDWAALS    =    152583.6341
 EELEC  =  -1651395.1516  EHBOND  =         0.0000  RESTRAINT  =         0.0000
 EKCMT  =    112167.0814  VIRIAL  =    110793.2507  VOLUME     =   4334681.9611
                                                    Density    =         1.0088
 ------------------------------------------------------------------------------


 NSTEP = 13550000   TIME(PS) =  127675.000  TEMP(K) =   300.41  PRESS =   131.5
 Etot   =  -1017325.6217  EKtot   =    263579.3750  EPtot      =  -1280904.9967
 BOND   =     10315.6771  ANGLE   =     27921.0066  DIHED      =     32562.6180
 1-4 NB =     12433.2913  1-4 EEL =    135559.5374  VDWAALS    =    154023.3252
 EELEC  =  -1653720.4522  EHBOND  =         0.0000  RESTRAINT  =         0.0000
 EKCMT  =    112344.4302  VIRIAL  =    100033.6415  VOLUME     =   4334505.8957
                                                    Density    =         1.0088
 ------------------------------------------------------------------------------


 NSTEP = 13600000   TIME(PS) =  127775.000  TEMP(K) =   300.51  PRESS =   -29.1
 Etot   =  -1017898.9707  EKtot   =    263668.8125  EPtot      =  -1281567.7832
 BOND   =     10303.6065  ANGLE   =     27914.8177  DIHED      =     32552.3648
 1-4 NB =     12427.9035  1-4 EEL =    135319.8196  VDWAALS    =    152938.9659
 EELEC  =  -1653025.2611  EHBOND  =         0.0000  RESTRAINT  =         0.0000
 EKCMT  =    112413.2222  VIRIAL  =    115133.9187  VOLUME     =   4333631.2524
                                                    Density    =         1.0090
 ------------------------------------------------------------------------------


 NSTEP = 13650000   TIME(PS) =  127875.000  TEMP(K) =   299.82  PRESS =   -50.6
 Etot   =  -1017488.5700  EKtot   =    263064.4375  EPtot      =  -1280553.0075
 BOND   =     10573.5328  ANGLE   =     28106.3847  DIHED      =     32659.3264
 1-4 NB =     12410.8920  1-4 EEL =    135239.2791  VDWAALS    =    152194.6091
 EELEC  =  -1651737.0317  EHBOND  =         0.0000  RESTRAINT  =         0.0000
 EKCMT  =    112050.4364  VIRIAL  =    116784.4648  VOLUME     =   4332057.0446
                                                    Density    =         1.0094
 ------------------------------------------------------------------------------


 NSTEP = 13700000   TIME(PS) =  127975.000  TEMP(K) =   300.05  PRESS =   -50.0
 Etot   =  -1017635.2693  EKtot   =    263266.0938  EPtot      =  -1280901.3630
 BOND   =     10303.7916  ANGLE   =     27934.6005  DIHED      =     32703.8943
 1-4 NB =     12437.4295  1-4 EEL =    135263.4473  VDWAALS    =    152403.6717
 EELEC  =  -1651948.1979  EHBOND  =         0.0000  RESTRAINT  =         0.0000
 EKCMT  =    112195.6720  VIRIAL  =    116875.0019  VOLUME     =   4335875.2158
                                                    Density    =         1.0085
 ------------------------------------------------------------------------------


 NSTEP = 13750000   TIME(PS) =  128075.000  TEMP(K) =   299.91  PRESS =   -91.3
 Etot   =  -1016658.9524  EKtot   =    263141.0312  EPtot      =  -1279799.9836
 BOND   =     10623.3928  ANGLE   =     28003.7749  DIHED      =     32685.4559
 1-4 NB =     12393.9157  1-4 EEL =    135142.6101  VDWAALS    =    150990.2095
 EELEC  =  -1649639.3426  EHBOND  =         0.0000  RESTRAINT  =         0.0000
 EKCMT  =    112135.0435  VIRIAL  =    120684.1135  VOLUME     =   4335511.3541
                                                    Density    =         1.0086
 ------------------------------------------------------------------------------


 NSTEP = 13800000   TIME(PS) =  128175.000  TEMP(K) =   300.11  PRESS =   -88.9
 Etot   =  -1017696.0371  EKtot   =    263320.0625  EPtot      =  -1281016.0996
 BOND   =     10524.0539  ANGLE   =     27871.1130  DIHED      =     32522.9588
 1-4 NB =     12326.7716  1-4 EEL =    135276.8971  VDWAALS    =    152721.3687
 EELEC  =  -1652259.2627  EHBOND  =         0.0000  RESTRAINT  =         0.0000
 EKCMT  =    111890.9617  VIRIAL  =    120206.7353  VOLUME     =   4333672.0102
                                                    Density    =         1.0090
 ------------------------------------------------------------------------------


 NSTEP = 13850000   TIME(PS) =  128275.000  TEMP(K) =   299.63  PRESS =    32.2
 Etot   =  -1017354.2038  EKtot   =    262894.0625  EPtot      =  -1280248.2663
 BOND   =     10400.1796  ANGLE   =     27899.0798  DIHED      =     32631.8781
 1-4 NB =     12374.4397  1-4 EEL =    135099.7895  VDWAALS    =    152562.0656
 EELEC  =  -1651215.6986  EHBOND  =         0.0000  RESTRAINT  =         0.0000
 EKCMT  =    112310.6348  VIRIAL  =    109295.3405  VOLUME     =   4333042.0321
                                                    Density    =         1.0092
 ------------------------------------------------------------------------------


 NSTEP = 13900000   TIME(PS) =  128375.000  TEMP(K) =   299.80  PRESS =   108.8
 Etot   =  -1017923.4545  EKtot   =    263048.6875  EPtot      =  -1280972.1420
 BOND   =     10495.8458  ANGLE   =     27855.2915  DIHED      =     32595.9104
 1-4 NB =     12375.0512  1-4 EEL =    135062.3319  VDWAALS    =    152983.7307
 EELEC  =  -1652340.3036  EHBOND  =         0.0000  RESTRAINT  =         0.0000
 EKCMT  =    112121.6118  VIRIAL  =    101946.3567  VOLUME     =   4330969.1078
                                                    Density    =         1.0097
 ------------------------------------------------------------------------------


 NSTEP = 13950000   TIME(PS) =  128475.000  TEMP(K) =   300.01  PRESS =   -71.5
 Etot   =  -1017624.4084  EKtot   =    263226.8125  EPtot      =  -1280851.2209
 BOND   =     10528.6424  ANGLE   =     27850.7781  DIHED      =     32582.5263
 1-4 NB =     12377.0011  1-4 EEL =    135294.9080  VDWAALS    =    152334.1351
 EELEC  =  -1651819.2120  EHBOND  =         0.0000  RESTRAINT  =         0.0000
 EKCMT  =    111901.4024  VIRIAL  =    118588.9206  VOLUME     =   4332812.0789
                                                    Density    =         1.0092
 ------------------------------------------------------------------------------


 NSTEP = 14000000   TIME(PS) =  128575.000  TEMP(K) =   300.13  PRESS =    11.8
 Etot   =  -1016574.7517  EKtot   =    263336.5625  EPtot      =  -1279911.3142
 BOND   =     10464.0744  ANGLE   =     27987.1176  DIHED      =     32557.8087
 1-4 NB =     12352.7977  1-4 EEL =    135080.5085  VDWAALS    =    152548.1541
 EELEC  =  -1650901.7751  EHBOND  =         0.0000  RESTRAINT  =         0.0000
 EKCMT  =    112153.9108  VIRIAL  =    111049.5807  VOLUME     =   4333437.5021
                                                    Density    =         1.0091
 ------------------------------------------------------------------------------


 NSTEP = 14050000   TIME(PS) =  128675.000  TEMP(K) =   300.65  PRESS =    10.6
 Etot   =  -1015364.5497  EKtot   =    263791.5312  EPtot      =  -1279156.0809
 BOND   =     10483.3292  ANGLE   =     27915.9783  DIHED      =     32657.2173
 1-4 NB =     12396.3701  1-4 EEL =    135011.1997  VDWAALS    =    152315.8090
 EELEC  =  -1649935.9846  EHBOND  =         0.0000  RESTRAINT  =         0.0000
 EKCMT  =    112472.9563  VIRIAL  =    111483.4823  VOLUME     =   4333988.4841
                                                    Density    =         1.0089
 ------------------------------------------------------------------------------


 NSTEP = 14100000   TIME(PS) =  128775.000  TEMP(K) =   299.59  PRESS =   -33.3
 Etot   =  -1017406.7139  EKtot   =    262861.8438  EPtot      =  -1280268.5577
 BOND   =     10422.4499  ANGLE   =     27965.4725  DIHED      =     32693.4613
 1-4 NB =     12372.4206  1-4 EEL =    135216.0744  VDWAALS    =    151978.9071
 EELEC  =  -1650917.3433  EHBOND  =         0.0000  RESTRAINT  =         0.0000
 EKCMT  =    111683.1899  VIRIAL  =    114799.4405  VOLUME     =   4335293.0490
                                                    Density    =         1.0086
 ------------------------------------------------------------------------------


 NSTEP = 14150000   TIME(PS) =  128875.000  TEMP(K) =   299.78  PRESS =    16.8
 Etot   =  -1018253.7723  EKtot   =    263025.6875  EPtot      =  -1281279.4598
 BOND   =     10432.4845  ANGLE   =     27873.9074  DIHED      =     32770.4670
 1-4 NB =     12363.2889  1-4 EEL =    135162.1061  VDWAALS    =    152772.8217
 EELEC  =  -1652654.5354  EHBOND  =         0.0000  RESTRAINT  =         0.0000
 EKCMT  =    112064.5213  VIRIAL  =    110496.1439  VOLUME     =   4333322.1827
                                                    Density    =         1.0091
 ------------------------------------------------------------------------------


 NSTEP = 14200000   TIME(PS) =  128975.000  TEMP(K) =   301.16  PRESS =    49.6
 Etot   =  -1016470.9867  EKtot   =    264240.2812  EPtot      =  -1280711.2679
 BOND   =     10377.8270  ANGLE   =     27886.0555  DIHED      =     32668.5260
 1-4 NB =     12374.8665  1-4 EEL =    135311.6639  VDWAALS    =    152494.2823
 EELEC  =  -1651824.4890  EHBOND  =         0.0000  RESTRAINT  =         0.0000
 EKCMT  =    112528.6483  VIRIAL  =    107883.1944  VOLUME     =   4335256.1006
                                                    Density    =         1.0087
 ------------------------------------------------------------------------------


 NSTEP = 14250000   TIME(PS) =  129075.000  TEMP(K) =   300.70  PRESS =   -22.9
 Etot   =  -1016693.4967  EKtot   =    263834.2812  EPtot      =  -1280527.7779
 BOND   =     10385.8677  ANGLE   =     28039.4048  DIHED      =     32773.5809
 1-4 NB =     12327.6065  1-4 EEL =    135212.2611  VDWAALS    =    151318.1583
 EELEC  =  -1650584.6572  EHBOND  =         0.0000  RESTRAINT  =         0.0000
 EKCMT  =    112522.7844  VIRIAL  =    114661.3499  VOLUME     =   4330719.3545
                                                    Density    =         1.0097
 ------------------------------------------------------------------------------


 NSTEP = 14300000   TIME(PS) =  129175.000  TEMP(K) =   300.00  PRESS =    37.5
 Etot   =  -1017637.3084  EKtot   =    263220.5625  EPtot      =  -1280857.8709
 BOND   =     10493.1869  ANGLE   =     27808.6787  DIHED      =     32635.9058
 1-4 NB =     12397.7103  1-4 EEL =    135275.6751  VDWAALS    =    153070.5568
 EELEC  =  -1652539.5845  EHBOND  =         0.0000  RESTRAINT  =         0.0000
 EKCMT  =    112052.5020  VIRIAL  =    108542.2897  VOLUME     =   4332543.3626
                                                    Density    =         1.0093
 ------------------------------------------------------------------------------


 NSTEP = 14350000   TIME(PS) =  129275.000  TEMP(K) =   300.05  PRESS =    75.7
 Etot   =  -1017876.1433  EKtot   =    263259.8438  EPtot      =  -1281135.9871
 BOND   =     10427.7807  ANGLE   =     27635.2619  DIHED      =     32649.9844
 1-4 NB =     12485.0950  1-4 EEL =    135326.7308  VDWAALS    =    152118.8348
 EELEC  =  -1651779.6748  EHBOND  =         0.0000  RESTRAINT  =         0.0000
 EKCMT  =    112091.0492  VIRIAL  =    105002.3613  VOLUME     =   4336602.5978
                                                    Density    =         1.0083
 ------------------------------------------------------------------------------


 NSTEP = 14400000   TIME(PS) =  129375.000  TEMP(K) =   299.64  PRESS =    49.4
 Etot   =  -1018220.0825  EKtot   =    262908.5625  EPtot      =  -1281128.6450
 BOND   =     10324.7096  ANGLE   =     28012.4813  DIHED      =     32768.5535
 1-4 NB =     12390.4335  1-4 EEL =    135266.4718  VDWAALS    =    152914.3252
 EELEC  =  -1652805.6199  EHBOND  =         0.0000  RESTRAINT  =         0.0000
 EKCMT  =    112301.7505  VIRIAL  =    107679.6733  VOLUME     =   4332318.0612
                                                    Density    =         1.0093
 ------------------------------------------------------------------------------


 NSTEP = 14450000   TIME(PS) =  129475.000  TEMP(K) =   300.35  PRESS =   -15.4
 Etot   =  -1015978.3399  EKtot   =    263530.7188  EPtot      =  -1279509.0587
 BOND   =     10553.1171  ANGLE   =     27832.7606  DIHED      =     32613.2705
 1-4 NB =     12372.0733  1-4 EEL =    135152.1190  VDWAALS    =    151903.9403
 EELEC  =  -1649936.3394  EHBOND  =         0.0000  RESTRAINT  =         0.0000
 EKCMT  =    112375.7245  VIRIAL  =    113819.9524  VOLUME     =   4331020.5653
                                                    Density    =         1.0096
 ------------------------------------------------------------------------------


 NSTEP = 14500000   TIME(PS) =  129575.000  TEMP(K) =   300.27  PRESS =    23.3
 Etot   =  -1016191.7027  EKtot   =    263456.1875  EPtot      =  -1279647.8902
 BOND   =     10452.7179  ANGLE   =     27956.2924  DIHED      =     32579.2339
 1-4 NB =     12393.3011  1-4 EEL =    135046.3266  VDWAALS    =    152391.0034
 EELEC  =  -1650466.7656  EHBOND  =         0.0000  RESTRAINT  =         0.0000
 EKCMT  =    112491.0745  VIRIAL  =    110311.1046  VOLUME     =   4330581.5385
                                                    Density    =         1.0097
 ------------------------------------------------------------------------------


 NSTEP = 14550000   TIME(PS) =  129675.000  TEMP(K) =   299.30  PRESS =    11.9
 Etot   =  -1017819.0501  EKtot   =    262606.7188  EPtot      =  -1280425.7688
 BOND   =     10519.8120  ANGLE   =     27788.7965  DIHED      =     32637.6495
 1-4 NB =     12444.1515  1-4 EEL =    135033.4477  VDWAALS    =    152151.4347
 EELEC  =  -1651001.0606  EHBOND  =         0.0000  RESTRAINT  =         0.0000
 EKCMT  =    111978.7900  VIRIAL  =    110867.5537  VOLUME     =   4331741.9670
                                                    Density    =         1.0095
 ------------------------------------------------------------------------------


 NSTEP = 14600000   TIME(PS) =  129775.000  TEMP(K) =   300.08  PRESS =   -13.7
 Etot   =  -1017104.1442  EKtot   =    263294.0625  EPtot      =  -1280398.2067
 BOND   =     10457.9223  ANGLE   =     27868.2880  DIHED      =     32742.1034
 1-4 NB =     12365.8281  1-4 EEL =    135280.3398  VDWAALS    =    152060.2457
 EELEC  =  -1651172.9340  EHBOND  =         0.0000  RESTRAINT  =         0.0000
 EKCMT  =    111638.4961  VIRIAL  =    112919.5254  VOLUME     =   4332922.5855
                                                    Density    =         1.0092
 ------------------------------------------------------------------------------


 NSTEP = 14650000   TIME(PS) =  129875.000  TEMP(K) =   300.00  PRESS =   155.7
 Etot   =  -1016111.2087  EKtot   =    263216.1875  EPtot      =  -1279327.3962
 BOND   =     10381.5613  ANGLE   =     27884.4023  DIHED      =     32631.2333
 1-4 NB =     12395.7154  1-4 EEL =    135153.8801  VDWAALS    =    152235.8706
 EELEC  =  -1650010.0593  EHBOND  =         0.0000  RESTRAINT  =         0.0000
 EKCMT  =    111755.7847  VIRIAL  =     97173.1587  VOLUME     =   4336555.4514
                                                    Density    =         1.0084
 ------------------------------------------------------------------------------


 NSTEP = 14700000   TIME(PS) =  129975.000  TEMP(K) =   300.43  PRESS =    65.0
 Etot   =  -1016774.5623  EKtot   =    263599.0625  EPtot      =  -1280373.6248
 BOND   =     10495.0612  ANGLE   =     27938.4222  DIHED      =     32669.3378
 1-4 NB =     12473.1496  1-4 EEL =    135176.6302  VDWAALS    =    153269.2319
 EELEC  =  -1652395.4577  EHBOND  =         0.0000  RESTRAINT  =         0.0000
 EKCMT  =    112248.8556  VIRIAL  =    106164.5044  VOLUME     =   4332973.9064
                                                    Density    =         1.0092
 ------------------------------------------------------------------------------


 NSTEP = 14750000   TIME(PS) =  130075.000  TEMP(K) =   300.60  PRESS =   -51.9
 Etot   =  -1017079.4203  EKtot   =    263750.5938  EPtot      =  -1280830.0141
 BOND   =     10365.0023  ANGLE   =     28010.8489  DIHED      =     32691.4015
 1-4 NB =     12328.6085  1-4 EEL =    135034.4514  VDWAALS    =    152219.7282
 EELEC  =  -1651480.0549  EHBOND  =         0.0000  RESTRAINT  =         0.0000
 EKCMT  =    112294.3174  VIRIAL  =    117145.3051  VOLUME     =   4332514.1440
                                                    Density    =         1.0093
 ------------------------------------------------------------------------------


 NSTEP = 14800000   TIME(PS) =  130175.000  TEMP(K) =   300.02  PRESS =    81.9
 Etot   =  -1017486.4315  EKtot   =    263234.5938  EPtot      =  -1280721.0253
 BOND   =     10459.7973  ANGLE   =     27875.6830  DIHED      =     32724.1117
 1-4 NB =     12288.9150  1-4 EEL =    135272.2963  VDWAALS    =    152995.8070
 EELEC  =  -1652337.6355  EHBOND  =         0.0000  RESTRAINT  =         0.0000
 EKCMT  =    112040.9028  VIRIAL  =    104382.7770  VOLUME     =   4332326.0738
                                                    Density    =         1.0093
 ------------------------------------------------------------------------------


 NSTEP = 14850000   TIME(PS) =  130275.000  TEMP(K) =   299.78  PRESS =   100.4
 Etot   =  -1018202.2989  EKtot   =    263028.3125  EPtot      =  -1281230.6114
 BOND   =     10546.4947  ANGLE   =     27966.4986  DIHED      =     32825.2819
 1-4 NB =     12407.2895  1-4 EEL =    135094.8120  VDWAALS    =    152903.9976
 EELEC  =  -1652974.9856  EHBOND  =         0.0000  RESTRAINT  =         0.0000
 EKCMT  =    112058.5484  VIRIAL  =    102662.8258  VOLUME     =   4333080.3339
                                                    Density    =         1.0092
 ------------------------------------------------------------------------------


 NSTEP = 14900000   TIME(PS) =  130375.000  TEMP(K) =   300.69  PRESS =   -41.7
 Etot   =  -1016874.2630  EKtot   =    263825.5312  EPtot      =  -1280699.7943
 BOND   =     10542.7560  ANGLE   =     28023.4505  DIHED      =     32657.0964
 1-4 NB =     12393.9202  1-4 EEL =    135274.6360  VDWAALS    =    152697.5632
 EELEC  =  -1652289.2167  EHBOND  =         0.0000  RESTRAINT  =         0.0000
 EKCMT  =    112015.1572  VIRIAL  =    115918.6086  VOLUME     =   4334989.3147
                                                    Density    =         1.0087
 ------------------------------------------------------------------------------


 NSTEP = 14950000   TIME(PS) =  130475.000  TEMP(K) =   300.73  PRESS =    17.5
 Etot   =  -1016786.8359  EKtot   =    263857.8125  EPtot      =  -1280644.6484
 BOND   =     10597.1738  ANGLE   =     27881.6557  DIHED      =     32558.3160
 1-4 NB =     12397.5100  1-4 EEL =    135071.9282  VDWAALS    =    153008.0817
 EELEC  =  -1652159.3140  EHBOND  =         0.0000  RESTRAINT  =         0.0000
 EKCMT  =    112248.9918  VIRIAL  =    110613.6606  VOLUME     =   4330763.3778
                                                    Density    =         1.0097
 ------------------------------------------------------------------------------


 NSTEP = 15000000   TIME(PS) =  130575.000  TEMP(K) =   300.22  PRESS =   -82.7
 Etot   =  -1017543.2502  EKtot   =    263415.2812  EPtot      =  -1280958.5315
 BOND   =     10412.3013  ANGLE   =     27699.9704  DIHED      =     32702.1857
 1-4 NB =     12394.9517  1-4 EEL =    135457.4918  VDWAALS    =    151761.7326
 EELEC  =  -1651387.1649  EHBOND  =         0.0000  RESTRAINT  =         0.0000
 EKCMT  =    112160.7140  VIRIAL  =    119898.4392  VOLUME     =   4331260.7198
                                                    Density    =         1.0096
 ------------------------------------------------------------------------------


 NSTEP = 15050000   TIME(PS) =  130675.000  TEMP(K) =   299.95  PRESS =   -22.8
 Etot   =  -1017243.1280  EKtot   =    263180.0938  EPtot      =  -1280423.2217
 BOND   =     10316.3860  ANGLE   =     27966.1859  DIHED      =     32716.5081
 1-4 NB =     12344.5182  1-4 EEL =    135190.6697  VDWAALS    =    151278.7765
 EELEC  =  -1650236.2661  EHBOND  =         0.0000  RESTRAINT  =         0.0000
 EKCMT  =    112077.6090  VIRIAL  =    114209.6752  VOLUME     =   4333938.6072
                                                    Density    =         1.0090
 ------------------------------------------------------------------------------


 NSTEP = 15100000   TIME(PS) =  130775.000  TEMP(K) =   300.64  PRESS =     9.8
 Etot   =  -1016731.6489  EKtot   =    263784.3125  EPtot      =  -1280515.9614
 BOND   =     10516.0899  ANGLE   =     28051.7903  DIHED      =     32699.3952
 1-4 NB =     12388.2472  1-4 EEL =    135295.5205  VDWAALS    =    152333.2162
 EELEC  =  -1651800.2207  EHBOND  =         0.0000  RESTRAINT  =         0.0000
 EKCMT  =    112242.3113  VIRIAL  =    111325.4100  VOLUME     =   4334037.3426
                                                    Density    =         1.0089
 ------------------------------------------------------------------------------


 NSTEP = 15150000   TIME(PS) =  130875.000  TEMP(K) =   300.49  PRESS =   -47.3
 Etot   =  -1017221.3891  EKtot   =    263648.7188  EPtot      =  -1280870.1079
 BOND   =     10538.3707  ANGLE   =     27928.0596  DIHED      =     32451.3531
 1-4 NB =     12361.5659  1-4 EEL =    135330.6962  VDWAALS    =    152659.3374
 EELEC  =  -1652139.4907  EHBOND  =         0.0000  RESTRAINT  =         0.0000
 EKCMT  =    112165.0504  VIRIAL  =    116586.5033  VOLUME     =   4331946.3013
                                                    Density    =         1.0094
 ------------------------------------------------------------------------------


 NSTEP = 15200000   TIME(PS) =  130975.000  TEMP(K) =   299.98  PRESS =   -40.2
 Etot   =  -1017630.8361  EKtot   =    263201.3438  EPtot      =  -1280832.1798
 BOND   =     10467.6894  ANGLE   =     27931.4228  DIHED      =     32622.5804
 1-4 NB =     12311.4709  1-4 EEL =    135110.3558  VDWAALS    =    152313.7528
 EELEC  =  -1651589.4520  EHBOND  =         0.0000  RESTRAINT  =         0.0000
 EKCMT  =    112317.6467  VIRIAL  =    116082.6489  VOLUME     =   4332436.5345
                                                    Density    =         1.0093
 ------------------------------------------------------------------------------


 NSTEP = 15250000   TIME(PS) =  131075.000  TEMP(K) =   300.57  PRESS =   -34.5
 Etot   =  -1017297.2282  EKtot   =    263719.9375  EPtot      =  -1281017.1657
 BOND   =     10597.2568  ANGLE   =     28083.4850  DIHED      =     32597.0477
 1-4 NB =     12304.5932  1-4 EEL =    134747.3096  VDWAALS    =    152709.0930
 EELEC  =  -1652055.9509  EHBOND  =         0.0000  RESTRAINT  =         0.0000
 EKCMT  =    112244.8535  VIRIAL  =    115469.2822  VOLUME     =   4333002.8250
                                                    Density    =         1.0092
 ------------------------------------------------------------------------------


 NSTEP = 15300000   TIME(PS) =  131175.000  TEMP(K) =   300.44  PRESS =    25.9
 Etot   =  -1017097.9261  EKtot   =    263607.8125  EPtot      =  -1280705.7386
 BOND   =     10484.2632  ANGLE   =     27907.9227  DIHED      =     32610.2479
 1-4 NB =     12343.4134  1-4 EEL =    134781.5710  VDWAALS    =    152794.4469
 EELEC  =  -1651627.6038  EHBOND  =         0.0000  RESTRAINT  =         0.0000
 EKCMT  =    112539.3349  VIRIAL  =    110111.5318  VOLUME     =   4334034.2035
                                                    Density    =         1.0089
 ------------------------------------------------------------------------------


 NSTEP = 15350000   TIME(PS) =  131275.000  TEMP(K) =   299.93  PRESS =    11.6
 Etot   =  -1017247.6489  EKtot   =    263157.8750  EPtot      =  -1280405.5239
 BOND   =     10436.1421  ANGLE   =     27954.6941  DIHED      =     32691.5296
 1-4 NB =     12359.5194  1-4 EEL =    135015.3803  VDWAALS    =    152335.2478
 EELEC  =  -1651198.0371  EHBOND  =         0.0000  RESTRAINT  =         0.0000
 EKCMT  =    112173.1091  VIRIAL  =    111088.9929  VOLUME     =   4334562.8606
                                                    Density    =         1.0088
 ------------------------------------------------------------------------------


 NSTEP = 15400000   TIME(PS) =  131375.000  TEMP(K) =   299.24  PRESS =    -7.1
 Etot   =  -1018228.9962  EKtot   =    262553.2188  EPtot      =  -1280782.2149
 BOND   =     10484.3086  ANGLE   =     27887.4433  DIHED      =     32662.5168
 1-4 NB =     12453.5980  1-4 EEL =    135023.2026  VDWAALS    =    152701.4804
 EELEC  =  -1651994.7646  EHBOND  =         0.0000  RESTRAINT  =         0.0000
 EKCMT  =    111958.7531  VIRIAL  =    112627.0725  VOLUME     =   4334420.8865
                                                    Density    =         1.0088
 ------------------------------------------------------------------------------


 NSTEP = 15450000   TIME(PS) =  131475.000  TEMP(K) =   299.93  PRESS =   -52.1
 Etot   =  -1018386.3233  EKtot   =    263161.4375  EPtot      =  -1281547.7608
 BOND   =     10465.1078  ANGLE   =     28076.4131  DIHED      =     32714.3690
 1-4 NB =     12371.1533  1-4 EEL =    135128.7979  VDWAALS    =    152851.7145
 EELEC  =  -1653155.3164  EHBOND  =         0.0000  RESTRAINT  =         0.0000
 EKCMT  =    111837.4238  VIRIAL  =    116710.9750  VOLUME     =   4330237.8720
                                                    Density    =         1.0098
 ------------------------------------------------------------------------------


 NSTEP = 15500000   TIME(PS) =  131575.000  TEMP(K) =   300.15  PRESS =   -32.4
 Etot   =  -1016267.2777  EKtot   =    263353.3125  EPtot      =  -1279620.5902
 BOND   =     10458.7569  ANGLE   =     27892.8717  DIHED      =     32636.7711
 1-4 NB =     12410.3991  1-4 EEL =    135182.1254  VDWAALS    =    152036.0748
 EELEC  =  -1650237.5892  EHBOND  =         0.0000  RESTRAINT  =         0.0000
 EKCMT  =    112410.9266  VIRIAL  =    115443.3285  VOLUME     =   4331981.6624
                                                    Density    =         1.0094
 ------------------------------------------------------------------------------


 NSTEP = 15550000   TIME(PS) =  131675.000  TEMP(K) =   300.44  PRESS =    -2.7
 Etot   =  -1016067.8555  EKtot   =    263608.5938  EPtot      =  -1279676.4492
 BOND   =     10434.1367  ANGLE   =     28192.5202  DIHED      =     32764.1879
 1-4 NB =     12244.4097  1-4 EEL =    134924.2753  VDWAALS    =    152187.8243
 EELEC  =  -1650423.8034  EHBOND  =         0.0000  RESTRAINT  =         0.0000
 EKCMT  =    112769.0905  VIRIAL  =    113018.0685  VOLUME     =   4335222.3289
                                                    Density    =         1.0087
 ------------------------------------------------------------------------------


 NSTEP = 15600000   TIME(PS) =  131775.000  TEMP(K) =   299.44  PRESS =   -11.2
 Etot   =  -1018333.2966  EKtot   =    262730.0938  EPtot      =  -1281063.3904
 BOND   =     10507.3154  ANGLE   =     27903.7213  DIHED      =     32607.8636
 1-4 NB =     12373.7242  1-4 EEL =    135111.2454  VDWAALS    =    152196.0008
 EELEC  =  -1651763.2611  EHBOND  =         0.0000  RESTRAINT  =         0.0000
 EKCMT  =    112185.3995  VIRIAL  =    113229.3593  VOLUME     =   4332427.1843
                                                    Density    =         1.0093
 ------------------------------------------------------------------------------


 NSTEP = 15650000   TIME(PS) =  131875.000  TEMP(K) =   299.81  PRESS =    53.7
 Etot   =  -1018133.5726  EKtot   =    263050.1875  EPtot      =  -1281183.7601
 BOND   =     10674.4691  ANGLE   =     27805.2942  DIHED      =     32743.8501
 1-4 NB =     12304.1532  1-4 EEL =    134997.0449  VDWAALS    =    152781.9091
 EELEC  =  -1652490.4806  EHBOND  =         0.0000  RESTRAINT  =         0.0000
 EKCMT  =    111651.8305  VIRIAL  =    106629.5557  VOLUME     =   4331009.5381
                                                    Density    =         1.0096
 ------------------------------------------------------------------------------


 NSTEP = 15700000   TIME(PS) =  131975.000  TEMP(K) =   299.92  PRESS =     4.5
 Etot   =  -1017480.1450  EKtot   =    263146.1562  EPtot      =  -1280626.3012
 BOND   =     10472.6312  ANGLE   =     28113.2415  DIHED      =     32620.3191
 1-4 NB =     12398.7585  1-4 EEL =    135199.7471  VDWAALS    =    153378.3340
 EELEC  =  -1652809.3326  EHBOND  =         0.0000  RESTRAINT  =         0.0000
 EKCMT  =    111811.7133  VIRIAL  =    111392.7530  VOLUME     =   4331077.4223
                                                    Density    =         1.0096
 ------------------------------------------------------------------------------


 NSTEP = 15750000   TIME(PS) =  132075.000  TEMP(K) =   299.91  PRESS =    19.4
 Etot   =  -1016952.2180  EKtot   =    263142.7812  EPtot      =  -1280094.9993
 BOND   =     10329.3650  ANGLE   =     28072.2929  DIHED      =     32619.0783
 1-4 NB =     12436.7557  1-4 EEL =    135059.2250  VDWAALS    =    152657.4750
 EELEC  =  -1651269.1911  EHBOND  =         0.0000  RESTRAINT  =         0.0000
 EKCMT  =    112066.5588  VIRIAL  =    110249.9798  VOLUME     =   4332793.7650
                                                    Density    =         1.0092
 ------------------------------------------------------------------------------


 NSTEP = 15800000   TIME(PS) =  132175.000  TEMP(K) =   300.39  PRESS =    34.4
 Etot   =  -1017966.7594  EKtot   =    263566.2188  EPtot      =  -1281532.9781
 BOND   =     10442.9806  ANGLE   =     28020.7442  DIHED      =     32670.5070
 1-4 NB =     12319.5390  1-4 EEL =    135141.9755  VDWAALS    =    152642.7128
 EELEC  =  -1652771.4373  EHBOND  =         0.0000  RESTRAINT  =         0.0000
 EKCMT  =    112233.3803  VIRIAL  =    109017.2991  VOLUME     =   4333040.4844
                                                    Density    =         1.0092
 ------------------------------------------------------------------------------


 NSTEP = 15850000   TIME(PS) =  132275.000  TEMP(K) =   299.70  PRESS =     3.7
 Etot   =  -1017809.7619  EKtot   =    262960.0000  EPtot      =  -1280769.7619
 BOND   =     10518.9938  ANGLE   =     27856.2071  DIHED      =     32694.2442
 1-4 NB =     12352.5845  1-4 EEL =    135208.8673  VDWAALS    =    152600.1711
 EELEC  =  -1652000.8298  EHBOND  =         0.0000  RESTRAINT  =         0.0000
 EKCMT  =    111952.3777  VIRIAL  =    111607.6738  VOLUME     =   4331126.1961
                                                    Density    =         1.0096
 ------------------------------------------------------------------------------


 NSTEP = 15900000   TIME(PS) =  132375.000  TEMP(K) =   300.08  PRESS =   -39.3
 Etot   =  -1017310.9864  EKtot   =    263288.5938  EPtot      =  -1280599.5802
 BOND   =     10595.8297  ANGLE   =     28135.4000  DIHED      =     32597.9458
 1-4 NB =     12407.0542  1-4 EEL =    135038.1366  VDWAALS    =    152172.3220
 EELEC  =  -1651546.2685  EHBOND  =         0.0000  RESTRAINT  =         0.0000
 EKCMT  =    112231.8102  VIRIAL  =    115914.3159  VOLUME     =   4334379.3232
                                                    Density    =         1.0089
 ------------------------------------------------------------------------------


 NSTEP = 15950000   TIME(PS) =  132475.000  TEMP(K) =   299.79  PRESS =  -100.2
 Etot   =  -1016831.4744  EKtot   =    263036.4688  EPtot      =  -1279867.9432
 BOND   =     10623.9721  ANGLE   =     27964.9271  DIHED      =     32627.9381
 1-4 NB =     12293.1253  1-4 EEL =    135038.4499  VDWAALS    =    151900.2780
 EELEC  =  -1650316.6336  EHBOND  =         0.0000  RESTRAINT  =         0.0000
 EKCMT  =    111939.8160  VIRIAL  =    121312.8263  VOLUME     =   4333200.7468
                                                    Density    =         1.0091
 ------------------------------------------------------------------------------


 NSTEP = 16000000   TIME(PS) =  132575.000  TEMP(K) =   299.52  PRESS =     1.6
 Etot   =  -1017266.4226  EKtot   =    262798.0625  EPtot      =  -1280064.4851
 BOND   =     10563.4299  ANGLE   =     27862.3481  DIHED      =     32529.5538
 1-4 NB =     12509.7126  1-4 EEL =    135308.8762  VDWAALS    =    152402.9962
 EELEC  =  -1651241.4019  EHBOND  =         0.0000  RESTRAINT  =         0.0000
 EKCMT  =    111665.6394  VIRIAL  =    111511.3021  VOLUME     =   4334020.8554
                                                    Density    =         1.0089
 ------------------------------------------------------------------------------


 NSTEP = 16050000   TIME(PS) =  132675.000  TEMP(K) =   300.87  PRESS =    -9.9
 Etot   =  -1015544.1374  EKtot   =    263980.7500  EPtot      =  -1279524.8874
 BOND   =     10493.7466  ANGLE   =     28040.3733  DIHED      =     32752.8991
 1-4 NB =     12363.3967  1-4 EEL =    135225.4953  VDWAALS    =    152609.4083
 EELEC  =  -1651010.2068  EHBOND  =         0.0000  RESTRAINT  =         0.0000
 EKCMT  =    112704.9825  VIRIAL  =    113629.0274  VOLUME     =   4334380.7300
                                                    Density    =         1.0089
 ------------------------------------------------------------------------------


 NSTEP = 16100000   TIME(PS) =  132775.000  TEMP(K) =   300.60  PRESS =    26.1
 Etot   =  -1016095.7339  EKtot   =    263744.5938  EPtot      =  -1279840.3276
 BOND   =     10495.9081  ANGLE   =     28108.5347  DIHED      =     32710.7906
 1-4 NB =     12398.9836  1-4 EEL =    135056.3037  VDWAALS    =    153039.9326
 EELEC  =  -1651650.7809  EHBOND  =         0.0000  RESTRAINT  =         0.0000
 EKCMT  =    112124.7028  VIRIAL  =    109677.8050  VOLUME     =   4334778.8535
                                                    Density    =         1.0088
 ------------------------------------------------------------------------------


 NSTEP = 16150000   TIME(PS) =  132875.000  TEMP(K) =   299.97  PRESS =    34.7
 Etot   =  -1017316.9285  EKtot   =    263197.9688  EPtot      =  -1280514.8973
 BOND   =     10434.9894  ANGLE   =     27784.1513  DIHED      =     32670.5039
 1-4 NB =     12446.5200  1-4 EEL =    135508.5756  VDWAALS    =    152560.5575
 EELEC  =  -1651920.1949  EHBOND  =         0.0000  RESTRAINT  =         0.0000
 EKCMT  =    112169.9703  VIRIAL  =    108921.8639  VOLUME     =   4332729.3981
                                                    Density    =         1.0092
 ------------------------------------------------------------------------------


 NSTEP = 16200000   TIME(PS) =  132975.000  TEMP(K) =   300.41  PRESS =    31.9
 Etot   =  -1016826.9769  EKtot   =    263583.8438  EPtot      =  -1280410.8207
 BOND   =     10477.4752  ANGLE   =     28040.5329  DIHED      =     32543.8506
 1-4 NB =     12274.1082  1-4 EEL =    135052.0925  VDWAALS    =    153590.6069
 EELEC  =  -1652389.4869  EHBOND  =         0.0000  RESTRAINT  =         0.0000
 EKCMT  =    112334.2283  VIRIAL  =    109346.7676  VOLUME     =   4332542.6299
                                                    Density    =         1.0093
 ------------------------------------------------------------------------------


 NSTEP = 16250000   TIME(PS) =  133075.000  TEMP(K) =   299.50  PRESS =    24.1
 Etot   =  -1018082.1340  EKtot   =    262778.3750  EPtot      =  -1280860.5090
 BOND   =     10401.0674  ANGLE   =     27970.3444  DIHED      =     32616.6587
 1-4 NB =     12468.3356  1-4 EEL =    135481.3109  VDWAALS    =    151866.4474
 EELEC  =  -1651664.6733  EHBOND  =         0.0000  RESTRAINT  =         0.0000
 EKCMT  =    111816.9035  VIRIAL  =    109560.9843  VOLUME     =   4331239.1855
                                                    Density    =         1.0096
 ------------------------------------------------------------------------------


 NSTEP = 16300000   TIME(PS) =  133175.000  TEMP(K) =   299.60  PRESS =    50.7
 Etot   =  -1017544.6125  EKtot   =    262873.0625  EPtot      =  -1280417.6750
 BOND   =     10466.6389  ANGLE   =     27849.7175  DIHED      =     32772.0588
 1-4 NB =     12384.5602  1-4 EEL =    135262.3168  VDWAALS    =    152124.0662
 EELEC  =  -1651277.0335  EHBOND  =         0.0000  RESTRAINT  =         0.0000
 EKCMT  =    111835.4653  VIRIAL  =    107096.8858  VOLUME     =   4332020.0575
                                                    Density    =         1.0094
 ------------------------------------------------------------------------------


 NSTEP = 16350000   TIME(PS) =  133275.000  TEMP(K) =   299.61  PRESS =    13.3
 Etot   =  -1017840.3746  EKtot   =    262880.8750  EPtot      =  -1280721.2496
 BOND   =     10506.9095  ANGLE   =     28023.7071  DIHED      =     32528.5773
 1-4 NB =     12358.4721  1-4 EEL =    135274.9592  VDWAALS    =    151838.7782
 EELEC  =  -1651252.6530  EHBOND  =         0.0000  RESTRAINT  =         0.0000
 EKCMT  =    112031.7821  VIRIAL  =    110783.5755  VOLUME     =   4331263.5466
                                                    Density    =         1.0096
 ------------------------------------------------------------------------------


 NSTEP = 16400000   TIME(PS) =  133375.000  TEMP(K) =   300.33  PRESS =   -15.2
 Etot   =  -1017561.6988  EKtot   =    263507.5312  EPtot      =  -1281069.2301
 BOND   =     10430.4322  ANGLE   =     28075.9371  DIHED      =     32760.1879
 1-4 NB =     12349.1769  1-4 EEL =    135349.8131  VDWAALS    =    152295.8192
 EELEC  =  -1652330.5964  EHBOND  =         0.0000  RESTRAINT  =         0.0000
 EKCMT  =    112034.1616  VIRIAL  =    113455.1804  VOLUME     =   4334217.5903
                                                    Density    =         1.0089
 ------------------------------------------------------------------------------


 NSTEP = 16450000   TIME(PS) =  133475.000  TEMP(K) =   299.87  PRESS =    19.2
 Etot   =  -1018069.7249  EKtot   =    263104.1562  EPtot      =  -1281173.8811
 BOND   =     10439.3154  ANGLE   =     28053.0107  DIHED      =     32648.6900
 1-4 NB =     12299.9356  1-4 EEL =    135172.6326  VDWAALS    =    152972.9767
 EELEC  =  -1652760.4421  EHBOND  =         0.0000  RESTRAINT  =         0.0000
 EKCMT  =    111829.4635  VIRIAL  =    110033.9288  VOLUME     =   4332867.8635
                                                    Density    =         1.0092
 ------------------------------------------------------------------------------


 NSTEP = 16500000   TIME(PS) =  133575.000  TEMP(K) =   299.83  PRESS =   -72.3
 Etot   =  -1017354.8360  EKtot   =    263067.4062  EPtot      =  -1280422.2423
 BOND   =     10447.9121  ANGLE   =     27852.9826  DIHED      =     32607.8564
 1-4 NB =     12337.9308  1-4 EEL =    135272.4105  VDWAALS    =    151905.4979
 EELEC  =  -1650846.8325  EHBOND  =         0.0000  RESTRAINT  =         0.0000
 EKCMT  =    112041.2264  VIRIAL  =    118802.1089  VOLUME     =   4329174.9387
                                                    Density    =         1.0101
 ------------------------------------------------------------------------------


 NSTEP = 16550000   TIME(PS) =  133675.000  TEMP(K) =   300.27  PRESS =    65.1
 Etot   =  -1017738.7251  EKtot   =    263456.2812  EPtot      =  -1281195.0064
 BOND   =     10511.5549  ANGLE   =     27843.5976  DIHED      =     32784.3615
 1-4 NB =     12362.5560  1-4 EEL =    135221.0500  VDWAALS    =    153658.4187
 EELEC  =  -1653576.5451  EHBOND  =         0.0000  RESTRAINT  =         0.0000
 EKCMT  =    111982.9545  VIRIAL  =    105892.1660  VOLUME     =   4333300.6450
                                                    Density    =         1.0091
 ------------------------------------------------------------------------------


 NSTEP = 16600000   TIME(PS) =  133775.000  TEMP(K) =   299.32  PRESS =     2.3
 Etot   =  -1017213.5165  EKtot   =    262619.5000  EPtot      =  -1279833.0165
 BOND   =     10414.8994  ANGLE   =     28028.3427  DIHED      =     32643.8040
 1-4 NB =     12458.4325  1-4 EEL =    135162.6750  VDWAALS    =    152673.7749
 EELEC  =  -1651214.9451  EHBOND  =         0.0000  RESTRAINT  =         0.0000
 EKCMT  =    112139.1172  VIRIAL  =    111923.6939  VOLUME     =   4334572.1132
                                                    Density    =         1.0088
 ------------------------------------------------------------------------------


 NSTEP = 16650000   TIME(PS) =  133875.000  TEMP(K) =   299.76  PRESS =   -30.6
 Etot   =  -1017364.4092  EKtot   =    263008.9062  EPtot      =  -1280373.3155
 BOND   =     10381.2916  ANGLE   =     28169.7242  DIHED      =     32709.2579
 1-4 NB =     12439.1026  1-4 EEL =    135312.1898  VDWAALS    =    152580.7721
 EELEC  =  -1651965.6536  EHBOND  =         0.0000  RESTRAINT  =         0.0000
 EKCMT  =    112200.4932  VIRIAL  =    115065.8112  VOLUME     =   4333962.5967
                                                    Density    =         1.0090
 ------------------------------------------------------------------------------


 NSTEP = 16700000   TIME(PS) =  133975.000  TEMP(K) =   299.85  PRESS =    67.6
 Etot   =  -1018240.2471  EKtot   =    263090.2188  EPtot      =  -1281330.4659
 BOND   =     10529.2987  ANGLE   =     27875.2591  DIHED      =     32637.6883
 1-4 NB =     12379.5872  1-4 EEL =    135068.2609  VDWAALS    =    152619.8686
 EELEC  =  -1652440.4286  EHBOND  =         0.0000  RESTRAINT  =         0.0000
 EKCMT  =    111893.0093  VIRIAL  =    105572.9852  VOLUME     =   4331680.7664
                                                    Density    =         1.0095
 ------------------------------------------------------------------------------


 NSTEP = 16750000   TIME(PS) =  134075.000  TEMP(K) =   300.81  PRESS =   -29.0
 Etot   =  -1017168.1836  EKtot   =    263933.0312  EPtot      =  -1281101.2149
 BOND   =     10421.2933  ANGLE   =     27886.8176  DIHED      =     32518.7177
 1-4 NB =     12403.5179  1-4 EEL =    134961.7354  VDWAALS    =    153116.5138
 EELEC  =  -1652409.8105  EHBOND  =         0.0000  RESTRAINT  =         0.0000
 EKCMT  =    112615.0917  VIRIAL  =    115326.8277  VOLUME     =   4332065.4569
                                                    Density    =         1.0094
 ------------------------------------------------------------------------------


 NSTEP = 16800000   TIME(PS) =  134175.000  TEMP(K) =   299.85  PRESS =    74.4
 Etot   =  -1018715.4399  EKtot   =    263087.0000  EPtot      =  -1281802.4399
 BOND   =     10406.0887  ANGLE   =     27623.3960  DIHED      =     32667.8347
 1-4 NB =     12390.9546  1-4 EEL =    135039.6186  VDWAALS    =    153392.8016
 EELEC  =  -1653323.1342  EHBOND  =         0.0000  RESTRAINT  =         0.0000
 EKCMT  =    112045.8013  VIRIAL  =    105088.3892  VOLUME     =   4330299.2931
                                                    Density    =         1.0098
 ------------------------------------------------------------------------------


 NSTEP = 16850000   TIME(PS) =  134275.000  TEMP(K) =   300.03  PRESS =    -1.9
 Etot   =  -1016993.4627  EKtot   =    263246.0938  EPtot      =  -1280239.5564
 BOND   =     10492.6958  ANGLE   =     28032.7261  DIHED      =     32652.0693
 1-4 NB =     12314.5038  1-4 EEL =    134893.4537  VDWAALS    =    152234.7462
 EELEC  =  -1650859.7513  EHBOND  =         0.0000  RESTRAINT  =         0.0000
 EKCMT  =    112047.0773  VIRIAL  =    112223.8527  VOLUME     =   4335492.3941
                                                    Density    =         1.0086
 ------------------------------------------------------------------------------


 NSTEP = 16900000   TIME(PS) =  134375.000  TEMP(K) =   299.31  PRESS =   -36.0
 Etot   =  -1018693.1753  EKtot   =    262614.9062  EPtot      =  -1281308.0816
 BOND   =     10432.8864  ANGLE   =     27673.5115  DIHED      =     32819.6181
 1-4 NB =     12413.3891  1-4 EEL =    135047.9505  VDWAALS    =    152607.1021
 EELEC  =  -1652302.5391  EHBOND  =         0.0000  RESTRAINT  =         0.0000
 EKCMT  =    111907.5095  VIRIAL  =    115277.3541  VOLUME     =   4332439.2993
                                                    Density    =         1.0093
 ------------------------------------------------------------------------------


 NSTEP = 16950000   TIME(PS) =  134475.000  TEMP(K) =   299.91  PRESS =    35.6
 Etot   =  -1015933.0389  EKtot   =    263144.9688  EPtot      =  -1279078.0076
 BOND   =     10596.1399  ANGLE   =     27919.9090  DIHED      =     32707.5508
 1-4 NB =     12346.9876  1-4 EEL =    135027.4100  VDWAALS    =    152746.8625
 EELEC  =  -1650422.8675  EHBOND  =         0.0000  RESTRAINT  =         0.0000
 EKCMT  =    111896.8613  VIRIAL  =    108568.5731  VOLUME     =   4334996.8631
                                                    Density    =         1.0087
 ------------------------------------------------------------------------------


 NSTEP = 17000000   TIME(PS) =  134575.000  TEMP(K) =   300.50  PRESS =    56.5
 Etot   =  -1017947.9257  EKtot   =    263659.8125  EPtot      =  -1281607.7382
 BOND   =     10341.1531  ANGLE   =     28016.0388  DIHED      =     32708.8661
 1-4 NB =     12360.5098  1-4 EEL =    135159.9347  VDWAALS    =    153197.9885
 EELEC  =  -1653392.2292  EHBOND  =         0.0000  RESTRAINT  =         0.0000
 EKCMT  =    112219.2831  VIRIAL  =    106939.2933  VOLUME     =   4331760.7524
                                                    Density    =         1.0095
 ------------------------------------------------------------------------------


 NSTEP = 17050000   TIME(PS) =  134675.000  TEMP(K) =   300.08  PRESS =    -2.3
 Etot   =  -1017151.1179  EKtot   =    263286.5000  EPtot      =  -1280437.6179
 BOND   =     10425.9585  ANGLE   =     27876.4533  DIHED      =     32701.2238
 1-4 NB =     12378.8683  1-4 EEL =    135297.9692  VDWAALS    =    152964.8607
 EELEC  =  -1652082.9517  EHBOND  =         0.0000  RESTRAINT  =         0.0000
 EKCMT  =    112090.3954  VIRIAL  =    112308.5855  VOLUME     =   4333686.7241
                                                    Density    =         1.0090
 ------------------------------------------------------------------------------


 NSTEP = 17100000   TIME(PS) =  134775.000  TEMP(K) =   300.41  PRESS =   -47.9
 Etot   =  -1017887.3433  EKtot   =    263578.9062  EPtot      =  -1281466.2495
 BOND   =     10788.8054  ANGLE   =     27845.1211  DIHED      =     32835.1058
 1-4 NB =     12364.4370  1-4 EEL =    135003.9405  VDWAALS    =    153154.0720
 EELEC  =  -1653457.7311  EHBOND  =         0.0000  RESTRAINT  =         0.0000
 EKCMT  =    112568.9592  VIRIAL  =    117047.5555  VOLUME     =   4333440.1876
                                                    Density    =         1.0091
 ------------------------------------------------------------------------------


 NSTEP = 17150000   TIME(PS) =  134875.000  TEMP(K) =   299.76  PRESS =    18.3
 Etot   =  -1018134.4771  EKtot   =    263013.7500  EPtot      =  -1281148.2271
 BOND   =     10501.9375  ANGLE   =     27790.0517  DIHED      =     32627.5240
 1-4 NB =     12363.5461  1-4 EEL =    135122.5112  VDWAALS    =    152993.0651
 EELEC  =  -1652546.8627  EHBOND  =         0.0000  RESTRAINT  =         0.0000
 EKCMT  =    111892.1100  VIRIAL  =    110181.0642  VOLUME     =   4332984.0674
                                                    Density    =         1.0092
 ------------------------------------------------------------------------------


 NSTEP = 17200000   TIME(PS) =  134975.000  TEMP(K) =   299.84  PRESS =    56.3
 Etot   =  -1017616.7135  EKtot   =    263077.0938  EPtot      =  -1280693.8072
 BOND   =     10448.0893  ANGLE   =     27687.1006  DIHED      =     32759.4882
 1-4 NB =     12371.7294  1-4 EEL =    135297.6245  VDWAALS    =    152753.6396
 EELEC  =  -1652011.4787  EHBOND  =         0.0000  RESTRAINT  =         0.0000
 EKCMT  =    112316.0893  VIRIAL  =    107044.6917  VOLUME     =   4333190.8579
                                                    Density    =         1.0091
 ------------------------------------------------------------------------------


 NSTEP = 17250000   TIME(PS) =  135075.000  TEMP(K) =   300.50  PRESS =    45.4
 Etot   =  -1016116.7160  EKtot   =    263654.6250  EPtot      =  -1279771.3410
 BOND   =     10415.3775  ANGLE   =     27765.7928  DIHED      =     32801.2301
 1-4 NB =     12352.0820  1-4 EEL =    135373.7292  VDWAALS    =    153221.0267
 EELEC  =  -1651700.5794  EHBOND  =         0.0000  RESTRAINT  =         0.0000
 EKCMT  =    112043.7833  VIRIAL  =    107797.4697  VOLUME     =   4332564.5199
                                                    Density    =         1.0093
 ------------------------------------------------------------------------------


 NSTEP = 17300000   TIME(PS) =  135175.000  TEMP(K) =   299.16  PRESS =    15.8
 Etot   =  -1017092.6150  EKtot   =    262480.3438  EPtot      =  -1279572.9588
 BOND   =     10270.1765  ANGLE   =     27944.6092  DIHED      =     32768.3402
 1-4 NB =     12377.8129  1-4 EEL =    135108.9575  VDWAALS    =    152347.1897
 EELEC  =  -1650390.0446  EHBOND  =         0.0000  RESTRAINT  =         0.0000
 EKCMT  =    111829.1634  VIRIAL  =    110349.3448  VOLUME     =   4332001.4580
                                                    Density    =         1.0094
 ------------------------------------------------------------------------------


 NSTEP = 17350000   TIME(PS) =  135275.000  TEMP(K) =   298.93  PRESS =    82.9
 Etot   =  -1018015.4612  EKtot   =    262285.1875  EPtot      =  -1280300.6487
 BOND   =     10548.6959  ANGLE   =     27830.8457  DIHED      =     32747.0217
 1-4 NB =     12347.2261  1-4 EEL =    134950.5150  VDWAALS    =    153045.2100
 EELEC  =  -1651770.1631  EHBOND  =         0.0000  RESTRAINT  =         0.0000
 EKCMT  =    111803.8713  VIRIAL  =    104047.1096  VOLUME     =   4332524.5059
                                                    Density    =         1.0093
 ------------------------------------------------------------------------------


 NSTEP = 17400000   TIME(PS) =  135375.000  TEMP(K) =   299.56  PRESS =    12.9
 Etot   =  -1018472.5229  EKtot   =    262835.4688  EPtot      =  -1281307.9917
 BOND   =     10520.7279  ANGLE   =     27851.5750  DIHED      =     32769.4303
 1-4 NB =     12325.9106  1-4 EEL =    135060.8171  VDWAALS    =    152543.5684
 EELEC  =  -1652380.0210  EHBOND  =         0.0000  RESTRAINT  =         0.0000
 EKCMT  =    111933.2170  VIRIAL  =    110725.7094  VOLUME     =   4333130.9053
                                                    Density    =         1.0091
 ------------------------------------------------------------------------------


 NSTEP = 17450000   TIME(PS) =  135475.000  TEMP(K) =   300.11  PRESS =   -74.6
 Etot   =  -1017567.3616  EKtot   =    263320.5000  EPtot      =  -1280887.8616
 BOND   =     10453.2924  ANGLE   =     27955.1896  DIHED      =     32746.1777
 1-4 NB =     12406.6551  1-4 EEL =    135263.8338  VDWAALS    =    151244.7046
 EELEC  =  -1650957.7148  EHBOND  =         0.0000  RESTRAINT  =         0.0000
 EKCMT  =    112111.3629  VIRIAL  =    119093.4985  VOLUME     =   4331986.5729
                                                    Density    =         1.0094
 ------------------------------------------------------------------------------


 NSTEP = 17500000   TIME(PS) =  135575.000  TEMP(K) =   300.12  PRESS =    36.8
 Etot   =  -1018152.1513  EKtot   =    263323.9688  EPtot      =  -1281476.1200
 BOND   =     10621.6192  ANGLE   =     27865.9761  DIHED      =     32716.9454
 1-4 NB =     12361.6696  1-4 EEL =    135152.5977  VDWAALS    =    153035.3184
 EELEC  =  -1653230.2463  EHBOND  =         0.0000  RESTRAINT  =         0.0000
 EKCMT  =    112050.5638  VIRIAL  =    108612.0530  VOLUME     =   4331600.6555
                                                    Density    =         1.0095
 ------------------------------------------------------------------------------


 NSTEP = 17550000   TIME(PS) =  135675.000  TEMP(K) =   299.63  PRESS =    26.8
 Etot   =  -1017563.4726  EKtot   =    262894.8125  EPtot      =  -1280458.2851
 BOND   =     10503.6192  ANGLE   =     27730.1042  DIHED      =     32744.7524
 1-4 NB =     12413.5478  1-4 EEL =    135302.9117  VDWAALS    =    152539.8154
 EELEC  =  -1651693.0358  EHBOND  =         0.0000  RESTRAINT  =         0.0000
 EKCMT  =    112102.8032  VIRIAL  =    109596.1398  VOLUME     =   4332241.3353
                                                    Density    =         1.0094
 ------------------------------------------------------------------------------


 NSTEP = 17600000   TIME(PS) =  135775.000  TEMP(K) =   299.81  PRESS =    47.2
 Etot   =  -1017663.6813  EKtot   =    263051.0625  EPtot      =  -1280714.7438
 BOND   =     10467.9676  ANGLE   =     27937.3687  DIHED      =     32800.0887
 1-4 NB =     12326.0073  1-4 EEL =    135288.2285  VDWAALS    =    153564.5966
 EELEC  =  -1653099.0013  EHBOND  =         0.0000  RESTRAINT  =         0.0000
 EKCMT  =    112026.8933  VIRIAL  =    107610.2040  VOLUME     =   4330771.5465
                                                    Density    =         1.0097
 ------------------------------------------------------------------------------


 NSTEP = 17650000   TIME(PS) =  135875.000  TEMP(K) =   299.51  PRESS =   -31.1
 Etot   =  -1018118.9067  EKtot   =    262788.8125  EPtot      =  -1280907.7192
 BOND   =     10267.8273  ANGLE   =     27947.5476  DIHED      =     32643.0536
 1-4 NB =     12358.0590  1-4 EEL =    135169.5198  VDWAALS    =    152352.9588
 EELEC  =  -1651646.6852  EHBOND  =         0.0000  RESTRAINT  =         0.0000
 EKCMT  =    111845.5038  VIRIAL  =    114752.6236  VOLUME     =   4332792.4567
                                                    Density    =         1.0092
 ------------------------------------------------------------------------------


 NSTEP = 17700000   TIME(PS) =  135975.000  TEMP(K) =   301.25  PRESS =   -29.7
 Etot   =  -1016834.0433  EKtot   =    264316.6562  EPtot      =  -1281150.6995
 BOND   =     10446.7872  ANGLE   =     27859.8105  DIHED      =     32663.7020
 1-4 NB =     12296.4518  1-4 EEL =    135334.8681  VDWAALS    =    152998.1773
 EELEC  =  -1652750.4964  EHBOND  =         0.0000  RESTRAINT  =         0.0000
 EKCMT  =    112333.4195  VIRIAL  =    115113.9590  VOLUME     =   4333500.9927
                                                    Density    =         1.0091
 ------------------------------------------------------------------------------


 NSTEP = 17750000   TIME(PS) =  136075.000  TEMP(K) =   299.05  PRESS =   -39.5
 Etot   =  -1017768.9553  EKtot   =    262384.6562  EPtot      =  -1280153.6116
 BOND   =     10536.4567  ANGLE   =     27869.0272  DIHED      =     32647.1671
 1-4 NB =     12389.2584  1-4 EEL =    135148.6532  VDWAALS    =    152531.5016
 EELEC  =  -1651275.6759  EHBOND  =         0.0000  RESTRAINT  =         0.0000
 EKCMT  =    112076.4801  VIRIAL  =    115775.9723  VOLUME     =   4334177.2571
                                                    Density    =         1.0089
 ------------------------------------------------------------------------------


 NSTEP = 17800000   TIME(PS) =  136175.000  TEMP(K) =   300.28  PRESS =    41.5
 Etot   =  -1016884.8778  EKtot   =    263463.2500  EPtot      =  -1280348.1278
 BOND   =     10237.4587  ANGLE   =     28066.7540  DIHED      =     32777.2147
 1-4 NB =     12397.0821  1-4 EEL =    135177.5304  VDWAALS    =    153046.0798
 EELEC  =  -1652050.2475  EHBOND  =         0.0000  RESTRAINT  =         0.0000
 EKCMT  =    112295.0178  VIRIAL  =    108407.9142  VOLUME     =   4333748.7799
                                                    Density    =         1.0090
 ------------------------------------------------------------------------------


 NSTEP = 17850000   TIME(PS) =  136275.000  TEMP(K) =   301.16  PRESS =   -23.8
 Etot   =  -1015653.0748  EKtot   =    264241.1250  EPtot      =  -1279894.1998
 BOND   =     10481.4208  ANGLE   =     27981.4893  DIHED      =     32611.6878
 1-4 NB =     12334.7574  1-4 EEL =    135381.1184  VDWAALS    =    152489.1499
 EELEC  =  -1651173.8233  EHBOND  =         0.0000  RESTRAINT  =         0.0000
 EKCMT  =    112095.2643  VIRIAL  =    114325.3352  VOLUME     =   4335542.3922
                                                    Density    =         1.0086
 ------------------------------------------------------------------------------


 NSTEP = 17900000   TIME(PS) =  136375.000  TEMP(K) =   299.67  PRESS =   -27.9
 Etot   =  -1017027.7246  EKtot   =    262929.3438  EPtot      =  -1279957.0683
 BOND   =     10389.4272  ANGLE   =     27827.3663  DIHED      =     32533.0919
 1-4 NB =     12275.9911  1-4 EEL =    135074.7147  VDWAALS    =    152088.5070
 EELEC  =  -1650146.1664  EHBOND  =         0.0000  RESTRAINT  =         0.0000
 EKCMT  =    112138.0582  VIRIAL  =    114745.5914  VOLUME     =   4332936.4815
                                                    Density    =         1.0092
 ------------------------------------------------------------------------------


 NSTEP = 17950000   TIME(PS) =  136475.000  TEMP(K) =   300.60  PRESS =    -7.8
 Etot   =  -1016059.1839  EKtot   =    263745.2188  EPtot      =  -1279804.4027
 BOND   =     10433.8354  ANGLE   =     27834.0669  DIHED      =     32593.3917
 1-4 NB =     12395.3479  1-4 EEL =    135288.8671  VDWAALS    =    151921.2467
 EELEC  =  -1650271.1584  EHBOND  =         0.0000  RESTRAINT  =         0.0000
 EKCMT  =    112326.0261  VIRIAL  =    113052.7455  VOLUME     =   4334258.5052
                                                    Density    =         1.0089
 ------------------------------------------------------------------------------


 NSTEP = 18000000   TIME(PS) =  136575.000  TEMP(K) =   299.80  PRESS =   -14.5
 Etot   =  -1018105.3920  EKtot   =    263042.4688  EPtot      =  -1281147.8607
 BOND   =     10542.8202  ANGLE   =     28149.5158  DIHED      =     32731.8765
 1-4 NB =     12322.9202  1-4 EEL =    135092.9765  VDWAALS    =    152631.2855
 EELEC  =  -1652619.2554  EHBOND  =         0.0000  RESTRAINT  =         0.0000
 EKCMT  =    112108.2807  VIRIAL  =    113465.4017  VOLUME     =   4329823.5675
                                                    Density    =         1.0099
 ------------------------------------------------------------------------------


 NSTEP = 18050000   TIME(PS) =  136675.000  TEMP(K) =   300.12  PRESS =     7.8
 Etot   =  -1017184.3881  EKtot   =    263323.4688  EPtot      =  -1280507.8569
 BOND   =     10404.1502  ANGLE   =     27750.4201  DIHED      =     32658.6778
 1-4 NB =     12400.2761  1-4 EEL =    135459.5868  VDWAALS    =    151940.0269
 EELEC  =  -1651120.9946  EHBOND  =         0.0000  RESTRAINT  =         0.0000
 EKCMT  =    112123.7375  VIRIAL  =    111390.3045  VOLUME     =   4332569.2167
                                                    Density    =         1.0093
 ------------------------------------------------------------------------------


 NSTEP = 18100000   TIME(PS) =  136775.000  TEMP(K) =   300.56  PRESS =    94.4
 Etot   =  -1017466.4603  EKtot   =    263707.2500  EPtot      =  -1281173.7103
 BOND   =     10430.3172  ANGLE   =     28081.6692  DIHED      =     32465.3873
 1-4 NB =     12302.6102  1-4 EEL =    135260.9526  VDWAALS    =    152858.3467
 EELEC  =  -1652572.9936  EHBOND  =         0.0000  RESTRAINT  =         0.0000
 EKCMT  =    112332.2635  VIRIAL  =    103504.3021  VOLUME     =   4329125.8388
                                                    Density    =         1.0101
 ------------------------------------------------------------------------------


 NSTEP = 18150000   TIME(PS) =  136875.000  TEMP(K) =   299.61  PRESS =    57.1
 Etot   =  -1018405.3321  EKtot   =    262880.5625  EPtot      =  -1281285.8946
 BOND   =     10343.7878  ANGLE   =     27856.3628  DIHED      =     32659.0028
 1-4 NB =     12418.7811  1-4 EEL =    135131.1793  VDWAALS    =    152981.1209
 EELEC  =  -1652676.1293  EHBOND  =         0.0000  RESTRAINT  =         0.0000
 EKCMT  =    111822.0096  VIRIAL  =    106477.9157  VOLUME     =   4333378.1507
                                                    Density    =         1.0091
 ------------------------------------------------------------------------------


 NSTEP = 18200000   TIME(PS) =  136975.000  TEMP(K) =   298.89  PRESS =    -5.6
 Etot   =  -1018552.8051  EKtot   =    262249.5938  EPtot      =  -1280802.3988
 BOND   =     10496.0380  ANGLE   =     28006.8810  DIHED      =     32599.5127
 1-4 NB =     12326.5434  1-4 EEL =    135394.6182  VDWAALS    =    152276.3064
 EELEC  =  -1651902.2985  EHBOND  =         0.0000  RESTRAINT  =         0.0000
 EKCMT  =    111527.2295  VIRIAL  =    112052.7984  VOLUME     =   4331353.3958
                                                    Density    =         1.0096
 ------------------------------------------------------------------------------


 NSTEP = 18250000   TIME(PS) =  137075.000  TEMP(K) =   300.77  PRESS =    44.4
 Etot   =  -1016651.4829  EKtot   =    263895.8438  EPtot      =  -1280547.3266
 BOND   =     10403.4229  ANGLE   =     27984.6043  DIHED      =     32691.7097
 1-4 NB =     12451.8955  1-4 EEL =    135295.1093  VDWAALS    =    153388.0466
 EELEC  =  -1652762.1150  EHBOND  =         0.0000  RESTRAINT  =         0.0000
 EKCMT  =    112634.0039  VIRIAL  =    108484.1312  VOLUME     =   4331720.0941
                                                    Density    =         1.0095
 ------------------------------------------------------------------------------


 NSTEP = 18300000   TIME(PS) =  137175.000  TEMP(K) =   300.01  PRESS =    -9.6
 Etot   =  -1017584.1082  EKtot   =    263229.7500  EPtot      =  -1280813.8582
 BOND   =     10450.6757  ANGLE   =     27913.7333  DIHED      =     32755.5383
 1-4 NB =     12437.3643  1-4 EEL =    135297.7200  VDWAALS    =    153067.3197
 EELEC  =  -1652736.2095  EHBOND  =         0.0000  RESTRAINT  =         0.0000
 EKCMT  =    111982.5009  VIRIAL  =    112882.5754  VOLUME     =   4334044.8530
                                                    Density    =         1.0089
 ------------------------------------------------------------------------------


 NSTEP = 18350000   TIME(PS) =  137275.000  TEMP(K) =   300.23  PRESS =   -66.5
 Etot   =  -1017308.8834  EKtot   =    263422.4688  EPtot      =  -1280731.3522
 BOND   =     10421.1363  ANGLE   =     27860.8682  DIHED      =     32790.2624
 1-4 NB =     12446.7264  1-4 EEL =    135289.2202  VDWAALS    =    151685.1853
 EELEC  =  -1651224.7509  EHBOND  =         0.0000  RESTRAINT  =         0.0000
 EKCMT  =    112319.3290  VIRIAL  =    118535.7724  VOLUME     =   4330428.1002
                                                    Density    =         1.0098
 ------------------------------------------------------------------------------


 NSTEP = 18400000   TIME(PS) =  137375.000  TEMP(K) =   299.50  PRESS =    20.2
 Etot   =  -1018300.7301  EKtot   =    262783.9062  EPtot      =  -1281084.6363
 BOND   =     10608.3812  ANGLE   =     27924.1364  DIHED      =     32779.1098
 1-4 NB =     12368.6590  1-4 EEL =    135336.8988  VDWAALS    =    152684.0689
 EELEC  =  -1652785.8904  EHBOND  =         0.0000  RESTRAINT  =         0.0000
 EKCMT  =    112188.9338  VIRIAL  =    110297.6476  VOLUME     =   4332328.4595
                                                    Density    =         1.0093
 ------------------------------------------------------------------------------


 NSTEP = 18450000   TIME(PS) =  137475.000  TEMP(K) =   300.20  PRESS =     6.8
 Etot   =  -1017380.8538  EKtot   =    263392.0625  EPtot      =  -1280772.9163
 BOND   =     10610.7282  ANGLE   =     28080.5564  DIHED      =     32645.5759
 1-4 NB =     12318.2420  1-4 EEL =    135250.4208  VDWAALS    =    153255.5936
 EELEC  =  -1652934.0331  EHBOND  =         0.0000  RESTRAINT  =         0.0000
 EKCMT  =    112117.5103  VIRIAL  =    111477.8164  VOLUME     =   4332919.8331
                                                    Density    =         1.0092
 ------------------------------------------------------------------------------


 NSTEP = 18500000   TIME(PS) =  137575.000  TEMP(K) =   299.56  PRESS =    39.3
 Etot   =  -1018233.7539  EKtot   =    262830.1250  EPtot      =  -1281063.8789
 BOND   =     10250.7979  ANGLE   =     27994.4021  DIHED      =     32675.9987
 1-4 NB =     12368.9909  1-4 EEL =    135203.8611  VDWAALS    =    153109.4326
 EELEC  =  -1652667.3621  EHBOND  =         0.0000  RESTRAINT  =         0.0000
 EKCMT  =    112119.4936  VIRIAL  =    108445.2442  VOLUME     =   4334263.9186
                                                    Density    =         1.0089
 ------------------------------------------------------------------------------


 NSTEP = 18550000   TIME(PS) =  137675.000  TEMP(K) =   300.40  PRESS =   -64.9
 Etot   =  -1017627.0931  EKtot   =    263574.7188  EPtot      =  -1281201.8119
 BOND   =     10579.8487  ANGLE   =     27691.3301  DIHED      =     32687.4305
 1-4 NB =     12339.0066  1-4 EEL =    135059.8016  VDWAALS    =    151818.5353
 EELEC  =  -1651377.7647  EHBOND  =         0.0000  RESTRAINT  =         0.0000
 EKCMT  =    112512.4455  VIRIAL  =    118580.5059  VOLUME     =   4329553.3760
                                                    Density    =         1.0100
 ------------------------------------------------------------------------------


 NSTEP = 18600000   TIME(PS) =  137775.000  TEMP(K) =   300.32  PRESS =    64.1
 Etot   =  -1017068.3380  EKtot   =    263503.2188  EPtot      =  -1280571.5568
 BOND   =     10570.3285  ANGLE   =     27968.1518  DIHED      =     32595.1639
 1-4 NB =     12415.8016  1-4 EEL =    135386.1290  VDWAALS    =    152258.4067
 EELEC  =  -1651765.5383  EHBOND  =         0.0000  RESTRAINT  =         0.0000
 EKCMT  =    112143.7556  VIRIAL  =    106144.3609  VOLUME     =   4331611.2039
                                                    Density    =         1.0095
 ------------------------------------------------------------------------------


 NSTEP = 18650000   TIME(PS) =  137875.000  TEMP(K) =   300.71  PRESS =    12.0
 Etot   =  -1016720.5109  EKtot   =    263846.1562  EPtot      =  -1280566.6671
 BOND   =     10435.3361  ANGLE   =     27661.4047  DIHED      =     32757.3083
 1-4 NB =     12309.8584  1-4 EEL =    135360.5719  VDWAALS    =    152663.2848
 EELEC  =  -1651754.4312  EHBOND  =         0.0000  RESTRAINT  =         0.0000
 EKCMT  =    112649.1046  VIRIAL  =    111530.0870  VOLUME     =   4336235.7083
                                                    Density    =         1.0084
 ------------------------------------------------------------------------------


 NSTEP = 18700000   TIME(PS) =  137975.000  TEMP(K) =   300.04  PRESS =   -21.8
 Etot   =  -1016806.8606  EKtot   =    263254.4062  EPtot      =  -1280061.2669
 BOND   =     10554.9258  ANGLE   =     27943.5592  DIHED      =     32745.0429
 1-4 NB =     12360.2446  1-4 EEL =    135309.5119  VDWAALS    =    152931.2642
 EELEC  =  -1651905.8156  EHBOND  =         0.0000  RESTRAINT  =         0.0000
 EKCMT  =    112026.7901  VIRIAL  =    114065.1117  VOLUME     =   4331974.0612
                                                    Density    =         1.0094
 ------------------------------------------------------------------------------


 NSTEP = 18750000   TIME(PS) =  138075.000  TEMP(K) =   300.11  PRESS =    22.4
 Etot   =  -1017130.4488  EKtot   =    263316.5000  EPtot      =  -1280446.9488
 BOND   =     10588.3639  ANGLE   =     27999.9103  DIHED      =     32654.2006
 1-4 NB =     12386.3238  1-4 EEL =    135108.8582  VDWAALS    =    152911.6877
 EELEC  =  -1652096.2933  EHBOND  =         0.0000  RESTRAINT  =         0.0000
 EKCMT  =    112505.8026  VIRIAL  =    110407.8933  VOLUME     =   4334932.5548
                                                    Density    =         1.0087
 ------------------------------------------------------------------------------


 NSTEP = 18800000   TIME(PS) =  138175.000  TEMP(K) =   299.47  PRESS =     0.7
 Etot   =  -1018455.6650  EKtot   =    262755.0312  EPtot      =  -1281210.6963
 BOND   =     10436.3789  ANGLE   =     27881.2969  DIHED      =     32626.1619
 1-4 NB =     12388.5922  1-4 EEL =    135018.2080  VDWAALS    =    152543.1627
 EELEC  =  -1652104.4970  EHBOND  =         0.0000  RESTRAINT  =         0.0000
 EKCMT  =    111949.5133  VIRIAL  =    111887.7547  VOLUME     =   4333692.2822
                                                    Density    =         1.0090
 ------------------------------------------------------------------------------


 NSTEP = 18850000   TIME(PS) =  138275.000  TEMP(K) =   300.22  PRESS =    64.2
 Etot   =  -1017285.0996  EKtot   =    263415.5938  EPtot      =  -1280700.6934
 BOND   =     10403.6967  ANGLE   =     27782.3397  DIHED      =     32781.9550
 1-4 NB =     12423.1068  1-4 EEL =    135349.7323  VDWAALS    =    152604.4477
 EELEC  =  -1652045.9715  EHBOND  =         0.0000  RESTRAINT  =         0.0000
 EKCMT  =    112034.6493  VIRIAL  =    106022.9924  VOLUME     =   4333738.2968
                                                    Density    =         1.0090
 ------------------------------------------------------------------------------


 NSTEP = 18900000   TIME(PS) =  138375.000  TEMP(K) =   300.40  PRESS =    13.4
 Etot   =  -1016814.6719  EKtot   =    263572.4375  EPtot      =  -1280387.1094
 BOND   =     10679.5331  ANGLE   =     28009.7989  DIHED      =     32809.1454
 1-4 NB =     12250.9039  1-4 EEL =    135144.2235  VDWAALS    =    152444.4809
 EELEC  =  -1651725.1952  EHBOND  =         0.0000  RESTRAINT  =         0.0000
 EKCMT  =    112644.4452  VIRIAL  =    111394.2804  VOLUME     =   4332334.1081
                                                    Density    =         1.0093
 ------------------------------------------------------------------------------


 NSTEP = 18950000   TIME(PS) =  138475.000  TEMP(K) =   300.36  PRESS =    91.1
 Etot   =  -1017592.1920  EKtot   =    263533.1875  EPtot      =  -1281125.3795
 BOND   =     10523.9266  ANGLE   =     27777.2173  DIHED      =     32646.0053
 1-4 NB =     12390.9228  1-4 EEL =    135264.5087  VDWAALS    =    152888.4457
 EELEC  =  -1652616.4060  EHBOND  =         0.0000  RESTRAINT  =         0.0000
 EKCMT  =    112474.4369  VIRIAL  =    103950.5518  VOLUME     =   4332425.0285
                                                    Density    =         1.0093
 ------------------------------------------------------------------------------


 NSTEP = 19000000   TIME(PS) =  138575.000  TEMP(K) =   300.07  PRESS =    12.3
 Etot   =  -1017174.6201  EKtot   =    263279.6875  EPtot      =  -1280454.3076
 BOND   =     10618.4232  ANGLE   =     27869.4756  DIHED      =     32663.9127
 1-4 NB =     12358.5094  1-4 EEL =    135488.7556  VDWAALS    =    152389.2663
 EELEC  =  -1651842.6504  EHBOND  =         0.0000  RESTRAINT  =         0.0000
 EKCMT  =    112393.7230  VIRIAL  =    111238.6522  VOLUME     =   4332793.0788
                                                    Density    =         1.0092
 ------------------------------------------------------------------------------


 NSTEP = 19050000   TIME(PS) =  138675.000  TEMP(K) =   300.11  PRESS =   -49.6
 Etot   =  -1017576.0684  EKtot   =    263317.3438  EPtot      =  -1280893.4121
 BOND   =     10427.1914  ANGLE   =     28125.4765  DIHED      =     32832.8851
 1-4 NB =     12424.4933  1-4 EEL =    135511.5779  VDWAALS    =    152611.5678
 EELEC  =  -1652826.6042  EHBOND  =         0.0000  RESTRAINT  =         0.0000
 EKCMT  =    112033.1545  VIRIAL  =    116674.9615  VOLUME     =   4332169.3320
                                                    Density    =         1.0094
 ------------------------------------------------------------------------------


 NSTEP = 19100000   TIME(PS) =  138775.000  TEMP(K) =   299.53  PRESS =   -17.0
 Etot   =  -1019254.2051  EKtot   =    262804.1250  EPtot      =  -1282058.3301
 BOND   =     10487.9789  ANGLE   =     27771.6122  DIHED      =     32654.1048
 1-4 NB =     12384.3298  1-4 EEL =    135111.9973  VDWAALS    =    152489.1809
 EELEC  =  -1652957.5339  EHBOND  =         0.0000  RESTRAINT  =         0.0000
 EKCMT  =    112485.8669  VIRIAL  =    114076.6502  VOLUME     =   4331216.6733
                                                    Density    =         1.0096
 ------------------------------------------------------------------------------


 NSTEP = 19150000   TIME(PS) =  138875.000  TEMP(K) =   300.08  PRESS =    25.6
 Etot   =  -1016830.5074  EKtot   =    263291.9062  EPtot      =  -1280122.4136
 BOND   =     10513.7266  ANGLE   =     28047.1972  DIHED      =     32708.1314
 1-4 NB =     12360.9501  1-4 EEL =    135017.1233  VDWAALS    =    153468.7681
 EELEC  =  -1652238.3103  EHBOND  =         0.0000  RESTRAINT  =         0.0000
 EKCMT  =    112022.6053  VIRIAL  =    109626.3565  VOLUME     =   4332936.9572
                                                    Density    =         1.0092
 ------------------------------------------------------------------------------


 NSTEP = 19200000   TIME(PS) =  138975.000  TEMP(K) =   300.17  PRESS =   -69.7
 Etot   =  -1017244.9009  EKtot   =    263365.0312  EPtot      =  -1280609.9321
 BOND   =     10478.0530  ANGLE   =     27912.0544  DIHED      =     32627.0568
 1-4 NB =     12382.7133  1-4 EEL =    134979.6554  VDWAALS    =    151690.9900
 EELEC  =  -1650680.4551  EHBOND  =         0.0000  RESTRAINT  =         0.0000
 EKCMT  =    112050.5456  VIRIAL  =    118570.4553  VOLUME     =   4333516.2380
                                                    Density    =         1.0091
 ------------------------------------------------------------------------------


 NSTEP = 19250000   TIME(PS) =  139075.000  TEMP(K) =   299.94  PRESS =     4.9
 Etot   =  -1016482.5809  EKtot   =    263170.4062  EPtot      =  -1279652.9871
 BOND   =     10460.0525  ANGLE   =     27938.2626  DIHED      =     32776.6779
 1-4 NB =     12440.7738  1-4 EEL =    135264.8926  VDWAALS    =    152472.0225
 EELEC  =  -1651005.6690  EHBOND  =         0.0000  RESTRAINT  =         0.0000
 EKCMT  =    112251.7118  VIRIAL  =    111793.2993  VOLUME     =   4336838.3919
                                                    Density    =         1.0083
 ------------------------------------------------------------------------------


 NSTEP = 19300000   TIME(PS) =  139175.000  TEMP(K) =   300.61  PRESS =    15.5
 Etot   =  -1017039.8162  EKtot   =    263759.3125  EPtot      =  -1280799.1287
 BOND   =     10625.5145  ANGLE   =     27598.6389  DIHED      =     32739.5925
 1-4 NB =     12409.7707  1-4 EEL =    135181.6814  VDWAALS    =    152508.2124
 EELEC  =  -1651862.5393  EHBOND  =         0.0000  RESTRAINT  =         0.0000
 EKCMT  =    112064.1197  VIRIAL  =    110615.1065  VOLUME     =   4334077.9475
                                                    Density    =         1.0089
 ------------------------------------------------------------------------------


 NSTEP = 19350000   TIME(PS) =  139275.000  TEMP(K) =   299.49  PRESS =   -46.2
 Etot   =  -1017463.5285  EKtot   =    262772.0000  EPtot      =  -1280235.5285
 BOND   =     10559.7033  ANGLE   =     27989.8942  DIHED      =     32607.5086
 1-4 NB =     12326.1676  1-4 EEL =    135122.4871  VDWAALS    =    151983.3570
 EELEC  =  -1650824.6465  EHBOND  =         0.0000  RESTRAINT  =         0.0000
 EKCMT  =    111882.2670  VIRIAL  =    116201.9419  VOLUME     =   4332898.3181
                                                    Density    =         1.0092
 ------------------------------------------------------------------------------


 NSTEP = 19400000   TIME(PS) =  139375.000  TEMP(K) =   300.15  PRESS =    68.6
 Etot   =  -1017599.2433  EKtot   =    263348.5938  EPtot      =  -1280947.8370
 BOND   =     10380.8526  ANGLE   =     28042.0509  DIHED      =     32658.7350
 1-4 NB =     12323.7260  1-4 EEL =    135407.8101  VDWAALS    =    153307.2872
 EELEC  =  -1653068.2989  EHBOND  =         0.0000  RESTRAINT  =         0.0000
 EKCMT  =    112542.7439  VIRIAL  =    106118.8731  VOLUME     =   4336133.9944
                                                    Density    =         1.0084
 ------------------------------------------------------------------------------


 NSTEP = 19450000   TIME(PS) =  139475.000  TEMP(K) =   300.72  PRESS =   -32.3
 Etot   =  -1017517.9394  EKtot   =    263850.5000  EPtot      =  -1281368.4394
 BOND   =     10361.2717  ANGLE   =     28021.7925  DIHED      =     32627.1269
 1-4 NB =     12380.7359  1-4 EEL =    135126.9794  VDWAALS    =    152646.0874
 EELEC  =  -1652532.4332  EHBOND  =         0.0000  RESTRAINT  =         0.0000
 EKCMT  =    112334.3041  VIRIAL  =    115354.0672  VOLUME     =   4335377.0622
                                                    Density    =         1.0086
 ------------------------------------------------------------------------------


 NSTEP = 19500000   TIME(PS) =  139575.000  TEMP(K) =   300.40  PRESS =    15.8
 Etot   =  -1016350.4245  EKtot   =    263568.8750  EPtot      =  -1279919.2995
 BOND   =     10463.3593  ANGLE   =     27846.4027  DIHED      =     32659.7059
 1-4 NB =     12383.2269  1-4 EEL =    135167.7676  VDWAALS    =    151919.1373
 EELEC  =  -1650358.8993  EHBOND  =         0.0000  RESTRAINT  =         0.0000
 EKCMT  =    112115.4692  VIRIAL  =    110636.6846  VOLUME     =   4333027.0772
                                                    Density    =         1.0092
 ------------------------------------------------------------------------------


 NSTEP = 19550000   TIME(PS) =  139675.000  TEMP(K) =   299.64  PRESS =    10.1
 Etot   =  -1018212.9613  EKtot   =    262907.5625  EPtot      =  -1281120.5238
 BOND   =     10525.0391  ANGLE   =     27851.5578  DIHED      =     32674.7567
 1-4 NB =     12500.4966  1-4 EEL =    135310.0610  VDWAALS    =    153223.8994
 EELEC  =  -1653206.3344  EHBOND  =         0.0000  RESTRAINT  =         0.0000
 EKCMT  =    111758.8476  VIRIAL  =    110813.0776  VOLUME     =   4336179.3045
                                                    Density    =         1.0084
 ------------------------------------------------------------------------------


 NSTEP = 19600000   TIME(PS) =  139775.000  TEMP(K) =   300.01  PRESS =     4.6
 Etot   =  -1017700.6230  EKtot   =    263227.9688  EPtot      =  -1280928.5918
 BOND   =     10572.2525  ANGLE   =     28076.8676  DIHED      =     32660.0416
 1-4 NB =     12313.6929  1-4 EEL =    135364.0095  VDWAALS    =    152627.4476
 EELEC  =  -1652542.9036  EHBOND  =         0.0000  RESTRAINT  =         0.0000
 EKCMT  =    111951.4120  VIRIAL  =    111521.2468  VOLUME     =   4334774.1797
                                                    Density    =         1.0088
 ------------------------------------------------------------------------------


 NSTEP = 19650000   TIME(PS) =  139875.000  TEMP(K) =   300.33  PRESS =   -40.2
 Etot   =  -1016871.1939  EKtot   =    263511.2812  EPtot      =  -1280382.4752
 BOND   =     10537.3191  ANGLE   =     28038.6580  DIHED      =     32706.0911
 1-4 NB =     12437.7791  1-4 EEL =    135254.0156  VDWAALS    =    152864.8272
 EELEC  =  -1652221.1652  EHBOND  =         0.0000  RESTRAINT  =         0.0000
 EKCMT  =    112353.1790  VIRIAL  =    116113.1042  VOLUME     =   4336305.7714
                                                    Density    =         1.0084
 ------------------------------------------------------------------------------


 NSTEP = 19700000   TIME(PS) =  139975.000  TEMP(K) =   300.09  PRESS =   -16.3
 Etot   =  -1016660.0301  EKtot   =    263298.2188  EPtot      =  -1279958.2488
 BOND   =     10436.4854  ANGLE   =     27760.1270  DIHED      =     32816.5006
 1-4 NB =     12480.2250  1-4 EEL =    135376.4060  VDWAALS    =    152713.9747
 EELEC  =  -1651541.9675  EHBOND  =         0.0000  RESTRAINT  =         0.0000
 EKCMT  =    112386.2695  VIRIAL  =    113910.0596  VOLUME     =   4333971.8098
                                                    Density    =         1.0090
 ------------------------------------------------------------------------------


 NSTEP = 19750000   TIME(PS) =  140075.000  TEMP(K) =   300.41  PRESS =   -56.0
 Etot   =  -1016166.7046  EKtot   =    263582.6875  EPtot      =  -1279749.3921
 BOND   =     10343.5114  ANGLE   =     27969.8382  DIHED      =     32685.3065
 1-4 NB =     12394.1167  1-4 EEL =    135391.0931  VDWAALS    =    151112.2454
 EELEC  =  -1649645.5035  EHBOND  =         0.0000  RESTRAINT  =         0.0000
 EKCMT  =    112523.6678  VIRIAL  =    117758.1064  VOLUME     =   4331075.4507
                                                    Density    =         1.0096
 ------------------------------------------------------------------------------


 NSTEP = 19800000   TIME(PS) =  140175.000  TEMP(K) =   300.24  PRESS =   127.1
 Etot   =  -1016662.8358  EKtot   =    263433.2812  EPtot      =  -1280096.1170
 BOND   =     10503.7389  ANGLE   =     28030.6828  DIHED      =     32764.1676
 1-4 NB =     12316.2024  1-4 EEL =    135347.6695  VDWAALS    =    153380.3205
 EELEC  =  -1652438.8988  EHBOND  =         0.0000  RESTRAINT  =         0.0000
 EKCMT  =    112223.2968  VIRIAL  =    100339.4522  VOLUME     =   4331932.7443
                                                    Density    =         1.0094
 ------------------------------------------------------------------------------


 NSTEP = 19850000   TIME(PS) =  140275.000  TEMP(K) =   300.56  PRESS =     9.4
 Etot   =  -1016566.2683  EKtot   =    263708.0938  EPtot      =  -1280274.3621
 BOND   =     10412.4155  ANGLE   =     27905.7101  DIHED      =     32725.0282
 1-4 NB =     12410.2055  1-4 EEL =    135157.9099  VDWAALS    =    153091.6439
 EELEC  =  -1651977.2751  EHBOND  =         0.0000  RESTRAINT  =         0.0000
 EKCMT  =    112268.3924  VIRIAL  =    111390.0664  VOLUME     =   4333500.5446
                                                    Density    =         1.0091
 ------------------------------------------------------------------------------


 NSTEP = 19900000   TIME(PS) =  140375.000  TEMP(K) =   299.69  PRESS =    73.1
 Etot   =  -1017688.6221  EKtot   =    262944.0625  EPtot      =  -1280632.6846
 BOND   =     10505.6802  ANGLE   =     27880.6965  DIHED      =     32623.0674
 1-4 NB =     12373.5654  1-4 EEL =    135222.3087  VDWAALS    =    152330.3469
 EELEC  =  -1651568.3498  EHBOND  =         0.0000  RESTRAINT  =         0.0000
 EKCMT  =    111971.4486  VIRIAL  =    105129.7385  VOLUME     =   4332510.8165
                                                    Density    =         1.0093
 ------------------------------------------------------------------------------


 NSTEP = 19950000   TIME(PS) =  140475.000  TEMP(K) =   300.45  PRESS =    49.9
 Etot   =  -1017163.6632  EKtot   =    263617.2500  EPtot      =  -1280780.9132
 BOND   =     10473.6146  ANGLE   =     27733.7349  DIHED      =     32682.3181
 1-4 NB =     12368.1751  1-4 EEL =    135206.2883  VDWAALS    =    152658.4179
 EELEC  =  -1651903.4621  EHBOND  =         0.0000  RESTRAINT  =         0.0000
 EKCMT  =    112251.1278  VIRIAL  =    107576.8153  VOLUME     =   4335138.3066
                                                    Density    =         1.0087
 ------------------------------------------------------------------------------


 NSTEP = 20000000   TIME(PS) =  140575.000  TEMP(K) =   299.57  PRESS =    10.1
 Etot   =  -1017388.4956  EKtot   =    262845.2500  EPtot      =  -1280233.7456
 BOND   =     10514.2787  ANGLE   =     28038.8346  DIHED      =     32740.8035
 1-4 NB =     12398.2775  1-4 EEL =    135064.5332  VDWAALS    =    152504.7089
 EELEC  =  -1651495.1821  EHBOND  =         0.0000  RESTRAINT  =         0.0000
 EKCMT  =    112137.3195  VIRIAL  =    111192.4511  VOLUME     =   4335699.6364
                                                    Density    =         1.0086
 ------------------------------------------------------------------------------


 NSTEP = 20050000   TIME(PS) =  140675.000  TEMP(K) =   299.88  PRESS =   -26.8
 Etot   =  -1018055.2126  EKtot   =    263117.8438  EPtot      =  -1281173.0564
 BOND   =     10486.0617  ANGLE   =     27915.4116  DIHED      =     32625.1306
 1-4 NB =     12442.9322  1-4 EEL =    135397.9903  VDWAALS    =    152544.5170
 EELEC  =  -1652585.0998  EHBOND  =         0.0000  RESTRAINT  =         0.0000
 EKCMT  =    112012.6458  VIRIAL  =    114519.7039  VOLUME     =   4335056.1033
                                                    Density    =         1.0087
 ------------------------------------------------------------------------------


 NSTEP = 20100000   TIME(PS) =  140775.000  TEMP(K) =   300.21  PRESS =    29.2
 Etot   =  -1017566.1600  EKtot   =    263408.6250  EPtot      =  -1280974.7850
 BOND   =     10650.5291  ANGLE   =     27979.8110  DIHED      =     32838.1447
 1-4 NB =     12293.7039  1-4 EEL =    135032.0485  VDWAALS    =    153010.4768
 EELEC  =  -1652779.4990  EHBOND  =         0.0000  RESTRAINT  =         0.0000
 EKCMT  =    112279.0624  VIRIAL  =    109546.5657  VOLUME     =   4330451.8144
                                                    Density    =         1.0098
 ------------------------------------------------------------------------------


 NSTEP = 20150000   TIME(PS) =  140875.000  TEMP(K) =   299.66  PRESS =   -61.6
 Etot   =  -1017448.4942  EKtot   =    262922.6250  EPtot      =  -1280371.1192
 BOND   =     10421.3402  ANGLE   =     28005.8723  DIHED      =     32741.4894
 1-4 NB =     12393.1803  1-4 EEL =    135246.0143  VDWAALS    =    152298.8964
 EELEC  =  -1651477.9122  EHBOND  =         0.0000  RESTRAINT  =         0.0000
 EKCMT  =    112077.5549  VIRIAL  =    117842.4104  VOLUME     =   4334566.5633
                                                    Density    =         1.0088
 ------------------------------------------------------------------------------


 NSTEP = 20200000   TIME(PS) =  140975.000  TEMP(K) =   299.24  PRESS =    21.7
 Etot   =  -1018127.6698  EKtot   =    262550.5000  EPtot      =  -1280678.1698
 BOND   =     10514.0592  ANGLE   =     27918.0483  DIHED      =     32637.0885
 1-4 NB =     12471.9171  1-4 EEL =    135159.2243  VDWAALS    =    152024.5137
 EELEC  =  -1651403.0208  EHBOND  =         0.0000  RESTRAINT  =         0.0000
 EKCMT  =    111893.7324  VIRIAL  =    109862.1314  VOLUME     =   4335332.1301
                                                    Density    =         1.0086
 ------------------------------------------------------------------------------


 NSTEP = 20250000   TIME(PS) =  141075.000  TEMP(K) =   300.13  PRESS =     0.1
 Etot   =  -1017440.5310  EKtot   =    263338.0000  EPtot      =  -1280778.5310
 BOND   =     10466.1975  ANGLE   =     27757.1460  DIHED      =     32669.4975
 1-4 NB =     12340.1277  1-4 EEL =    135249.3481  VDWAALS    =    153061.8377
 EELEC  =  -1652322.6853  EHBOND  =         0.0000  RESTRAINT  =         0.0000
 EKCMT  =    111982.1606  VIRIAL  =    111969.0615  VOLUME     =   4332212.4210
                                                    Density    =         1.0094
 ------------------------------------------------------------------------------


 NSTEP = 20300000   TIME(PS) =  141175.000  TEMP(K) =   299.90  PRESS =   -27.3
 Etot   =  -1018360.5943  EKtot   =    263133.6875  EPtot      =  -1281494.2818
 BOND   =     10476.6216  ANGLE   =     27931.7264  DIHED      =     32668.2011
 1-4 NB =     12323.9377  1-4 EEL =    135239.8493  VDWAALS    =    152638.0007
 EELEC  =  -1652772.6186  EHBOND  =         0.0000  RESTRAINT  =         0.0000
 EKCMT  =    112262.2481  VIRIAL  =    114810.9720  VOLUME     =   4331328.4678
                                                    Density    =         1.0096
 ------------------------------------------------------------------------------


 NSTEP = 20350000   TIME(PS) =  141275.000  TEMP(K) =   299.97  PRESS =     2.6
 Etot   =  -1018399.2570  EKtot   =    263192.3750  EPtot      =  -1281591.6320
 BOND   =     10534.6313  ANGLE   =     27924.2767  DIHED      =     32661.1758
 1-4 NB =     12411.4380  1-4 EEL =    135267.9135  VDWAALS    =    151965.1729
 EELEC  =  -1652356.2403  EHBOND  =         0.0000  RESTRAINT  =         0.0000
 EKCMT  =    112295.2155  VIRIAL  =    112053.5822  VOLUME     =   4331899.9608
                                                    Density    =         1.0094
 ------------------------------------------------------------------------------


 NSTEP = 20400000   TIME(PS) =  141375.000  TEMP(K) =   300.52  PRESS =    46.5
 Etot   =  -1016600.7234  EKtot   =    263674.3750  EPtot      =  -1280275.0984
 BOND   =     10440.2080  ANGLE   =     27981.1564  DIHED      =     32699.3029
 1-4 NB =     12372.4052  1-4 EEL =    135269.3339  VDWAALS    =    153038.5878
 EELEC  =  -1652076.0926  EHBOND  =         0.0000  RESTRAINT  =         0.0000
 EKCMT  =    112419.0306  VIRIAL  =    108072.3655  VOLUME     =   4331588.0689
                                                    Density    =         1.0095
 ------------------------------------------------------------------------------


 NSTEP = 20450000   TIME(PS) =  141475.000  TEMP(K) =   299.37  PRESS =    -4.2
 Etot   =  -1019023.3053  EKtot   =    262663.7500  EPtot      =  -1281687.0553
 BOND   =     10379.6281  ANGLE   =     27852.2149  DIHED      =     32747.9651
 1-4 NB =     12373.2142  1-4 EEL =    135135.8513  VDWAALS    =    152748.0196
 EELEC  =  -1652923.9485  EHBOND  =         0.0000  RESTRAINT  =         0.0000
 EKCMT  =    111820.1746  VIRIAL  =    112217.3873  VOLUME     =   4332398.5341
                                                    Density    =         1.0093
 ------------------------------------------------------------------------------


 NSTEP = 20500000   TIME(PS) =  141575.000  TEMP(K) =   300.28  PRESS =    33.1
 Etot   =  -1017667.1247  EKtot   =    263468.5625  EPtot      =  -1281135.6872
 BOND   =     10530.7114  ANGLE   =     27650.4116  DIHED      =     32722.3282
 1-4 NB =     12403.0188  1-4 EEL =    135413.5516  VDWAALS    =    153134.1876
 EELEC  =  -1652989.8964  EHBOND  =         0.0000  RESTRAINT  =         0.0000
 EKCMT  =    112077.3230  VIRIAL  =    108978.1215  VOLUME     =   4335396.4055
                                                    Density    =         1.0086
 ------------------------------------------------------------------------------


 NSTEP = 20550000   TIME(PS) =  141675.000  TEMP(K) =   300.98  PRESS =    -2.5
 Etot   =  -1015589.8933  EKtot   =    264080.6562  EPtot      =  -1279670.5495
 BOND   =     10506.1646  ANGLE   =     27936.7641  DIHED      =     32648.7424
 1-4 NB =     12351.8986  1-4 EEL =    135152.9730  VDWAALS    =    152062.0771
 EELEC  =  -1650329.1695  EHBOND  =         0.0000  RESTRAINT  =         0.0000
 EKCMT  =    112664.9185  VIRIAL  =    112901.4954  VOLUME     =   4334411.7810
                                                    Density    =         1.0089
 ------------------------------------------------------------------------------


 NSTEP = 20600000   TIME(PS) =  141775.000  TEMP(K) =   300.80  PRESS =   -44.4
 Etot   =  -1017635.4274  EKtot   =    263926.0625  EPtot      =  -1281561.4899
 BOND   =     10621.5294  ANGLE   =     27775.1167  DIHED      =     32793.4866
 1-4 NB =     12384.6941  1-4 EEL =    135121.8917  VDWAALS    =    153350.9526
 EELEC  =  -1653609.1609  EHBOND  =         0.0000  RESTRAINT  =         0.0000
 EKCMT  =    112225.2730  VIRIAL  =    116379.1600  VOLUME     =   4334245.2456
                                                    Density    =         1.0089
 ------------------------------------------------------------------------------


 NSTEP = 20650000   TIME(PS) =  141875.000  TEMP(K) =   300.04  PRESS =   -76.5
 Etot   =  -1018015.4832  EKtot   =    263256.9375  EPtot      =  -1281272.4207
 BOND   =     10512.6138  ANGLE   =     27812.1794  DIHED      =     32718.6280
 1-4 NB =     12358.1976  1-4 EEL =    135041.7414  VDWAALS    =    151689.0764
 EELEC  =  -1651404.8573  EHBOND  =         0.0000  RESTRAINT  =         0.0000
 EKCMT  =    112481.9067  VIRIAL  =    119637.7324  VOLUME     =   4334743.2636
                                                    Density    =         1.0088
 ------------------------------------------------------------------------------


 NSTEP = 20700000   TIME(PS) =  141975.000  TEMP(K) =   300.88  PRESS =     8.6
 Etot   =  -1016935.3789  EKtot   =    263995.1562  EPtot      =  -1280930.5352
 BOND   =     10390.7398  ANGLE   =     27998.5971  DIHED      =     32664.4498
 1-4 NB =     12410.5283  1-4 EEL =    135153.6614  VDWAALS    =    152808.3734
 EELEC  =  -1652356.8849  EHBOND  =         0.0000  RESTRAINT  =         0.0000
 EKCMT  =    112834.7615  VIRIAL  =    112031.9078  VOLUME     =   4335271.2789
                                                    Density    =         1.0087
 ------------------------------------------------------------------------------


 NSTEP = 20750000   TIME(PS) =  142075.000  TEMP(K) =   299.75  PRESS =    32.3
 Etot   =  -1018326.2812  EKtot   =    263000.1562  EPtot      =  -1281326.4375
 BOND   =     10560.1914  ANGLE   =     28043.9662  DIHED      =     32701.4707
 1-4 NB =     12363.7380  1-4 EEL =    134870.2818  VDWAALS    =    152663.7169
 EELEC  =  -1652529.8026  EHBOND  =         0.0000  RESTRAINT  =         0.0000
 EKCMT  =    112045.0927  VIRIAL  =    109024.2361  VOLUME     =   4333153.0636
                                                    Density    =         1.0091
 ------------------------------------------------------------------------------


 NSTEP = 20800000   TIME(PS) =  142175.000  TEMP(K) =   300.01  PRESS =   -45.9
 Etot   =  -1017399.1045  EKtot   =    263233.1875  EPtot      =  -1280632.2920
 BOND   =     10213.9004  ANGLE   =     27977.5832  DIHED      =     32741.9806
 1-4 NB =     12406.4595  1-4 EEL =    135039.2300  VDWAALS    =    152314.2651
 EELEC  =  -1651325.7110  EHBOND  =         0.0000  RESTRAINT  =         0.0000
 EKCMT  =    112196.9116  VIRIAL  =    116497.5085  VOLUME     =   4335093.2607
                                                    Density    =         1.0087
 ------------------------------------------------------------------------------


 NSTEP = 20850000   TIME(PS) =  142275.000  TEMP(K) =   299.76  PRESS =    30.7
 Etot   =  -1018167.6666  EKtot   =    263013.2500  EPtot      =  -1281180.9166
 BOND   =     10492.0994  ANGLE   =     27737.7303  DIHED      =     32698.5484
 1-4 NB =     12399.1820  1-4 EEL =    135131.5175  VDWAALS    =    153721.4990
 EELEC  =  -1653361.4932  EHBOND  =         0.0000  RESTRAINT  =         0.0000
 EKCMT  =    112095.8599  VIRIAL  =    109219.9196  VOLUME     =   4334156.9537
                                                    Density    =         1.0089
 ------------------------------------------------------------------------------


 NSTEP = 20900000   TIME(PS) =  142375.000  TEMP(K) =   299.73  PRESS =   -32.2
 Etot   =  -1017267.2339  EKtot   =    262986.9688  EPtot      =  -1280254.2026
 BOND   =     10410.3452  ANGLE   =     28078.7207  DIHED      =     32585.3019
 1-4 NB =     12394.0455  1-4 EEL =    135177.8115  VDWAALS    =    152647.3348
 EELEC  =  -1651547.7622  EHBOND  =         0.0000  RESTRAINT  =         0.0000
 EKCMT  =    111831.6067  VIRIAL  =    114848.7039  VOLUME     =   4335745.7440
                                                    Density    =         1.0085
 ------------------------------------------------------------------------------


 NSTEP = 20950000   TIME(PS) =  142475.000  TEMP(K) =   299.91  PRESS =    17.2
 Etot   =  -1016848.0219  EKtot   =    263141.2812  EPtot      =  -1279989.3032
 BOND   =     10461.0110  ANGLE   =     28119.6923  DIHED      =     32789.3678
 1-4 NB =     12389.4354  1-4 EEL =    134968.0636  VDWAALS    =    152842.0154
 EELEC  =  -1651558.8887  EHBOND  =         0.0000  RESTRAINT  =         0.0000
 EKCMT  =    112032.9308  VIRIAL  =    110421.3036  VOLUME     =   4332842.7290
                                                    Density    =         1.0092
 ------------------------------------------------------------------------------


 NSTEP = 21000000   TIME(PS) =  142575.000  TEMP(K) =   300.37  PRESS =    56.5
 Etot   =  -1017807.4882  EKtot   =    263547.5625  EPtot      =  -1281355.0507
 BOND   =     10402.0662  ANGLE   =     27928.6230  DIHED      =     32682.2046
 1-4 NB =     12359.7092  1-4 EEL =    134799.2266  VDWAALS    =    153100.4973
 EELEC  =  -1652627.3777  EHBOND  =         0.0000  RESTRAINT  =         0.0000
 EKCMT  =    112147.6212  VIRIAL  =    106865.1728  VOLUME     =   4333982.7650
                                                    Density    =         1.0089
 ------------------------------------------------------------------------------


 NSTEP = 21050000   TIME(PS) =  142675.000  TEMP(K) =   299.74  PRESS =    83.3
 Etot   =  -1017849.7257  EKtot   =    262991.0625  EPtot      =  -1280840.7882
 BOND   =     10458.5984  ANGLE   =     28060.6595  DIHED      =     32795.8337
 1-4 NB =     12363.3954  1-4 EEL =    135170.0384  VDWAALS    =    153235.0659
 EELEC  =  -1652924.3795  EHBOND  =         0.0000  RESTRAINT  =         0.0000
 EKCMT  =    112031.4571  VIRIAL  =    104239.4328  VOLUME     =   4332770.1952
                                                    Density    =         1.0092
 ------------------------------------------------------------------------------


 NSTEP = 21100000   TIME(PS) =  142775.000  TEMP(K) =   300.29  PRESS =    19.3
 Etot   =  -1017984.0112  EKtot   =    263473.6875  EPtot      =  -1281457.6987
 BOND   =     10463.9068  ANGLE   =     28034.8282  DIHED      =     32621.2992
 1-4 NB =     12317.8594  1-4 EEL =    135190.8972  VDWAALS    =    153210.6758
 EELEC  =  -1653297.1653  EHBOND  =         0.0000  RESTRAINT  =         0.0000
 EKCMT  =    112267.5184  VIRIAL  =    110458.9576  VOLUME     =   4332292.9290
                                                    Density    =         1.0093
 ------------------------------------------------------------------------------


 NSTEP = 21150000   TIME(PS) =  142875.000  TEMP(K) =   300.57  PRESS =   -51.0
 Etot   =  -1016120.3761  EKtot   =    263724.3438  EPtot      =  -1279844.7198
 BOND   =     10461.5032  ANGLE   =     27923.0480  DIHED      =     32728.5898
 1-4 NB =     12298.0748  1-4 EEL =    135085.8015  VDWAALS    =    151583.3767
 EELEC  =  -1649925.1139  EHBOND  =         0.0000  RESTRAINT  =         0.0000
 EKCMT  =    112827.5883  VIRIAL  =    117603.3514  VOLUME     =   4333552.8140
                                                    Density    =         1.0091
 ------------------------------------------------------------------------------


 NSTEP = 21200000   TIME(PS) =  142975.000  TEMP(K) =   300.60  PRESS =    56.4
 Etot   =  -1016954.1252  EKtot   =    263750.5625  EPtot      =  -1280704.6877
 BOND   =     10422.4166  ANGLE   =     27855.8064  DIHED      =     32619.9687
 1-4 NB =     12397.4533  1-4 EEL =    135098.7327  VDWAALS    =    153006.6167
 EELEC  =  -1652105.6822  EHBOND  =         0.0000  RESTRAINT  =         0.0000
 EKCMT  =    112312.2711  VIRIAL  =    107036.5233  VOLUME     =   4331601.3454
                                                    Density    =         1.0095
 ------------------------------------------------------------------------------


 NSTEP = 21250000   TIME(PS) =  143075.000  TEMP(K) =   300.29  PRESS =    18.1
 Etot   =  -1017691.4551  EKtot   =    263475.7812  EPtot      =  -1281167.2364
 BOND   =     10532.6691  ANGLE   =     27775.7146  DIHED      =     32761.1806
 1-4 NB =     12427.7949  1-4 EEL =    135122.0453  VDWAALS    =    153414.3961
 EELEC  =  -1653201.0370  EHBOND  =         0.0000  RESTRAINT  =         0.0000
 EKCMT  =    112158.6242  VIRIAL  =    110467.7908  VOLUME     =   4332130.7946
                                                    Density    =         1.0094
 ------------------------------------------------------------------------------


 NSTEP = 21300000   TIME(PS) =  143175.000  TEMP(K) =   300.64  PRESS =    24.6
 Etot   =  -1017155.4005  EKtot   =    263784.5625  EPtot      =  -1280939.9630
 BOND   =     10504.4654  ANGLE   =     27683.1760  DIHED      =     32623.5828
 1-4 NB =     12445.5334  1-4 EEL =    135037.4047  VDWAALS    =    153286.6948
 EELEC  =  -1652520.8202  EHBOND  =         0.0000  RESTRAINT  =         0.0000
 EKCMT  =    112181.6490  VIRIAL  =    109877.7414  VOLUME     =   4334188.4425
                                                    Density    =         1.0089
 ------------------------------------------------------------------------------


 NSTEP = 21350000   TIME(PS) =  143275.000  TEMP(K) =   298.90  PRESS =    -3.3
 Etot   =  -1018949.8296  EKtot   =    262253.6875  EPtot      =  -1281203.5171
 BOND   =     10514.2859  ANGLE   =     27809.7997  DIHED      =     32747.0352
 1-4 NB =     12454.1700  1-4 EEL =    135197.5385  VDWAALS    =    152792.0233
 EELEC  =  -1652718.3697  EHBOND  =         0.0000  RESTRAINT  =         0.0000
 EKCMT  =    111637.2110  VIRIAL  =    111944.9192  VOLUME     =   4333152.3670
                                                    Density    =         1.0091
 ------------------------------------------------------------------------------


 NSTEP = 21400000   TIME(PS) =  143375.000  TEMP(K) =   300.70  PRESS =    32.7
 Etot   =  -1016949.2815  EKtot   =    263833.2500  EPtot      =  -1280782.5315
 BOND   =     10514.1762  ANGLE   =     27930.1920  DIHED      =     32710.2467
 1-4 NB =     12339.3416  1-4 EEL =    135033.7563  VDWAALS    =    151911.5989
 EELEC  =  -1651221.8431  EHBOND  =         0.0000  RESTRAINT  =         0.0000
 EKCMT  =    112778.2627  VIRIAL  =    109720.5295  VOLUME     =   4331320.1028
                                                    Density    =         1.0096
 ------------------------------------------------------------------------------


 NSTEP = 21450000   TIME(PS) =  143475.000  TEMP(K) =   300.33  PRESS =    21.8
 Etot   =  -1017376.1644  EKtot   =    263510.4688  EPtot      =  -1280886.6332
 BOND   =     10559.0271  ANGLE   =     27814.3972  DIHED      =     32610.0380
 1-4 NB =     12465.3355  1-4 EEL =    135081.2038  VDWAALS    =    152505.0237
 EELEC  =  -1651921.6584  EHBOND  =         0.0000  RESTRAINT  =         0.0000
 EKCMT  =    112279.5804  VIRIAL  =    110237.4985  VOLUME     =   4331063.5711
                                                    Density    =         1.0096
 ------------------------------------------------------------------------------


 NSTEP = 21500000   TIME(PS) =  143575.000  TEMP(K) =   300.18  PRESS =   -21.2
 Etot   =  -1017203.9028  EKtot   =    263374.3125  EPtot      =  -1280578.2153
 BOND   =     10617.5581  ANGLE   =     27908.7690  DIHED      =     32733.2545
 1-4 NB =     12333.4711  1-4 EEL =    135099.3398  VDWAALS    =    151947.0995
 EELEC  =  -1651217.7073  EHBOND  =         0.0000  RESTRAINT  =         0.0000
 EKCMT  =    112569.1523  VIRIAL  =    114553.7927  VOLUME     =   4333048.5551
                                                    Density    =         1.0092
 ------------------------------------------------------------------------------


 NSTEP = 21550000   TIME(PS) =  143675.000  TEMP(K) =   299.89  PRESS =   -19.4
 Etot   =  -1018056.4595  EKtot   =    263122.9062  EPtot      =  -1281179.3657
 BOND   =     10363.4716  ANGLE   =     27742.8710  DIHED      =     32727.9989
 1-4 NB =     12424.7919  1-4 EEL =    135158.2898  VDWAALS    =    152584.8670
 EELEC  =  -1652181.6558  EHBOND  =         0.0000  RESTRAINT  =         0.0000
 EKCMT  =    112157.8588  VIRIAL  =    113971.1015  VOLUME     =   4334009.4961
                                                    Density    =         1.0089
 ------------------------------------------------------------------------------


 NSTEP = 21600000   TIME(PS) =  143775.000  TEMP(K) =   300.26  PRESS =   -54.8
 Etot   =  -1016945.9263  EKtot   =    263448.2812  EPtot      =  -1280394.2075
 BOND   =     10418.6518  ANGLE   =     27996.6302  DIHED      =     32718.8361
 1-4 NB =     12375.3999  1-4 EEL =    135266.6166  VDWAALS    =    152484.2924
 EELEC  =  -1651654.6346  EHBOND  =         0.0000  RESTRAINT  =         0.0000
 EKCMT  =    112329.9730  VIRIAL  =    117458.9141  VOLUME     =   4332758.2986
                                                    Density    =         1.0092
 ------------------------------------------------------------------------------


 NSTEP = 21650000   TIME(PS) =  143875.000  TEMP(K) =   299.52  PRESS =   -33.4
 Etot   =  -1017556.8863  EKtot   =    262802.8125  EPtot      =  -1280359.6988
 BOND   =     10329.8261  ANGLE   =     28139.1857  DIHED      =     32606.4001
 1-4 NB =     12468.5140  1-4 EEL =    135354.1962  VDWAALS    =    152519.8089
 EELEC  =  -1651777.6297  EHBOND  =         0.0000  RESTRAINT  =         0.0000
 EKCMT  =    112184.8783  VIRIAL  =    115314.4434  VOLUME     =   4333476.2245
                                                    Density    =         1.0091
 ------------------------------------------------------------------------------


 NSTEP = 21700000   TIME(PS) =  143975.000  TEMP(K) =   300.57  PRESS =    69.1
 Etot   =  -1016905.6210  EKtot   =    263719.3125  EPtot      =  -1280624.9335
 BOND   =     10380.8294  ANGLE   =     27670.1222  DIHED      =     32699.2081
 1-4 NB =     12390.5696  1-4 EEL =    135138.8850  VDWAALS    =    152513.5033
 EELEC  =  -1651418.0510  EHBOND  =         0.0000  RESTRAINT  =         0.0000
 EKCMT  =    112075.7087  VIRIAL  =    105611.6996  VOLUME     =   4331519.5709
                                                    Density    =         1.0095
 ------------------------------------------------------------------------------


 NSTEP = 21750000   TIME(PS) =  144075.000  TEMP(K) =   300.10  PRESS =    33.6
 Etot   =  -1018084.7121  EKtot   =    263311.8750  EPtot      =  -1281396.5871
 BOND   =     10393.9391  ANGLE   =     27879.8835  DIHED      =     32674.3944
 1-4 NB =     12420.0455  1-4 EEL =    134982.1169  VDWAALS    =    152918.4069
 EELEC  =  -1652665.3734  EHBOND  =         0.0000  RESTRAINT  =         0.0000
 EKCMT  =    112007.8582  VIRIAL  =    108867.5836  VOLUME     =   4330723.3484
                                                    Density    =         1.0097
 ------------------------------------------------------------------------------


 NSTEP = 21800000   TIME(PS) =  144175.000  TEMP(K) =   299.73  PRESS =    -8.8
 Etot   =  -1018143.3250  EKtot   =    262985.8750  EPtot      =  -1281129.2000
 BOND   =     10486.8383  ANGLE   =     27717.8778  DIHED      =     32639.1394
 1-4 NB =     12356.3713  1-4 EEL =    135371.6372  VDWAALS    =    152389.9774
 EELEC  =  -1652091.0415  EHBOND  =         0.0000  RESTRAINT  =         0.0000
 EKCMT  =    111931.7907  VIRIAL  =    112754.7760  VOLUME     =   4335203.1864
                                                    Density    =         1.0087
 ------------------------------------------------------------------------------


 NSTEP = 21850000   TIME(PS) =  144275.000  TEMP(K) =   299.36  PRESS =   -28.1
 Etot   =  -1018586.1728  EKtot   =    262654.7188  EPtot      =  -1281240.8916
 BOND   =     10290.2773  ANGLE   =     28154.4812  DIHED      =     32549.0364
 1-4 NB =     12332.3837  1-4 EEL =    135047.3113  VDWAALS    =    153013.2492
 EELEC  =  -1652627.6307  EHBOND  =         0.0000  RESTRAINT  =         0.0000
 EKCMT  =    111837.0420  VIRIAL  =    114464.1454  VOLUME     =   4335058.5190
                                                    Density    =         1.0087
 ------------------------------------------------------------------------------


 NSTEP = 21900000   TIME(PS) =  144375.000  TEMP(K) =   300.22  PRESS =    26.2
 Etot   =  -1016153.9704  EKtot   =    263410.3750  EPtot      =  -1279564.3454
 BOND   =     10666.8594  ANGLE   =     27698.4303  DIHED      =     32686.0408
 1-4 NB =     12385.4426  1-4 EEL =    135199.4327  VDWAALS    =    152539.0656
 EELEC  =  -1650739.6168  EHBOND  =         0.0000  RESTRAINT  =         0.0000
 EKCMT  =    112182.5313  VIRIAL  =    109729.9025  VOLUME     =   4332453.7192
                                                    Density    =         1.0093
 ------------------------------------------------------------------------------


 NSTEP = 21950000   TIME(PS) =  144475.000  TEMP(K) =   300.38  PRESS =    51.3
 Etot   =  -1015994.2442  EKtot   =    263551.5625  EPtot      =  -1279545.8067
 BOND   =     10549.7079  ANGLE   =     28108.9608  DIHED      =     32653.0457
 1-4 NB =     12378.0252  1-4 EEL =    135193.4316  VDWAALS    =    152566.1189
 EELEC  =  -1650995.0968  EHBOND  =         0.0000  RESTRAINT  =         0.0000
 EKCMT  =    111981.9905  VIRIAL  =    107181.1748  VOLUME     =   4335090.3447
                                                    Density    =         1.0087
 ------------------------------------------------------------------------------


 NSTEP = 22000000   TIME(PS) =  144575.000  TEMP(K) =   299.99  PRESS =    81.8
 Etot   =  -1018207.1149  EKtot   =    263207.9688  EPtot      =  -1281415.0836
 BOND   =     10581.7040  ANGLE   =     27695.0603  DIHED      =     32656.8791
 1-4 NB =     12365.2482  1-4 EEL =    134996.3374  VDWAALS    =    153851.3742
 EELEC  =  -1653561.6867  EHBOND  =         0.0000  RESTRAINT  =         0.0000
 EKCMT  =    112220.4588  VIRIAL  =    104572.8854  VOLUME     =   4331036.7580
                                                    Density    =         1.0096
 ------------------------------------------------------------------------------


 NSTEP = 22050000   TIME(PS) =  144675.000  TEMP(K) =   300.35  PRESS =    59.3
 Etot   =  -1016159.8168  EKtot   =    263523.7812  EPtot      =  -1279683.5980
 BOND   =     10627.8193  ANGLE   =     27631.0075  DIHED      =     32720.8176
 1-4 NB =     12410.4988  1-4 EEL =    135396.1439  VDWAALS    =    152711.2610
 EELEC  =  -1651181.1461  EHBOND  =         0.0000  RESTRAINT  =         0.0000
 EKCMT  =    112228.5887  VIRIAL  =    106678.2755  VOLUME     =   4332775.1586
                                                    Density    =         1.0092
 ------------------------------------------------------------------------------


 NSTEP = 22100000   TIME(PS) =  144775.000  TEMP(K) =   300.55  PRESS =   -33.2
 Etot   =  -1017494.2138  EKtot   =    263698.7500  EPtot      =  -1281192.9638
 BOND   =     10395.6980  ANGLE   =     27754.5563  DIHED      =     32672.3434
 1-4 NB =     12412.8532  1-4 EEL =    135082.5731  VDWAALS    =    151897.2876
 EELEC  =  -1651408.2755  EHBOND  =         0.0000  RESTRAINT  =         0.0000
 EKCMT  =    112342.7682  VIRIAL  =    115446.8206  VOLUME     =   4332353.2216
                                                    Density    =         1.0093
 ------------------------------------------------------------------------------


 NSTEP = 22150000   TIME(PS) =  144875.000  TEMP(K) =   300.20  PRESS =    23.3
 Etot   =  -1017377.0121  EKtot   =    263392.3438  EPtot      =  -1280769.3559
 BOND   =     10398.0444  ANGLE   =     27923.6845  DIHED      =     32674.5413
 1-4 NB =     12337.2428  1-4 EEL =    135154.2092  VDWAALS    =    153210.8356
 EELEC  =  -1652467.9138  EHBOND  =         0.0000  RESTRAINT  =         0.0000
 EKCMT  =    112108.5904  VIRIAL  =    109924.2815  VOLUME     =   4332707.1212
                                                    Density    =         1.0092
 ------------------------------------------------------------------------------


 NSTEP = 22200000   TIME(PS) =  144975.000  TEMP(K) =   301.07  PRESS =    37.9
 Etot   =  -1016483.1538  EKtot   =    264161.3438  EPtot      =  -1280644.4975
 BOND   =     10340.5279  ANGLE   =     28070.0307  DIHED      =     32702.7816
 1-4 NB =     12352.0095  1-4 EEL =    135006.8476  VDWAALS    =    153329.0329
 EELEC  =  -1652445.7277  EHBOND  =         0.0000  RESTRAINT  =         0.0000
 EKCMT  =    112716.1531  VIRIAL  =    109169.3194  VOLUME     =   4332899.0771
                                                    Density    =         1.0092
 ------------------------------------------------------------------------------


 NSTEP = 22250000   TIME(PS) =  145075.000  TEMP(K) =   300.01  PRESS =    30.8
 Etot   =  -1017067.1890  EKtot   =    263225.9688  EPtot      =  -1280293.1577
 BOND   =     10554.8795  ANGLE   =     27831.6431  DIHED      =     32673.9137
 1-4 NB =     12353.4520  1-4 EEL =    134991.2454  VDWAALS    =    153012.0300
 EELEC  =  -1651710.3214  EHBOND  =         0.0000  RESTRAINT  =         0.0000
 EKCMT  =    112086.7463  VIRIAL  =    109201.0281  VOLUME     =   4334186.9135
                                                    Density    =         1.0089
 ------------------------------------------------------------------------------


 NSTEP = 22300000   TIME(PS) =  145175.000  TEMP(K) =   300.53  PRESS =  -140.8
 Etot   =  -1016099.7212  EKtot   =    263688.3750  EPtot      =  -1279788.0962
 BOND   =     10541.8549  ANGLE   =     27953.0321  DIHED      =     32794.9049
 1-4 NB =     12341.1926  1-4 EEL =    135285.9944  VDWAALS    =    151404.3179
 EELEC  =  -1650109.3929  EHBOND  =         0.0000  RESTRAINT  =         0.0000
 EKCMT  =    112084.5168  VIRIAL  =    125260.5566  VOLUME     =   4333592.4492
                                                    Density    =         1.0090
 ------------------------------------------------------------------------------


 NSTEP = 22350000   TIME(PS) =  145275.000  TEMP(K) =   299.80  PRESS =   -55.9
 Etot   =  -1018215.7362  EKtot   =    263043.7812  EPtot      =  -1281259.5175
 BOND   =     10434.9322  ANGLE   =     27770.1889  DIHED      =     32614.2780
 1-4 NB =     12308.3583  1-4 EEL =    135204.4618  VDWAALS    =    152638.1034
 EELEC  =  -1652229.8401  EHBOND  =         0.0000  RESTRAINT  =         0.0000
 EKCMT  =    111605.3589  VIRIAL  =    116836.8100  VOLUME     =   4334080.0187
                                                    Density    =         1.0089
 ------------------------------------------------------------------------------


 NSTEP = 22400000   TIME(PS) =  145375.000  TEMP(K) =   300.05  PRESS =     7.1
 Etot   =  -1017043.8941  EKtot   =    263261.5938  EPtot      =  -1280305.4879
 BOND   =     10389.6267  ANGLE   =     27983.5783  DIHED      =     32719.5441
 1-4 NB =     12436.3027  1-4 EEL =    135070.3694  VDWAALS    =    152797.1686
 EELEC  =  -1651702.0776  EHBOND  =         0.0000  RESTRAINT  =         0.0000
 EKCMT  =    112100.5565  VIRIAL  =    111433.6200  VOLUME     =   4333578.8470
                                                    Density    =         1.0090
 ------------------------------------------------------------------------------


 NSTEP = 22450000   TIME(PS) =  145475.000  TEMP(K) =   300.46  PRESS =    -7.0
 Etot   =  -1018232.7897  EKtot   =    263628.0938  EPtot      =  -1281860.8835
 BOND   =     10492.7207  ANGLE   =     27810.9211  DIHED      =     32664.7459
 1-4 NB =     12355.5266  1-4 EEL =    134908.8355  VDWAALS    =    152952.7038
 EELEC  =  -1653046.3371  EHBOND  =         0.0000  RESTRAINT  =         0.0000
 EKCMT  =    112277.8660  VIRIAL  =    112929.0124  VOLUME     =   4334071.5289
                                                    Density    =         1.0089
 ------------------------------------------------------------------------------


 NSTEP = 22500000   TIME(PS) =  145575.000  TEMP(K) =   300.06  PRESS =   -18.1
 Etot   =  -1016807.4146  EKtot   =    263274.9062  EPtot      =  -1280082.3209
 BOND   =     10527.1610  ANGLE   =     27948.0566  DIHED      =     32677.3844
 1-4 NB =     12428.3377  1-4 EEL =    135094.6907  VDWAALS    =    152011.2214
 EELEC  =  -1650769.1726  EHBOND  =         0.0000  RESTRAINT  =         0.0000
 EKCMT  =    112528.1312  VIRIAL  =    114219.9079  VOLUME     =   4335367.0596
                                                    Density    =         1.0086
 ------------------------------------------------------------------------------


 NSTEP = 22550000   TIME(PS) =  145675.000  TEMP(K) =   299.75  PRESS =    14.5
 Etot   =  -1017586.9392  EKtot   =    263001.5938  EPtot      =  -1280588.5330
 BOND   =     10411.7707  ANGLE   =     28038.5375  DIHED      =     32742.2798
 1-4 NB =     12346.9041  1-4 EEL =    135100.3768  VDWAALS    =    152365.7354
 EELEC  =  -1651594.1374  EHBOND  =         0.0000  RESTRAINT  =         0.0000
 EKCMT  =    112294.2297  VIRIAL  =    110938.2845  VOLUME     =   4332813.4543
                                                    Density    =         1.0092
 ------------------------------------------------------------------------------


 NSTEP = 22600000   TIME(PS) =  145775.000  TEMP(K) =   300.43  PRESS =   -20.3
 Etot   =  -1017990.3910  EKtot   =    263601.8438  EPtot      =  -1281592.2348
 BOND   =     10538.2699  ANGLE   =     27909.8608  DIHED      =     32631.0613
 1-4 NB =     12373.9165  1-4 EEL =    134983.1026  VDWAALS    =    152893.8952
 EELEC  =  -1652922.3411  EHBOND  =         0.0000  RESTRAINT  =         0.0000
 EKCMT  =    112270.5982  VIRIAL  =    114165.9059  VOLUME     =   4333023.5601
                                                    Density    =         1.0092
 ------------------------------------------------------------------------------


 NSTEP = 22650000   TIME(PS) =  145875.000  TEMP(K) =   300.52  PRESS =    50.7
 Etot   =  -1017660.7314  EKtot   =    263679.6562  EPtot      =  -1281340.3876
 BOND   =     10600.1066  ANGLE   =     27867.6412  DIHED      =     32566.1255
 1-4 NB =     12402.3180  1-4 EEL =    135179.5423  VDWAALS    =    152507.7418
 EELEC  =  -1652463.8631  EHBOND  =         0.0000  RESTRAINT  =         0.0000
 EKCMT  =    112202.7613  VIRIAL  =    107458.2773  VOLUME     =   4330887.5609
                                                    Density    =         1.0097
 ------------------------------------------------------------------------------


 NSTEP = 22700000   TIME(PS) =  145975.000  TEMP(K) =   299.69  PRESS =   -63.0
 Etot   =  -1017811.8069  EKtot   =    262947.1562  EPtot      =  -1280758.9632
 BOND   =     10409.2149  ANGLE   =     28133.2534  DIHED      =     32630.3472
 1-4 NB =     12485.4650  1-4 EEL =    135210.8310  VDWAALS    =    152293.5062
 EELEC  =  -1651921.5809  EHBOND  =         0.0000  RESTRAINT  =         0.0000
 EKCMT  =    111960.8867  VIRIAL  =    117860.3851  VOLUME     =   4336333.1730
                                                    Density    =         1.0084
 ------------------------------------------------------------------------------


 NSTEP = 22750000   TIME(PS) =  146075.000  TEMP(K) =   300.00  PRESS =   -27.8
 Etot   =  -1016659.3245  EKtot   =    263217.5312  EPtot      =  -1279876.8557
 BOND   =     10491.2531  ANGLE   =     28082.2788  DIHED      =     32670.5450
 1-4 NB =     12343.2846  1-4 EEL =    135274.7998  VDWAALS    =    152306.5694
 EELEC  =  -1651045.5864  EHBOND  =         0.0000  RESTRAINT  =         0.0000
 EKCMT  =    111899.0953  VIRIAL  =    114500.9961  VOLUME     =   4333609.1433
                                                    Density    =         1.0090
 ------------------------------------------------------------------------------


 NSTEP = 22800000   TIME(PS) =  146175.000  TEMP(K) =   300.38  PRESS =    55.1
 Etot   =  -1016983.5541  EKtot   =    263552.9062  EPtot      =  -1280536.4604
 BOND   =     10562.1229  ANGLE   =     27774.1654  DIHED      =     32706.9591
 1-4 NB =     12347.3829  1-4 EEL =    135133.9328  VDWAALS    =    153299.6592
 EELEC  =  -1652360.6827  EHBOND  =         0.0000  RESTRAINT  =         0.0000
 EKCMT  =    112027.2233  VIRIAL  =    106866.5305  VOLUME     =   4335359.5833
                                                    Density    =         1.0086
 ------------------------------------------------------------------------------


 NSTEP = 22850000   TIME(PS) =  146275.000  TEMP(K) =   299.48  PRESS =   -15.3
 Etot   =  -1017826.9542  EKtot   =    262767.0938  EPtot      =  -1280594.0480
 BOND   =     10548.1804  ANGLE   =     27945.5171  DIHED      =     32717.6778
 1-4 NB =     12344.9976  1-4 EEL =    135036.6426  VDWAALS    =    151846.6341
 EELEC  =  -1651033.6976  EHBOND  =         0.0000  RESTRAINT  =         0.0000
 EKCMT  =    112002.5209  VIRIAL  =    113433.3601  VOLUME     =   4332352.8830
                                                    Density    =         1.0093
 ------------------------------------------------------------------------------


 NSTEP = 22900000   TIME(PS) =  146375.000  TEMP(K) =   300.00  PRESS =    41.6
 Etot   =  -1016982.8407  EKtot   =    263215.9688  EPtot      =  -1280198.8094
 BOND   =     10508.3281  ANGLE   =     27803.3237  DIHED      =     32534.3282
 1-4 NB =     12452.2645  1-4 EEL =    135033.5308  VDWAALS    =    152807.1008
 EELEC  =  -1651337.6855  EHBOND  =         0.0000  RESTRAINT  =         0.0000
 EKCMT  =    112199.5042  VIRIAL  =    108303.0792  VOLUME     =   4333781.7035
                                                    Density    =         1.0090
 ------------------------------------------------------------------------------


 NSTEP = 22950000   TIME(PS) =  146475.000  TEMP(K) =   299.60  PRESS =    77.7
 Etot   =  -1018428.8341  EKtot   =    262867.8750  EPtot      =  -1281296.7091
 BOND   =     10418.1884  ANGLE   =     27615.6887  DIHED      =     32682.0506
 1-4 NB =     12374.2849  1-4 EEL =    135281.8393  VDWAALS    =    154051.1971
 EELEC  =  -1653719.9580  EHBOND  =         0.0000  RESTRAINT  =         0.0000
 EKCMT  =    112259.4646  VIRIAL  =    104993.2206  VOLUME     =   4332876.2865
                                                    Density    =         1.0092
 ------------------------------------------------------------------------------


 NSTEP = 23000000   TIME(PS) =  146575.000  TEMP(K) =   300.18  PRESS =   -49.1
 Etot   =  -1016825.8400  EKtot   =    263374.8438  EPtot      =  -1280200.6838
 BOND   =     10428.4805  ANGLE   =     27954.3203  DIHED      =     32720.6010
 1-4 NB =     12338.1427  1-4 EEL =    135044.6560  VDWAALS    =    152093.3163
 EELEC  =  -1650780.2006  EHBOND  =         0.0000  RESTRAINT  =         0.0000
 EKCMT  =    112078.4547  VIRIAL  =    116672.4524  VOLUME     =   4333704.5475
                                                    Density    =         1.0090
 ------------------------------------------------------------------------------


 NSTEP = 23050000   TIME(PS) =  146675.000  TEMP(K) =   300.21  PRESS =    -4.4
 Etot   =  -1016469.7536  EKtot   =    263407.0312  EPtot      =  -1279876.7849
 BOND   =     10466.9609  ANGLE   =     27878.2796  DIHED      =     32634.2137
 1-4 NB =     12424.1513  1-4 EEL =    135011.0574  VDWAALS    =    152759.4524
 EELEC  =  -1651050.9002  EHBOND  =         0.0000  RESTRAINT  =         0.0000
 EKCMT  =    112182.3707  VIRIAL  =    112594.1350  VOLUME     =   4332953.9146
                                                    Density    =         1.0092
 ------------------------------------------------------------------------------


 NSTEP = 23100000   TIME(PS) =  146775.000  TEMP(K) =   299.65  PRESS =    59.0
 Etot   =  -1017570.9577  EKtot   =    262910.0938  EPtot      =  -1280481.0514
 BOND   =     10497.7316  ANGLE   =     27913.9092  DIHED      =     32653.6359
 1-4 NB =     12383.3497  1-4 EEL =    134943.8712  VDWAALS    =    153316.9785
 EELEC  =  -1652190.5276  EHBOND  =         0.0000  RESTRAINT  =         0.0000
 EKCMT  =    111616.9818  VIRIAL  =    106101.5547  VOLUME     =   4331361.2991
                                                    Density    =         1.0096
 ------------------------------------------------------------------------------


 NSTEP = 23150000   TIME(PS) =  146875.000  TEMP(K) =   299.91  PRESS =    35.5
 Etot   =  -1017472.1349  EKtot   =    263145.5312  EPtot      =  -1280617.6662
 BOND   =     10503.0743  ANGLE   =     28156.2721  DIHED      =     32671.8072
 1-4 NB =     12330.7856  1-4 EEL =    134953.8621  VDWAALS    =    152740.8227
 EELEC  =  -1651974.2901  EHBOND  =         0.0000  RESTRAINT  =         0.0000
 EKCMT  =    112324.2044  VIRIAL  =    109004.5143  VOLUME     =   4335561.5489
                                                    Density    =         1.0086
 ------------------------------------------------------------------------------


 NSTEP = 23200000   TIME(PS) =  146975.000  TEMP(K) =   299.63  PRESS =    -2.4
 Etot   =  -1017603.3028  EKtot   =    262894.9062  EPtot      =  -1280498.2091
 BOND   =     10492.7205  ANGLE   =     28028.9197  DIHED      =     32674.4688
 1-4 NB =     12408.1330  1-4 EEL =    135158.4949  VDWAALS    =    152399.5868
 EELEC  =  -1651660.5327  EHBOND  =         0.0000  RESTRAINT  =         0.0000
 EKCMT  =    112271.5584  VIRIAL  =    112500.1887  VOLUME     =   4332344.8915
                                                    Density    =         1.0093
 ------------------------------------------------------------------------------


 NSTEP = 23250000   TIME(PS) =  147075.000  TEMP(K) =   300.25  PRESS =    46.1
 Etot   =  -1017393.1038  EKtot   =    263435.5000  EPtot      =  -1280828.6038
 BOND   =     10572.5624  ANGLE   =     28024.4608  DIHED      =     32700.0932
 1-4 NB =     12274.5085  1-4 EEL =    135232.1613  VDWAALS    =    153334.7426
 EELEC  =  -1652967.1325  EHBOND  =         0.0000  RESTRAINT  =         0.0000
 EKCMT  =    112042.0863  VIRIAL  =    107725.8303  VOLUME     =   4332634.8793
                                                    Density    =         1.0093
 ------------------------------------------------------------------------------


 NSTEP = 23300000   TIME(PS) =  147175.000  TEMP(K) =   300.62  PRESS =    21.3
 Etot   =  -1017474.7320  EKtot   =    263764.4062  EPtot      =  -1281239.1383
 BOND   =     10504.4827  ANGLE   =     28090.7757  DIHED      =     32750.9641
 1-4 NB =     12397.9368  1-4 EEL =    135021.1275  VDWAALS    =    153154.1210
 EELEC  =  -1653158.5461  EHBOND  =         0.0000  RESTRAINT  =         0.0000
 EKCMT  =    112334.3825  VIRIAL  =    110343.3407  VOLUME     =   4332968.1839
                                                    Density    =         1.0092
 ------------------------------------------------------------------------------


 NSTEP = 23350000   TIME(PS) =  147275.000  TEMP(K) =   300.19  PRESS =    82.7
 Etot   =  -1016791.9090  EKtot   =    263383.2812  EPtot      =  -1280175.1903
 BOND   =     10691.4886  ANGLE   =     28045.6901  DIHED      =     32642.7100
 1-4 NB =     12371.8370  1-4 EEL =    135040.8238  VDWAALS    =    152904.2150
 EELEC  =  -1651871.9547  EHBOND  =         0.0000  RESTRAINT  =         0.0000
 EKCMT  =    112028.0354  VIRIAL  =    104294.3094  VOLUME     =   4330190.6454
                                                    Density    =         1.0098
 ------------------------------------------------------------------------------


 NSTEP = 23400000   TIME(PS) =  147375.000  TEMP(K) =   300.89  PRESS =   -31.1
 Etot   =  -1016408.2083  EKtot   =    263997.3438  EPtot      =  -1280405.5520
 BOND   =     10373.1004  ANGLE   =     27838.7808  DIHED      =     32826.3944
 1-4 NB =     12350.3549  1-4 EEL =    134948.8615  VDWAALS    =    152271.0084
 EELEC  =  -1651014.0524  EHBOND  =         0.0000  RESTRAINT  =         0.0000
 EKCMT  =    112472.5286  VIRIAL  =    115381.3314  VOLUME     =   4333087.7347
                                                    Density    =         1.0092
 ------------------------------------------------------------------------------


 NSTEP = 23450000   TIME(PS) =  147475.000  TEMP(K) =   299.34  PRESS =    20.4
 Etot   =  -1017835.2188  EKtot   =    262645.4375  EPtot      =  -1280480.6563
 BOND   =     10412.6708  ANGLE   =     27751.6991  DIHED      =     32703.1902
 1-4 NB =     12384.4652  1-4 EEL =    135034.5477  VDWAALS    =    152437.9546
 EELEC  =  -1651205.1840  EHBOND  =         0.0000  RESTRAINT  =         0.0000
 EKCMT  =    111952.2576  VIRIAL  =    110048.6393  VOLUME     =   4332048.5039
                                                    Density    =         1.0094
 ------------------------------------------------------------------------------


 NSTEP = 23500000   TIME(PS) =  147575.000  TEMP(K) =   299.65  PRESS =   -27.4
 Etot   =  -1017355.8797  EKtot   =    262913.0000  EPtot      =  -1280268.8797
 BOND   =     10459.3870  ANGLE   =     27838.5288  DIHED      =     32562.7530
 1-4 NB =     12414.1307  1-4 EEL =    134884.2474  VDWAALS    =    152616.2177
 EELEC  =  -1651044.1442  EHBOND  =         0.0000  RESTRAINT  =         0.0000
 EKCMT  =    111743.3073  VIRIAL  =    114303.1261  VOLUME     =   4333479.1325
                                                    Density    =         1.0091
 ------------------------------------------------------------------------------


 NSTEP = 23550000   TIME(PS) =  147675.000  TEMP(K) =   299.51  PRESS =    20.9
 Etot   =  -1017958.3760  EKtot   =    262793.7812  EPtot      =  -1280752.1572
 BOND   =     10424.7885  ANGLE   =     27978.2354  DIHED      =     32563.7029
 1-4 NB =     12305.5110  1-4 EEL =    134873.1220  VDWAALS    =    152827.0855
 EELEC  =  -1651724.6024  EHBOND  =         0.0000  RESTRAINT  =         0.0000
 EKCMT  =    111879.3562  VIRIAL  =    109921.3568  VOLUME     =   4330002.7071
                                                    Density    =         1.0099
 ------------------------------------------------------------------------------


 NSTEP = 23600000   TIME(PS) =  147775.000  TEMP(K) =   299.69  PRESS =    15.3
 Etot   =  -1017108.4166  EKtot   =    262946.8438  EPtot      =  -1280055.2604
 BOND   =     10525.0291  ANGLE   =     27861.2853  DIHED      =     32640.7248
 1-4 NB =     12332.5821  1-4 EEL =    134874.9246  VDWAALS    =    152079.3238
 EELEC  =  -1650369.1301  EHBOND  =         0.0000  RESTRAINT  =         0.0000
 EKCMT  =    111909.3962  VIRIAL  =    110479.8009  VOLUME     =   4334710.8482
                                                    Density    =         1.0088
 ------------------------------------------------------------------------------


 NSTEP = 23650000   TIME(PS) =  147875.000  TEMP(K) =   300.23  PRESS =    54.4
 Etot   =  -1016917.3258  EKtot   =    263424.6562  EPtot      =  -1280341.9820
 BOND   =     10403.8363  ANGLE   =     28055.7834  DIHED      =     32651.3081
 1-4 NB =     12352.4356  1-4 EEL =    135026.6016  VDWAALS    =    153556.3190
 EELEC  =  -1652388.2659  EHBOND  =         0.0000  RESTRAINT  =         0.0000
 EKCMT  =    112124.9748  VIRIAL  =    107033.4331  VOLUME     =   4334608.3656
                                                    Density    =         1.0088
 ------------------------------------------------------------------------------


 NSTEP = 23700000   TIME(PS) =  147975.000  TEMP(K) =   299.80  PRESS =    47.3
 Etot   =  -1016934.1311  EKtot   =    263043.4062  EPtot      =  -1279977.5374
 BOND   =     10380.4026  ANGLE   =     27701.9918  DIHED      =     32715.7484
 1-4 NB =     12359.4332  1-4 EEL =    135114.9140  VDWAALS    =    151806.9240
 EELEC  =  -1650056.9514  EHBOND  =         0.0000  RESTRAINT  =         0.0000
 EKCMT  =    112191.4559  VIRIAL  =    107758.8374  VOLUME     =   4336082.1468
                                                    Density    =         1.0085
 ------------------------------------------------------------------------------


 NSTEP = 23750000   TIME(PS) =  148075.000  TEMP(K) =   299.93  PRESS =   -53.6
 Etot   =  -1017444.6787  EKtot   =    263155.4375  EPtot      =  -1280600.1162
 BOND   =     10392.6291  ANGLE   =     28099.3893  DIHED      =     32712.3025
 1-4 NB =     12356.3505  1-4 EEL =    134833.8515  VDWAALS    =    152461.5985
 EELEC  =  -1651456.2376  EHBOND  =         0.0000  RESTRAINT  =         0.0000
 EKCMT  =    112251.6048  VIRIAL  =    117263.6615  VOLUME     =   4332651.0707
                                                    Density    =         1.0093
 ------------------------------------------------------------------------------


 NSTEP = 23800000   TIME(PS) =  148175.000  TEMP(K) =   299.99  PRESS =   -47.8
 Etot   =  -1017353.6995  EKtot   =    263212.3125  EPtot      =  -1280566.0120
 BOND   =     10400.2973  ANGLE   =     27805.7006  DIHED      =     32646.4526
 1-4 NB =     12331.1562  1-4 EEL =    135085.6368  VDWAALS    =    152214.3228
 EELEC  =  -1651049.5784  EHBOND  =         0.0000  RESTRAINT  =         0.0000
 EKCMT  =    112338.5276  VIRIAL  =    116807.1359  VOLUME     =   4330547.2726
                                                    Density    =         1.0098
 ------------------------------------------------------------------------------


 NSTEP = 23850000   TIME(PS) =  148275.000  TEMP(K) =   300.36  PRESS =   -73.6
 Etot   =  -1017488.6038  EKtot   =    263533.4375  EPtot      =  -1281022.0413
 BOND   =     10510.5057  ANGLE   =     28038.7220  DIHED      =     32576.6703
 1-4 NB =     12395.3525  1-4 EEL =    134972.1102  VDWAALS    =    152521.9219
 EELEC  =  -1652037.3237  EHBOND  =         0.0000  RESTRAINT  =         0.0000
 EKCMT  =    112247.8751  VIRIAL  =    119132.6862  VOLUME     =   4331819.5832
                                                    Density    =         1.0095
 ------------------------------------------------------------------------------


 NSTEP = 23900000   TIME(PS) =  148375.000  TEMP(K) =   300.90  PRESS =    44.9
 Etot   =  -1016454.4994  EKtot   =    264007.5312  EPtot      =  -1280462.0307
 BOND   =     10591.2724  ANGLE   =     27755.6639  DIHED      =     32497.6632
 1-4 NB =     12355.0316  1-4 EEL =    135174.1267  VDWAALS    =    153204.7852
 EELEC  =  -1652040.5738  EHBOND  =         0.0000  RESTRAINT  =         0.0000
 EKCMT  =    112474.7401  VIRIAL  =    108275.9824  VOLUME     =   4334895.6555
                                                    Density    =         1.0087
 ------------------------------------------------------------------------------


 NSTEP = 23950000   TIME(PS) =  148475.000  TEMP(K) =   300.20  PRESS =   -48.7
 Etot   =  -1017977.7814  EKtot   =    263395.0625  EPtot      =  -1281372.8439
 BOND   =     10424.5385  ANGLE   =     27919.4141  DIHED      =     32639.3990
 1-4 NB =     12312.6428  1-4 EEL =    134993.7699  VDWAALS    =    151854.5761
 EELEC  =  -1651517.1843  EHBOND  =         0.0000  RESTRAINT  =         0.0000
 EKCMT  =    112117.2969  VIRIAL  =    116669.0293  VOLUME     =   4331978.0530
                                                    Density    =         1.0094
 ------------------------------------------------------------------------------


 NSTEP = 24000000   TIME(PS) =  148575.000  TEMP(K) =   301.06  PRESS =    45.0
 Etot   =  -1015660.6279  EKtot   =    264149.5000  EPtot      =  -1279810.1279
 BOND   =     10411.8086  ANGLE   =     28294.1216  DIHED      =     32546.7182
 1-4 NB =     12439.8529  1-4 EEL =    134886.5669  VDWAALS    =    152339.4498
 EELEC  =  -1650728.6458  EHBOND  =         0.0000  RESTRAINT  =         0.0000
 EKCMT  =    112437.7740  VIRIAL  =    108225.9055  VOLUME     =   4335733.5173
                                                    Density    =         1.0085
 ------------------------------------------------------------------------------


 NSTEP = 24050000   TIME(PS) =  148675.000  TEMP(K) =   299.65  PRESS =  -106.4
 Etot   =  -1017673.8940  EKtot   =    262910.0312  EPtot      =  -1280583.9252
 BOND   =     10505.2819  ANGLE   =     27810.0919  DIHED      =     32526.1030
 1-4 NB =     12310.7512  1-4 EEL =    135111.5873  VDWAALS    =    152478.7626
 EELEC  =  -1651326.5031  EHBOND  =         0.0000  RESTRAINT  =         0.0000
 EKCMT  =    111689.7573  VIRIAL  =    121653.9393  VOLUME     =   4336245.1619
                                                    Density    =         1.0084
 ------------------------------------------------------------------------------


 NSTEP = 24100000   TIME(PS) =  148775.000  TEMP(K) =   299.97  PRESS =    22.2
 Etot   =  -1016817.3847  EKtot   =    263197.0625  EPtot      =  -1280014.4472
 BOND   =     10583.9409  ANGLE   =     27949.3708  DIHED      =     32699.4368
 1-4 NB =     12347.3925  1-4 EEL =    134988.4956  VDWAALS    =    152829.0227
 EELEC  =  -1651412.1065  EHBOND  =         0.0000  RESTRAINT  =         0.0000
 EKCMT  =    112244.2666  VIRIAL  =    110171.0964  VOLUME     =   4334791.9372
                                                    Density    =         1.0088
 ------------------------------------------------------------------------------


 NSTEP = 24150000   TIME(PS) =  148875.000  TEMP(K) =   300.55  PRESS =    56.2
 Etot   =  -1016689.8983  EKtot   =    263702.9375  EPtot      =  -1280392.8358
 BOND   =     10552.9850  ANGLE   =     27734.7684  DIHED      =     32732.8028
 1-4 NB =     12389.2428  1-4 EEL =    135001.8469  VDWAALS    =    152391.9519
 EELEC  =  -1651196.4336  EHBOND  =         0.0000  RESTRAINT  =         0.0000
 EKCMT  =    112274.0117  VIRIAL  =    107017.1900  VOLUME     =   4334006.3028
                                                    Density    =         1.0089
 ------------------------------------------------------------------------------


 NSTEP = 24200000   TIME(PS) =  148975.000  TEMP(K) =   299.59  PRESS =   -73.0
 Etot   =  -1017859.4162  EKtot   =    262860.7812  EPtot      =  -1280720.1974
 BOND   =     10511.5518  ANGLE   =     27915.6567  DIHED      =     32629.5061
 1-4 NB =     12379.0691  1-4 EEL =    134914.8490  VDWAALS    =    151634.8697
 EELEC  =  -1650705.6997  EHBOND  =         0.0000  RESTRAINT  =         0.0000
 EKCMT  =    111685.8902  VIRIAL  =    118519.2538  VOLUME     =   4332662.0937
                                                    Density    =         1.0093
 ------------------------------------------------------------------------------


 NSTEP = 24250000   TIME(PS) =  149075.000  TEMP(K) =   299.57  PRESS =    10.9
 Etot   =  -1017886.4966  EKtot   =    262839.3125  EPtot      =  -1280725.8091
 BOND   =     10496.5663  ANGLE   =     27853.2787  DIHED      =     32739.9898
 1-4 NB =     12441.6954  1-4 EEL =    135115.6298  VDWAALS    =    152555.1980
 EELEC  =  -1651928.1671  EHBOND  =         0.0000  RESTRAINT  =         0.0000
 EKCMT  =    111734.6418  VIRIAL  =    110718.4713  VOLUME     =   4334282.2857
                                                    Density    =         1.0089
 ------------------------------------------------------------------------------


 NSTEP = 24300000   TIME(PS) =  149175.000  TEMP(K) =   299.77  PRESS =   -56.3
 Etot   =  -1017486.6646  EKtot   =    263017.8125  EPtot      =  -1280504.4771
 BOND   =     10516.0637  ANGLE   =     27866.4718  DIHED      =     32709.0788
 1-4 NB =     12322.2198  1-4 EEL =    134946.3621  VDWAALS    =    152798.4515
 EELEC  =  -1651663.1248  EHBOND  =         0.0000  RESTRAINT  =         0.0000
 EKCMT  =    111755.6815  VIRIAL  =    117021.4834  VOLUME     =   4333908.5247
                                                    Density    =         1.0090
 ------------------------------------------------------------------------------


 NSTEP = 24350000   TIME(PS) =  149275.000  TEMP(K) =   299.53  PRESS =    32.1
 Etot   =  -1017450.5984  EKtot   =    262806.1250  EPtot      =  -1280256.7234
 BOND   =     10532.2557  ANGLE   =     27783.5901  DIHED      =     32582.6195
 1-4 NB =     12380.2534  1-4 EEL =    135196.5164  VDWAALS    =    152924.3997
 EELEC  =  -1651656.3582  EHBOND  =         0.0000  RESTRAINT  =         0.0000
 EKCMT  =    112316.6789  VIRIAL  =    109310.6381  VOLUME     =   4334247.8540
                                                    Density    =         1.0089
 ------------------------------------------------------------------------------


 NSTEP = 24400000   TIME(PS) =  149375.000  TEMP(K) =   300.47  PRESS =     2.8
 Etot   =  -1016436.6825  EKtot   =    263631.4375  EPtot      =  -1280068.1200
 BOND   =     10553.0722  ANGLE   =     27925.0663  DIHED      =     32607.1300
 1-4 NB =     12400.3664  1-4 EEL =    134936.5739  VDWAALS    =    152548.0632
 EELEC  =  -1651038.3921  EHBOND  =         0.0000  RESTRAINT  =         0.0000
 EKCMT  =    112523.9169  VIRIAL  =    112257.3222  VOLUME     =   4333216.0232
                                                    Density    =         1.0091
 ------------------------------------------------------------------------------


 NSTEP = 24450000   TIME(PS) =  149475.000  TEMP(K) =   300.33  PRESS =   -11.7
 Etot   =  -1017063.2372  EKtot   =    263509.8438  EPtot      =  -1280573.0809
 BOND   =     10466.8204  ANGLE   =     27812.2979  DIHED      =     32771.9258
 1-4 NB =     12397.3178  1-4 EEL =    135020.2598  VDWAALS    =    151990.1083
 EELEC  =  -1651031.8110  EHBOND  =         0.0000  RESTRAINT  =         0.0000
 EKCMT  =    112273.6940  VIRIAL  =    113364.7114  VOLUME     =   4333942.5902
                                                    Density    =         1.0090
 ------------------------------------------------------------------------------


 NSTEP = 24500000   TIME(PS) =  149575.000  TEMP(K) =   299.67  PRESS =   -24.5
 Etot   =  -1017993.6960  EKtot   =    262927.2812  EPtot      =  -1280920.9773
 BOND   =     10568.4764  ANGLE   =     28066.6298  DIHED      =     32704.1340
 1-4 NB =     12382.4318  1-4 EEL =    135313.2633  VDWAALS    =    152760.8161
 EELEC  =  -1652716.7287  EHBOND  =         0.0000  RESTRAINT  =         0.0000
 EKCMT  =    111990.1068  VIRIAL  =    114286.0304  VOLUME     =   4332061.9889
                                                    Density    =         1.0094
 ------------------------------------------------------------------------------


 NSTEP = 24550000   TIME(PS) =  149675.000  TEMP(K) =   299.77  PRESS =   -68.9
 Etot   =  -1017178.0776  EKtot   =    263018.8438  EPtot      =  -1280196.9214
 BOND   =     10588.3339  ANGLE   =     27990.4317  DIHED      =     32591.0214
 1-4 NB =     12360.4732  1-4 EEL =    134869.0786  VDWAALS    =    151871.0158
 EELEC  =  -1650467.2760  EHBOND  =         0.0000  RESTRAINT  =         0.0000
 EKCMT  =    112057.6912  VIRIAL  =    118500.5565  VOLUME     =   4333711.2018
                                                    Density    =         1.0090
 ------------------------------------------------------------------------------


 NSTEP = 24600000   TIME(PS) =  149775.000  TEMP(K) =   299.73  PRESS =   -49.8
 Etot   =  -1017585.2078  EKtot   =    262983.1875  EPtot      =  -1280568.3953
 BOND   =     10497.8491  ANGLE   =     27658.3591  DIHED      =     32563.3851
 1-4 NB =     12361.2083  1-4 EEL =    135323.7195  VDWAALS    =    152669.8523
 EELEC  =  -1651642.7688  EHBOND  =         0.0000  RESTRAINT  =         0.0000
 EKCMT  =    112051.8975  VIRIAL  =    116715.9322  VOLUME     =   4333816.1896
                                                    Density    =         1.0090
 ------------------------------------------------------------------------------


 NSTEP = 24650000   TIME(PS) =  149875.000  TEMP(K) =   300.23  PRESS =    31.0
 Etot   =  -1017077.2685  EKtot   =    263422.8750  EPtot      =  -1280500.1435
 BOND   =     10334.3106  ANGLE   =     27703.9966  DIHED      =     32703.6036
 1-4 NB =     12384.2663  1-4 EEL =    135092.4276  VDWAALS    =    152648.5342
 EELEC  =  -1651367.2824  EHBOND  =         0.0000  RESTRAINT  =         0.0000
 EKCMT  =    112480.2998  VIRIAL  =    109575.8817  VOLUME     =   4335317.7243
                                                    Density    =         1.0086
 ------------------------------------------------------------------------------


 NSTEP = 24700000   TIME(PS) =  149975.000  TEMP(K) =   299.76  PRESS =    40.7
 Etot   =  -1018162.1341  EKtot   =    263012.5938  EPtot      =  -1281174.7278
 BOND   =     10507.8824  ANGLE   =     27784.4740  DIHED      =     32730.0186
 1-4 NB =     12426.8205  1-4 EEL =    134964.7932  VDWAALS    =    153134.4160
 EELEC  =  -1652723.1325  EHBOND  =         0.0000  RESTRAINT  =         0.0000
 EKCMT  =    111734.8768  VIRIAL  =    107931.8688  VOLUME     =   4332940.4570
                                                    Density    =         1.0092
 ------------------------------------------------------------------------------


 NSTEP = 24750000   TIME(PS) =  150075.000  TEMP(K) =   300.36  PRESS =    35.3
 Etot   =  -1017258.3639  EKtot   =    263533.9375  EPtot      =  -1280792.3014
 BOND   =     10551.7221  ANGLE   =     27869.3607  DIHED      =     32714.3312
 1-4 NB =     12371.2187  1-4 EEL =    135093.1242  VDWAALS    =    152763.5056
 EELEC  =  -1652155.5640  EHBOND  =         0.0000  RESTRAINT  =         0.0000
 EKCMT  =    112008.4909  VIRIAL  =    108704.2514  VOLUME     =   4332239.7097
                                                    Density    =         1.0094
 ------------------------------------------------------------------------------


 NSTEP = 24800000   TIME(PS) =  150175.000  TEMP(K) =   299.66  PRESS =    21.1
 Etot   =  -1017123.4710  EKtot   =    262920.3750  EPtot      =  -1280043.8460
 BOND   =     10578.6464  ANGLE   =     27938.8655  DIHED      =     32740.2995
 1-4 NB =     12450.4905  1-4 EEL =    135152.0615  VDWAALS    =    152603.8762
 EELEC  =  -1651508.0856  EHBOND  =         0.0000  RESTRAINT  =         0.0000
 EKCMT  =    112137.8638  VIRIAL  =    110162.8964  VOLUME     =   4337214.9698
                                                    Density    =         1.0082
 ------------------------------------------------------------------------------


 NSTEP = 24850000   TIME(PS) =  150275.000  TEMP(K) =   299.84  PRESS =   -88.0
 Etot   =  -1017262.8624  EKtot   =    263082.5938  EPtot      =  -1280345.4562
 BOND   =     10450.9948  ANGLE   =     27860.3731  DIHED      =     32629.0121
 1-4 NB =     12419.0337  1-4 EEL =    135290.2033  VDWAALS    =    151444.4622
 EELEC  =  -1650439.5354  EHBOND  =         0.0000  RESTRAINT  =         0.0000
 EKCMT  =    111816.6521  VIRIAL  =    120049.4123  VOLUME     =   4332146.3792
                                                    Density    =         1.0094
 ------------------------------------------------------------------------------


 NSTEP = 24900000   TIME(PS) =  150375.000  TEMP(K) =   300.39  PRESS =   -39.7
 Etot   =  -1018020.4054  EKtot   =    263562.5000  EPtot      =  -1281582.9054
 BOND   =     10580.3222  ANGLE   =     27860.9813  DIHED      =     32620.1849
 1-4 NB =     12400.8314  1-4 EEL =    135109.4661  VDWAALS    =    152185.7366
 EELEC  =  -1652340.4280  EHBOND  =         0.0000  RESTRAINT  =         0.0000
 EKCMT  =    112194.8507  VIRIAL  =    115909.6157  VOLUME     =   4331158.4975
                                                    Density    =         1.0096
 ------------------------------------------------------------------------------


 NSTEP = 24950000   TIME(PS) =  150475.000  TEMP(K) =   300.21  PRESS =    19.7
 Etot   =  -1017525.5462  EKtot   =    263400.3750  EPtot      =  -1280925.9212
 BOND   =     10441.0058  ANGLE   =     27788.0468  DIHED      =     32614.1690
 1-4 NB =     12279.1325  1-4 EEL =    135024.9463  VDWAALS    =    153088.6416
 EELEC  =  -1652161.8633  EHBOND  =         0.0000  RESTRAINT  =         0.0000
 EKCMT  =    112127.4554  VIRIAL  =    110281.3990  VOLUME     =   4333493.1486
                                                    Density    =         1.0091
 ------------------------------------------------------------------------------


 NSTEP = 25000000   TIME(PS) =  150575.000  TEMP(K) =   300.08  PRESS =    43.4
 Etot   =  -1017630.6587  EKtot   =    263294.6250  EPtot      =  -1280925.2837
 BOND   =     10608.5371  ANGLE   =     28072.9625  DIHED      =     32551.8905
 1-4 NB =     12318.1322  1-4 EEL =    134998.4185  VDWAALS    =    153004.1960
 EELEC  =  -1652479.4205  EHBOND  =         0.0000  RESTRAINT  =         0.0000
 EKCMT  =    112106.7280  VIRIAL  =    108044.6532  VOLUME     =   4334443.4354
                                                    Density    =         1.0088
 ------------------------------------------------------------------------------


      A V E R A G E S   O V E R     500 S T E P S


 NSTEP = 25000000   TIME(PS) =  150575.000  TEMP(K) =   300.06  PRESS =     0.4
 Etot   =  -1017373.5933  EKtot   =    263270.1161  EPtot      =  -1280643.7094
 BOND   =     10472.3773  ANGLE   =     27906.3838  DIHED      =     32679.6597
 1-4 NB =     12377.4878  1-4 EEL =    135110.4206  VDWAALS    =    152591.2525
 EELEC  =  -1651781.2912  EHBOND  =         0.0000  RESTRAINT  =         0.0000
 EKCMT  =    112152.0299  VIRIAL  =    112119.1119  VOLUME     =   4333293.9026
                                                    Density    =         1.0091
 ------------------------------------------------------------------------------


      R M S  F L U C T U A T I O N S


 NSTEP = 25000000   TIME(PS) =  150575.000  TEMP(K) =     0.42  PRESS =    48.1
 Etot   =       681.8063  EKtot   =       368.0879  EPtot      =       554.4088
 BOND   =        86.1669  ANGLE   =       127.2699  DIHED      =        79.2109
 1-4 NB =        45.2619  1-4 EEL =       153.5980  VDWAALS    =       540.2782
 EELEC  =       893.4523  EHBOND  =         0.0000  RESTRAINT  =         0.0000
 EKCMT  =       245.5805  VIRIAL  =      4505.7032  VOLUME     =      1679.6816
                                                    Density    =         0.0004
 ------------------------------------------------------------------------------

--------------------------------------------------------------------------------
   5.  TIMINGS
--------------------------------------------------------------------------------

|  NonSetup CPU Time in Major Routines:
|
|     Routine           Sec        %
|     ------------------------------
|     Nonbond      189032.21   73.48
|     Bond              0.00    0.00
|     Angle             0.00    0.00
|     Dihedral          0.00    0.00
|     Shake           184.54    0.07
|     RunMD         67992.43   26.43
|     Other            49.03    0.02
|     ------------------------------
|     Total        257258.20

|  PME Nonbond Pairlist CPU Time:
|
|     Routine              Sec        %
|     ---------------------------------
|     Set Up Cit           0.00    0.00
|     Build List           0.00    0.00
|     ---------------------------------
|     Total                0.00    0.00

|  PME Direct Force CPU Time:
|
|     Routine              Sec        %
|     ---------------------------------
|     NonBonded Calc       0.00    0.00
|     Exclude Masked       0.00    0.00
|     Other               26.98    0.01
|     ---------------------------------
|     Total               26.98    0.01

|  PME Reciprocal Force CPU Time:
|
|     Routine              Sec        %
|     ---------------------------------
|     1D bspline           0.00    0.00
|     Grid Charges         0.00    0.00
|     Scalar Sum           0.00    0.00
|     Gradient Sum         0.00    0.00
|     FFT                  0.00    0.00
|     ---------------------------------
|     Total                0.00    0.00

|  Final Performance Info:
|     -----------------------------------------------------
|     Average timings for last       1 steps:
|     Elapsed(s) =       0.00 Per Step(ms) =       0.20
|         ns/day =     867.39   seconds/ns =      99.61
|
|     Average timings for all steps:
|     Elapsed(s) =  257357.63 Per Step(ms) =      10.29
|         ns/day =      16.79   seconds/ns =    5147.15
|     -----------------------------------------------------

|  Setup CPU time:            2.87 seconds
|  NonSetup CPU time:    257258.20 seconds
|  Total CPU time:       257261.07 seconds    71.46 hours

|  Setup wall time:           2    seconds
|  NonSetup wall time:   257358    seconds
|  Total wall time:      257360    seconds    71.49 hours
