
          -------------------------------------------------------
          Amber 22 PMEMD                              2022
          -------------------------------------------------------

| PMEMD implementation of SANDER, Release 22

|  Compiled date/time: Thu Apr 14 23:06:37 2022
| Run on 03/20/2025 at 10:18:37

|   Executable path: /usr/local/amber22/bin/pmemd.cuda
| Working directory: /home/zuh/Working/nizakat/FMDV-VLP/FMDV/prod
|          Hostname: Unknown
  [-O]verwriting output

File Assignments:
|   MDIN: prod.in                                                               
|  MDOUT: prod.out                                                              
| INPCRD: equil.rst                                                             
|   PARM: comp_solvated.prmtop                                                  
| RESTRT: prod1.rst                                                             
|   REFC: refc                                                                  
|  MDVEL: mdvel                                                                 
|   MDEN: mden                                                                  
|  MDCRD: prod1.mdcrd                                                           
| MDINFO: mdinfo                                                                
|  MDFRC: mdfrc                                                                 


 Here is the input file:

heat ras-raf                                                                   
 &cntrl                                                                        
  imin=0,irest=1,ntx=5,                                                        
  nstlim=25000000,dt=0.002,                                                    
  ntc=2,ntf=2,                                                                 
  cut=8.0, ntb=2, ntp=1, taup=2.0,                                             
  ntpr=50000, ntwx=50000,                                                      
  ntt=3, gamma_ln=2.0,                                                         
  temp0=300.0, ig=-1,                                                          
 /                                                                             
                                                                               


Note: ig = -1. Setting random seed to   346164 based on wallclock time in 
      microseconds.
| irandom = 1, using AMBER's internal random number generator (default).
 
|--------------------- INFORMATION ----------------------
| GPU (CUDA) Version of PMEMD in use: NVIDIA GPU IN USE.
|                    Version 18.0.0
| 
|                      03/25/2018
| 
| Implementation by:
|                    Ross C. Walker     (SDSC)
|                    Scott Le Grand     (nVIDIA)
| 
| Version 18 performance extensions by:
|                    David Cerutti     (Rutgers)
| 
| Precision model in use:
|      [SPFP] - Single Precision Forces, 64-bit Fixed Point
|               Accumulation. (Default)
| 
|--------------------------------------------------------
 
|----------------- CITATION INFORMATION -----------------
|
|    When publishing work that utilized the CUDA version
|    of AMBER, please cite the following in addition to
|    the regular AMBER citations:
|
|  - Romelia Salomon-Ferrer; Andreas W. Goetz; Duncan
|    Poole; Scott Le Grand; Ross C. Walker "Routine
|    microsecond molecular dynamics simulations with
|    AMBER - Part II: Particle Mesh Ewald", J. Chem.
|    Theory Comput., 2013, 9 (9), pp3878-3888,
|    DOI: 10.1021/ct400314y.
|
|  - Andreas W. Goetz; Mark J. Williamson; Dong Xu;
|    Duncan Poole; Scott Le Grand; Ross C. Walker
|    "Routine microsecond molecular dynamics simulations
|    with AMBER - Part I: Generalized Born", J. Chem.
|    Theory Comput., 2012, 8 (5), pp1542-1555.
|
|  - Scott Le Grand; Andreas W. Goetz; Ross C. Walker
|    "SPFP: Speed without compromise - a mixed precision
|    model for GPU accelerated molecular dynamics
|    simulations.", Comp. Phys. Comm., 2013, 184
|    pp374-380, DOI: 10.1016/j.cpc.2012.09.022
|
|--------------------------------------------------------
 
|------------------- GPU DEVICE INFO --------------------
|
|            CUDA_VISIBLE_DEVICES: not set
|   CUDA Capable Devices Detected:      1
|           CUDA Device ID in use:      0
|                CUDA Device Name: NVIDIA GeForce RTX 3060
|     CUDA Device Global Mem Size:  12036 MB
| CUDA Device Num Multiprocessors:     28
|           CUDA Device Core Freq:   1.81 GHz
|
|--------------------------------------------------------
 
 
| Conditional Compilation Defines Used:
| PUBFFT
| BINTRAJ
| CUDA
| EMIL

| Largest sphere to fit in unit cell has radius =    66.840

| New format PARM file being parsed.
| Version =    1.000 Date = 03/19/25 Time = 11:55:27

| Note: 1-4 EEL scale factors are being read from the topology file.

| Note: 1-4 VDW scale factors are being read from the topology file.
| Duplicated    0 dihedrals

| Duplicated    0 dihedrals

--------------------------------------------------------------------------------
   1.  RESOURCE   USE: 
--------------------------------------------------------------------------------

 getting box info from netcdf restart file
 NATOM  =  428063 NTYPES =      16 NBONH =  401133 MBONA  =   27565
 NTHETH =   59490 MTHETA =   37620 NPHIH =  118745 MPHIA  =   73110
 NHPARM =       0 NPARM  =       0 NNB   =  793424 NRES   =  128436
 NBONA  =   27565 NTHETA =   37620 NPHIA =   73110 NUMBND =      43
 NUMANG =      89 NPTRA  =      39 NATYP =      31 NPHB   =       0
 IFBOX  =       1 NMXRS  =      24 IFCAP =       0 NEXTRA =       0
 NCOPY  =       0

| Coordinate Index Table dimensions:    42   37   29
| Direct force subcell size =     4.5641    4.5854    4.6096

     BOX TYPE: RECTILINEAR

--------------------------------------------------------------------------------
   2.  CONTROL  DATA  FOR  THE  RUN
--------------------------------------------------------------------------------

default_name                                                                    

General flags:
     imin    =       0, nmropt  =       0

Nature and format of input:
     ntx     =       5, irest   =       1, ntrx    =       1

Nature and format of output:
     ntxo    =       2, ntpr    =   50000, ntrx    =       1, ntwr    =25000000
     iwrap   =       0, ntwx    =   50000, ntwv    =       0, ntwe    =       0
     ioutfm  =       1, ntwprt  =       0, idecomp =       0, rbornstat=      0

Potential function:
     ntf     =       2, ntb     =       2, igb     =       0, nsnb    =      25
     ipol    =       0, gbsa    =       0, iesp    =       0
     dielc   =   1.00000, cut     =   8.00000, intdiel =   1.00000

Frozen or restrained atoms:
     ibelly  =       0, ntr     =       0

Molecular dynamics:
     nstlim  =  25000000, nscm    =      1000, nrespa  =         1
     t       =   0.00000, dt      =   0.00200, vlimit  =  -1.00000

Langevin dynamics temperature regulation:
     ig      =  346164
     temp0   = 300.00000, tempi   =   0.00000, gamma_ln=   2.00000

Pressure regulation:
     ntp     =       1
     pres0   =   1.00000, comp    =  44.60000, taup    =   2.00000

SHAKE:
     ntc     =       2, jfastw  =       0
     tol     =   0.00001

| Intermolecular bonds treatment:
|     no_intermolecular_bonds =       1

| Energy averages sample interval:
|     ene_avg_sampling =   50000

Ewald parameters:
     verbose =       0, ew_type =       0, nbflag  =       1, use_pme =       1
     vdwmeth =       1, eedmeth =       1, netfrc  =       1
     Box X =  191.692   Box Y =  169.660   Box Z =  133.679
     Alpha =   90.000   Beta  =   90.000   Gamma =   90.000
     NFFT1 =  192       NFFT2 =  180       NFFT3 =  128
     Cutoff=    8.000   Tol   =0.100E-04
     Ewald Coefficient =  0.34864
     Interpolation order =    4

--------------------------------------------------------------------------------
   3.  ATOMIC COORDINATES AND VELOCITIES
--------------------------------------------------------------------------------

default_name                                                                    
 begin time read from input coords =   575.000 ps

 
 Number of triangulated 3-point waters found:   124946

     Sum of charges from parm topology file =  -0.00000163
     Forcing neutrality...

| Dynamic Memory, Types Used:
| Reals            16580047
| Integers         18005616

| Nonbonded Pairs Initial Allocation:    71497222

| GPU memory information (estimate):
| KB of GPU memory in use:   1430397
| KB of CPU memory in use:    609255

--------------------------------------------------------------------------------
   4.  RESULTS
--------------------------------------------------------------------------------


 NSTEP =    50000   TIME(PS) =     675.000  TEMP(K) =   299.44  PRESS =    78.3
 Etot   =  -1014214.7053  EKtot   =    262731.0000  EPtot      =  -1276945.7053
 BOND   =     10377.4113  ANGLE   =     27755.8344  DIHED      =     33882.2019
 1-4 NB =     12326.6307  1-4 EEL =    134779.4791  VDWAALS    =    153403.3485
 EELEC  =  -1649470.6113  EHBOND  =         0.0000  RESTRAINT  =         0.0000
 EKCMT  =    112007.8077  VIRIAL  =    104663.3455  VOLUME     =   4345169.3001
                                                    Density    =         1.0064
 ------------------------------------------------------------------------------


 NSTEP =   100000   TIME(PS) =     775.000  TEMP(K) =   299.57  PRESS =    54.9
 Etot   =  -1014321.5884  EKtot   =    262844.3438  EPtot      =  -1277165.9322
 BOND   =     10259.5334  ANGLE   =     27842.3525  DIHED      =     33801.7621
 1-4 NB =     12396.5581  1-4 EEL =    134716.1471  VDWAALS    =    152337.3847
 EELEC  =  -1648519.6701  EHBOND  =         0.0000  RESTRAINT  =         0.0000
 EKCMT  =    111961.4352  VIRIAL  =    106813.6099  VOLUME     =   4344540.5744
                                                    Density    =         1.0065
 ------------------------------------------------------------------------------


 NSTEP =   150000   TIME(PS) =     875.000  TEMP(K) =   300.87  PRESS =   -64.7
 Etot   =  -1012963.0388  EKtot   =    263980.9062  EPtot      =  -1276943.9450
 BOND   =     10416.5682  ANGLE   =     27826.0301  DIHED      =     33760.0811
 1-4 NB =     12377.3638  1-4 EEL =    134938.0308  VDWAALS    =    153103.1991
 EELEC  =  -1649365.2181  EHBOND  =         0.0000  RESTRAINT  =         0.0000
 EKCMT  =    112736.6260  VIRIAL  =    118803.1069  VOLUME     =   4344186.9300
                                                    Density    =         1.0066
 ------------------------------------------------------------------------------


 NSTEP =   200000   TIME(PS) =     975.000  TEMP(K) =   298.83  PRESS =    17.1
 Etot   =  -1015038.2645  EKtot   =    262194.5938  EPtot      =  -1277232.8583
 BOND   =     10305.5562  ANGLE   =     27773.1882  DIHED      =     33939.2394
 1-4 NB =     12457.7427  1-4 EEL =    134879.4850  VDWAALS    =    152372.0126
 EELEC  =  -1648960.0823  EHBOND  =         0.0000  RESTRAINT  =         0.0000
 EKCMT  =    111403.4534  VIRIAL  =    109797.6415  VOLUME     =   4341711.9526
                                                    Density    =         1.0072
 ------------------------------------------------------------------------------


 NSTEP =   250000   TIME(PS) =    1075.000  TEMP(K) =   300.04  PRESS =   -15.3
 Etot   =  -1013015.8519  EKtot   =    263258.5000  EPtot      =  -1276274.3519
 BOND   =     10668.3454  ANGLE   =     27776.4410  DIHED      =     33791.9846
 1-4 NB =     12332.3675  1-4 EEL =    134770.2535  VDWAALS    =    151702.8822
 EELEC  =  -1647316.6260  EHBOND  =         0.0000  RESTRAINT  =         0.0000
 EKCMT  =    112031.3315  VIRIAL  =    113468.8671  VOLUME     =   4341150.7961
                                                    Density    =         1.0073
 ------------------------------------------------------------------------------


 NSTEP =   300000   TIME(PS) =    1175.000  TEMP(K) =   300.14  PRESS =    -3.2
 Etot   =  -1013267.9820  EKtot   =    263347.0938  EPtot      =  -1276615.0757
 BOND   =     10506.5006  ANGLE   =     27784.9564  DIHED      =     33781.5780
 1-4 NB =     12421.2836  1-4 EEL =    134852.1214  VDWAALS    =    151955.7612
 EELEC  =  -1647917.2769  EHBOND  =         0.0000  RESTRAINT  =         0.0000
 EKCMT  =    112373.7547  VIRIAL  =    112678.5695  VOLUME     =   4344269.3227
                                                    Density    =         1.0066
 ------------------------------------------------------------------------------


 NSTEP =   350000   TIME(PS) =    1275.000  TEMP(K) =   299.18  PRESS =   -20.5
 Etot   =  -1014876.8189  EKtot   =    262503.0625  EPtot      =  -1277379.8814
 BOND   =     10465.1463  ANGLE   =     27808.0509  DIHED      =     33656.8463
 1-4 NB =     12317.1237  1-4 EEL =    134659.1107  VDWAALS    =    152476.8784
 EELEC  =  -1648763.0377  EHBOND  =         0.0000  RESTRAINT  =         0.0000
 EKCMT  =    111787.8268  VIRIAL  =    113709.7577  VOLUME     =   4341912.9547
                                                    Density    =         1.0071
 ------------------------------------------------------------------------------


 NSTEP =   400000   TIME(PS) =    1375.000  TEMP(K) =   299.53  PRESS =   -66.6
 Etot   =  -1014875.0622  EKtot   =    262807.2500  EPtot      =  -1277682.3122
 BOND   =     10508.1184  ANGLE   =     27939.1543  DIHED      =     33755.6173
 1-4 NB =     12332.6856  1-4 EEL =    134666.9872  VDWAALS    =    152780.6174
 EELEC  =  -1649665.4924  EHBOND  =         0.0000  RESTRAINT  =         0.0000
 EKCMT  =    111725.5293  VIRIAL  =    117970.5573  VOLUME     =   4342323.9831
                                                    Density    =         1.0070
 ------------------------------------------------------------------------------


 NSTEP =   450000   TIME(PS) =    1475.000  TEMP(K) =   299.44  PRESS =    29.6
 Etot   =  -1014940.0663  EKtot   =    262727.6875  EPtot      =  -1277667.7538
 BOND   =     10552.8966  ANGLE   =     27981.2670  DIHED      =     33736.6241
 1-4 NB =     12361.1792  1-4 EEL =    134722.5807  VDWAALS    =    153452.7921
 EELEC  =  -1650475.0935  EHBOND  =         0.0000  RESTRAINT  =         0.0000
 EKCMT  =    112009.6119  VIRIAL  =    109239.4520  VOLUME     =   4340365.1499
                                                    Density    =         1.0075
 ------------------------------------------------------------------------------


 NSTEP =   500000   TIME(PS) =    1575.000  TEMP(K) =   299.96  PRESS =   -10.0
 Etot   =  -1015586.7377  EKtot   =    263187.4062  EPtot      =  -1278774.1440
 BOND   =     10505.0765  ANGLE   =     27891.0054  DIHED      =     33621.6327
 1-4 NB =     12375.5336  1-4 EEL =    134757.8770  VDWAALS    =    152975.0050
 EELEC  =  -1650900.2741  EHBOND  =         0.0000  RESTRAINT  =         0.0000
 EKCMT  =    112170.9951  VIRIAL  =    113109.0721  VOLUME     =   4340881.5936
                                                    Density    =         1.0073
 ------------------------------------------------------------------------------


 NSTEP =   550000   TIME(PS) =    1675.000  TEMP(K) =   299.74  PRESS =    64.1
 Etot   =  -1014403.0577  EKtot   =    262994.0938  EPtot      =  -1277397.1515
 BOND   =     10511.4211  ANGLE   =     27862.8380  DIHED      =     33666.9193
 1-4 NB =     12360.1294  1-4 EEL =    134926.4137  VDWAALS    =    152490.6018
 EELEC  =  -1649215.4747  EHBOND  =         0.0000  RESTRAINT  =         0.0000
 EKCMT  =    112161.6725  VIRIAL  =    106157.2868  VOLUME     =   4341437.2055
                                                    Density    =         1.0072
 ------------------------------------------------------------------------------


 NSTEP =   600000   TIME(PS) =    1775.000  TEMP(K) =   300.34  PRESS =    41.3
 Etot   =  -1014774.8057  EKtot   =    263522.7188  EPtot      =  -1278297.5244
 BOND   =     10547.9659  ANGLE   =     27946.1086  DIHED      =     33555.1476
 1-4 NB =     12320.7936  1-4 EEL =    134715.2074  VDWAALS    =    152468.7609
 EELEC  =  -1649851.5084  EHBOND  =         0.0000  RESTRAINT  =         0.0000
 EKCMT  =    112612.0087  VIRIAL  =    108738.2038  VOLUME     =   4342652.5350
                                                    Density    =         1.0069
 ------------------------------------------------------------------------------


 NSTEP =   650000   TIME(PS) =    1875.000  TEMP(K) =   300.34  PRESS =    -7.5
 Etot   =  -1014834.0868  EKtot   =    263517.6250  EPtot      =  -1278351.7118
 BOND   =     10500.5937  ANGLE   =     27939.9662  DIHED      =     33605.6444
 1-4 NB =     12331.4419  1-4 EEL =    134853.9556  VDWAALS    =    152991.4294
 EELEC  =  -1650574.7429  EHBOND  =         0.0000  RESTRAINT  =         0.0000
 EKCMT  =    112390.0686  VIRIAL  =    113095.7150  VOLUME     =   4340837.9588
                                                    Density    =         1.0074
 ------------------------------------------------------------------------------


 NSTEP =   700000   TIME(PS) =    1975.000  TEMP(K) =   300.35  PRESS =   -20.0
 Etot   =  -1014290.7077  EKtot   =    263526.1562  EPtot      =  -1277816.8640
 BOND   =     10489.2305  ANGLE   =     27741.5288  DIHED      =     33649.3676
 1-4 NB =     12390.7603  1-4 EEL =    134843.4095  VDWAALS    =    152754.6374
 EELEC  =  -1649685.7980  EHBOND  =         0.0000  RESTRAINT  =         0.0000
 EKCMT  =    112287.3218  VIRIAL  =    114163.0506  VOLUME     =   4343677.7516
                                                    Density    =         1.0067
 ------------------------------------------------------------------------------


 NSTEP =   750000   TIME(PS) =    2075.000  TEMP(K) =   300.05  PRESS =   -22.9
 Etot   =  -1015964.8387  EKtot   =    263261.0000  EPtot      =  -1279225.8387
 BOND   =     10274.6572  ANGLE   =     27666.0948  DIHED      =     33593.9892
 1-4 NB =     12337.2250  1-4 EEL =    134665.1033  VDWAALS    =    152795.3225
 EELEC  =  -1650558.2306  EHBOND  =         0.0000  RESTRAINT  =         0.0000
 EKCMT  =    112263.9113  VIRIAL  =    114406.1957  VOLUME     =   4339990.9844
                                                    Density    =         1.0076
 ------------------------------------------------------------------------------


 NSTEP =   800000   TIME(PS) =    2175.000  TEMP(K) =   299.04  PRESS =     1.7
 Etot   =  -1015988.5036  EKtot   =    262378.8438  EPtot      =  -1278367.3473
 BOND   =     10365.8317  ANGLE   =     27607.6726  DIHED      =     33425.9560
 1-4 NB =     12489.9128  1-4 EEL =    134748.9966  VDWAALS    =    152047.0844
 EELEC  =  -1649052.8015  EHBOND  =         0.0000  RESTRAINT  =         0.0000
 EKCMT  =    111734.4774  VIRIAL  =    111576.9662  VOLUME     =   4337981.2550
                                                    Density    =         1.0080
 ------------------------------------------------------------------------------


 NSTEP =   850000   TIME(PS) =    2275.000  TEMP(K) =   299.93  PRESS =    86.7
 Etot   =  -1014559.2673  EKtot   =    263161.5938  EPtot      =  -1277720.8610
 BOND   =     10404.0189  ANGLE   =     27871.7577  DIHED      =     33631.6493
 1-4 NB =     12435.7997  1-4 EEL =    134551.5428  VDWAALS    =    152877.5567
 EELEC  =  -1649493.1861  EHBOND  =         0.0000  RESTRAINT  =         0.0000
 EKCMT  =    111978.4551  VIRIAL  =    103845.4026  VOLUME     =   4342167.6568
                                                    Density    =         1.0070
 ------------------------------------------------------------------------------


 NSTEP =   900000   TIME(PS) =    2375.000  TEMP(K) =   299.78  PRESS =   -35.0
 Etot   =  -1014648.5565  EKtot   =    263030.6562  EPtot      =  -1277679.2128
 BOND   =     10430.8450  ANGLE   =     27868.2170  DIHED      =     33647.2388
 1-4 NB =     12376.8653  1-4 EEL =    134824.3997  VDWAALS    =    151809.4101
 EELEC  =  -1648636.1886  EHBOND  =         0.0000  RESTRAINT  =         0.0000
 EKCMT  =    111978.8450  VIRIAL  =    115264.2048  VOLUME     =   4341451.3065
                                                    Density    =         1.0072
 ------------------------------------------------------------------------------


 NSTEP =   950000   TIME(PS) =    2475.000  TEMP(K) =   300.25  PRESS =     2.5
 Etot   =  -1014840.5114  EKtot   =    263441.9062  EPtot      =  -1278282.4176
 BOND   =     10593.0902  ANGLE   =     27778.7860  DIHED      =     33513.8065
 1-4 NB =     12349.2606  1-4 EEL =    134783.4276  VDWAALS    =    153594.0000
 EELEC  =  -1650894.7886  EHBOND  =         0.0000  RESTRAINT  =         0.0000
 EKCMT  =    112178.3224  VIRIAL  =    111947.8818  VOLUME     =   4339000.1715
                                                    Density    =         1.0078
 ------------------------------------------------------------------------------


 NSTEP =  1000000   TIME(PS) =    2575.000  TEMP(K) =   299.22  PRESS =    31.4
 Etot   =  -1015355.4988  EKtot   =    262533.5625  EPtot      =  -1277889.0613
 BOND   =     10523.4327  ANGLE   =     27933.9552  DIHED      =     33569.7005
 1-4 NB =     12375.5931  1-4 EEL =    134918.5488  VDWAALS    =    152928.7235
 EELEC  =  -1650139.0150  EHBOND  =         0.0000  RESTRAINT  =         0.0000
 EKCMT  =    111870.6805  VIRIAL  =    108934.3503  VOLUME     =   4337922.0117
                                                    Density    =         1.0080
 ------------------------------------------------------------------------------


 NSTEP =  1050000   TIME(PS) =    2675.000  TEMP(K) =   300.32  PRESS =   -70.1
 Etot   =  -1014170.8463  EKtot   =    263503.0000  EPtot      =  -1277673.8463
 BOND   =     10434.1509  ANGLE   =     27942.8536  DIHED      =     33617.1109
 1-4 NB =     12298.1939  1-4 EEL =    134767.6192  VDWAALS    =    152517.5103
 EELEC  =  -1649251.2850  EHBOND  =         0.0000  RESTRAINT  =         0.0000
 EKCMT  =    112246.8012  VIRIAL  =    118821.1990  VOLUME     =   4342310.7031
                                                    Density    =         1.0070
 ------------------------------------------------------------------------------


 NSTEP =  1100000   TIME(PS) =    2775.000  TEMP(K) =   299.59  PRESS =    -8.7
 Etot   =  -1015830.0048  EKtot   =    262864.0312  EPtot      =  -1278694.0361
 BOND   =     10532.7797  ANGLE   =     27782.6548  DIHED      =     33563.0793
 1-4 NB =     12325.9262  1-4 EEL =    134720.7432  VDWAALS    =    152909.5302
 EELEC  =  -1650528.7496  EHBOND  =         0.0000  RESTRAINT  =         0.0000
 EKCMT  =    112060.9560  VIRIAL  =    112872.2470  VOLUME     =   4337740.9538
                                                    Density    =         1.0081
 ------------------------------------------------------------------------------


 NSTEP =  1150000   TIME(PS) =    2875.000  TEMP(K) =   299.41  PRESS =   -24.9
 Etot   =  -1014548.2251  EKtot   =    262701.6562  EPtot      =  -1277249.8814
 BOND   =     10417.5590  ANGLE   =     27886.6361  DIHED      =     33632.1235
 1-4 NB =     12365.1400  1-4 EEL =    134741.5874  VDWAALS    =    153004.7159
 EELEC  =  -1649297.6433  EHBOND  =         0.0000  RESTRAINT  =         0.0000
 EKCMT  =    112249.5667  VIRIAL  =    114586.1351  VOLUME     =   4338177.1856
                                                    Density    =         1.0080
 ------------------------------------------------------------------------------


 NSTEP =  1200000   TIME(PS) =    2975.000  TEMP(K) =   300.51  PRESS =   -14.1
 Etot   =  -1014637.9742  EKtot   =    263664.1875  EPtot      =  -1278302.1617
 BOND   =     10432.7716  ANGLE   =     28015.9103  DIHED      =     33568.6836
 1-4 NB =     12317.8649  1-4 EEL =    134826.4258  VDWAALS    =    153230.0983
 EELEC  =  -1650693.9161  EHBOND  =         0.0000  RESTRAINT  =         0.0000
 EKCMT  =    112270.5106  VIRIAL  =    113587.8073  VOLUME     =   4342162.4578
                                                    Density    =         1.0070
 ------------------------------------------------------------------------------


 NSTEP =  1250000   TIME(PS) =    3075.000  TEMP(K) =   299.06  PRESS =   -17.6
 Etot   =  -1016599.4059  EKtot   =    262394.5000  EPtot      =  -1278993.9059
 BOND   =     10378.9089  ANGLE   =     27600.0818  DIHED      =     33569.1794
 1-4 NB =     12388.8579  1-4 EEL =    134973.2627  VDWAALS    =    153119.0199
 EELEC  =  -1651023.2165  EHBOND  =         0.0000  RESTRAINT  =         0.0000
 EKCMT  =    111719.9897  VIRIAL  =    113365.3002  VOLUME     =   4340928.5009
                                                    Density    =         1.0073
 ------------------------------------------------------------------------------


 NSTEP =  1300000   TIME(PS) =    3175.000  TEMP(K) =   299.50  PRESS =    75.1
 Etot   =  -1014373.1476  EKtot   =    262777.7812  EPtot      =  -1277150.9289
 BOND   =     10481.2708  ANGLE   =     27807.2975  DIHED      =     33699.0450
 1-4 NB =     12372.6580  1-4 EEL =    134580.6238  VDWAALS    =    153233.2123
 EELEC  =  -1649325.0361  EHBOND  =         0.0000  RESTRAINT  =         0.0000
 EKCMT  =    111995.9618  VIRIAL  =    104961.7343  VOLUME     =   4340066.9721
                                                    Density    =         1.0075
 ------------------------------------------------------------------------------


 NSTEP =  1350000   TIME(PS) =    3275.000  TEMP(K) =   299.88  PRESS =   -13.9
 Etot   =  -1014945.2319  EKtot   =    263116.6250  EPtot      =  -1278061.8569
 BOND   =     10545.3611  ANGLE   =     27833.1682  DIHED      =     33610.7378
 1-4 NB =     12393.6272  1-4 EEL =    134879.3711  VDWAALS    =    152994.5451
 EELEC  =  -1650318.6673  EHBOND  =         0.0000  RESTRAINT  =         0.0000
 EKCMT  =    112261.0684  VIRIAL  =    113560.9511  VOLUME     =   4342062.2295
                                                    Density    =         1.0071
 ------------------------------------------------------------------------------


 NSTEP =  1400000   TIME(PS) =    3375.000  TEMP(K) =   299.40  PRESS =    -3.1
 Etot   =  -1015075.6960  EKtot   =    262694.0938  EPtot      =  -1277769.7897
 BOND   =     10397.4935  ANGLE   =     27904.3578  DIHED      =     33647.2449
 1-4 NB =     12413.4592  1-4 EEL =    134920.1612  VDWAALS    =    152647.5534
 EELEC  =  -1649700.0597  EHBOND  =         0.0000  RESTRAINT  =         0.0000
 EKCMT  =    111994.5736  VIRIAL  =    112283.1083  VOLUME     =   4341624.3919
                                                    Density    =         1.0072
 ------------------------------------------------------------------------------


 NSTEP =  1450000   TIME(PS) =    3475.000  TEMP(K) =   299.65  PRESS =   -96.7
 Etot   =  -1015614.1203  EKtot   =    262914.5000  EPtot      =  -1278528.6203
 BOND   =     10498.2732  ANGLE   =     27756.3374  DIHED      =     33579.6088
 1-4 NB =     12475.6498  1-4 EEL =    135059.5792  VDWAALS    =    152492.4956
 EELEC  =  -1650390.5641  EHBOND  =         0.0000  RESTRAINT  =         0.0000
 EKCMT  =    112020.4720  VIRIAL  =    121088.8279  VOLUME     =   4342727.3897
                                                    Density    =         1.0069
 ------------------------------------------------------------------------------


 NSTEP =  1500000   TIME(PS) =    3575.000  TEMP(K) =   300.23  PRESS =    69.9
 Etot   =  -1014772.4515  EKtot   =    263417.7500  EPtot      =  -1278190.2015
 BOND   =     10558.1218  ANGLE   =     27953.1246  DIHED      =     33586.8877
 1-4 NB =     12320.9980  1-4 EEL =    134630.4179  VDWAALS    =    153446.5985
 EELEC  =  -1650686.3502  EHBOND  =         0.0000  RESTRAINT  =         0.0000
 EKCMT  =    112047.6704  VIRIAL  =    105497.7235  VOLUME     =   4340741.4243
                                                    Density    =         1.0074
 ------------------------------------------------------------------------------


 NSTEP =  1550000   TIME(PS) =    3675.000  TEMP(K) =   300.03  PRESS =   -38.5
 Etot   =  -1014304.6901  EKtot   =    263244.0312  EPtot      =  -1277548.7213
 BOND   =     10534.5799  ANGLE   =     27556.1439  DIHED      =     33526.0174
 1-4 NB =     12349.9499  1-4 EEL =    134993.9604  VDWAALS    =    153110.6673
 EELEC  =  -1649620.0402  EHBOND  =         0.0000  RESTRAINT  =         0.0000
 EKCMT  =    111715.0626  VIRIAL  =    115324.8480  VOLUME     =   4341238.7175
                                                    Density    =         1.0073
 ------------------------------------------------------------------------------


 NSTEP =  1600000   TIME(PS) =    3775.000  TEMP(K) =   300.02  PRESS =   -13.8
 Etot   =  -1014941.1935  EKtot   =    263234.5625  EPtot      =  -1278175.7560
 BOND   =     10459.0158  ANGLE   =     27949.4796  DIHED      =     33518.1792
 1-4 NB =     12357.3636  1-4 EEL =    134761.9540  VDWAALS    =    152701.3904
 EELEC  =  -1649923.1387  EHBOND  =         0.0000  RESTRAINT  =         0.0000
 EKCMT  =    112357.7114  VIRIAL  =    113651.2854  VOLUME     =   4342162.8724
                                                    Density    =         1.0070
 ------------------------------------------------------------------------------


 NSTEP =  1650000   TIME(PS) =    3875.000  TEMP(K) =   300.58  PRESS =    51.8
 Etot   =  -1015188.6768  EKtot   =    263731.4688  EPtot      =  -1278920.1456
 BOND   =     10453.5077  ANGLE   =     27854.6065  DIHED      =     33521.4291
 1-4 NB =     12396.6105  1-4 EEL =    135063.5947  VDWAALS    =    153720.2095
 EELEC  =  -1651930.1036  EHBOND  =         0.0000  RESTRAINT  =         0.0000
 EKCMT  =    112480.5276  VIRIAL  =    107624.1253  VOLUME     =   4340160.2462
                                                    Density    =         1.0075
 ------------------------------------------------------------------------------


 NSTEP =  1700000   TIME(PS) =    3975.000  TEMP(K) =   300.30  PRESS =    69.9
 Etot   =  -1014159.4523  EKtot   =    263480.6875  EPtot      =  -1277640.1398
 BOND   =     10477.1709  ANGLE   =     28137.4975  DIHED      =     33425.1614
 1-4 NB =     12318.1027  1-4 EEL =    134769.9585  VDWAALS    =    153482.9854
 EELEC  =  -1650251.0163  EHBOND  =         0.0000  RESTRAINT  =         0.0000
 EKCMT  =    112331.0344  VIRIAL  =    105784.5671  VOLUME     =   4338183.3305
                                                    Density    =         1.0080
 ------------------------------------------------------------------------------


 NSTEP =  1750000   TIME(PS) =    4075.000  TEMP(K) =   299.97  PRESS =   -19.5
 Etot   =  -1014513.4933  EKtot   =    263194.1875  EPtot      =  -1277707.6808
 BOND   =     10490.4809  ANGLE   =     27921.7408  DIHED      =     33486.7863
 1-4 NB =     12427.6915  1-4 EEL =    134908.0788  VDWAALS    =    152088.2735
 EELEC  =  -1649030.7325  EHBOND  =         0.0000  RESTRAINT  =         0.0000
 EKCMT  =    112278.6400  VIRIAL  =    114106.2055  VOLUME     =   4340549.1310
                                                    Density    =         1.0074
 ------------------------------------------------------------------------------


 NSTEP =  1800000   TIME(PS) =    4175.000  TEMP(K) =   300.44  PRESS =     5.3
 Etot   =  -1013682.3226  EKtot   =    263608.7188  EPtot      =  -1277291.0414
 BOND   =     10453.9066  ANGLE   =     28053.6931  DIHED      =     33372.9123
 1-4 NB =     12409.3633  1-4 EEL =    134844.1034  VDWAALS    =    152879.6686
 EELEC  =  -1649304.6887  EHBOND  =         0.0000  RESTRAINT  =         0.0000
 EKCMT  =    112342.9230  VIRIAL  =    111844.1621  VOLUME     =   4338420.3389
                                                    Density    =         1.0079
 ------------------------------------------------------------------------------


 NSTEP =  1850000   TIME(PS) =    4275.000  TEMP(K) =   299.41  PRESS =    22.8
 Etot   =  -1016008.1732  EKtot   =    262701.8438  EPtot      =  -1278710.0169
 BOND   =     10509.2390  ANGLE   =     27930.5446  DIHED      =     33565.0063
 1-4 NB =     12348.9428  1-4 EEL =    134967.8655  VDWAALS    =    153072.3190
 EELEC  =  -1651103.9340  EHBOND  =         0.0000  RESTRAINT  =         0.0000
 EKCMT  =    111753.7298  VIRIAL  =    109618.8426  VOLUME     =   4337477.4968
                                                    Density    =         1.0081
 ------------------------------------------------------------------------------


 NSTEP =  1900000   TIME(PS) =    4375.000  TEMP(K) =   300.25  PRESS =   -62.1
 Etot   =  -1015451.7688  EKtot   =    263439.1562  EPtot      =  -1278890.9250
 BOND   =     10430.5984  ANGLE   =     27770.9884  DIHED      =     33394.3152
 1-4 NB =     12385.9679  1-4 EEL =    134929.6852  VDWAALS    =    153559.8252
 EELEC  =  -1651362.3054  EHBOND  =         0.0000  RESTRAINT  =         0.0000
 EKCMT  =    112459.8229  VIRIAL  =    118277.2544  VOLUME     =   4341065.6108
                                                    Density    =         1.0073
 ------------------------------------------------------------------------------


 NSTEP =  1950000   TIME(PS) =    4475.000  TEMP(K) =   300.69  PRESS =    21.6
 Etot   =  -1014704.7697  EKtot   =    263825.8750  EPtot      =  -1278530.6447
 BOND   =     10392.1023  ANGLE   =     27651.3360  DIHED      =     33431.4843
 1-4 NB =     12439.4735  1-4 EEL =    135288.1487  VDWAALS    =    152727.7486
 EELEC  =  -1650460.9381  EHBOND  =         0.0000  RESTRAINT  =         0.0000
 EKCMT  =    112347.4765  VIRIAL  =    110323.8193  VOLUME     =   4337179.2313
                                                    Density    =         1.0082
 ------------------------------------------------------------------------------


 NSTEP =  2000000   TIME(PS) =    4575.000  TEMP(K) =   299.58  PRESS =    27.7
 Etot   =  -1015873.3113  EKtot   =    262853.3125  EPtot      =  -1278726.6238
 BOND   =     10364.7836  ANGLE   =     27632.0377  DIHED      =     33355.7638
 1-4 NB =     12360.1840  1-4 EEL =    135124.8403  VDWAALS    =    152259.4591
 EELEC  =  -1649823.6923  EHBOND  =         0.0000  RESTRAINT  =         0.0000
 EKCMT  =    112063.4047  VIRIAL  =    109464.2235  VOLUME     =   4342402.3877
                                                    Density    =         1.0070
 ------------------------------------------------------------------------------


 NSTEP =  2050000   TIME(PS) =    4675.000  TEMP(K) =   299.71  PRESS =    -3.1
 Etot   =  -1015192.9945  EKtot   =    262963.2188  EPtot      =  -1278156.2133
 BOND   =     10504.2543  ANGLE   =     27744.3512  DIHED      =     33542.0042
 1-4 NB =     12426.7834  1-4 EEL =    135140.3073  VDWAALS    =    152454.5066
 EELEC  =  -1649968.4203  EHBOND  =         0.0000  RESTRAINT  =         0.0000
 EKCMT  =    112278.6890  VIRIAL  =    112565.5242  VOLUME     =   4339496.2933
                                                    Density    =         1.0077
 ------------------------------------------------------------------------------


 NSTEP =  2100000   TIME(PS) =    4775.000  TEMP(K) =   299.45  PRESS =    71.0
 Etot   =  -1016210.8558  EKtot   =    262738.2188  EPtot      =  -1278949.0746
 BOND   =     10385.8067  ANGLE   =     27764.0749  DIHED      =     33364.6138
 1-4 NB =     12440.1746  1-4 EEL =    134937.3410  VDWAALS    =    153369.0226
 EELEC  =  -1651210.1081  EHBOND  =         0.0000  RESTRAINT  =         0.0000
 EKCMT  =    111530.1339  VIRIAL  =    104874.3004  VOLUME     =   4341126.2262
                                                    Density    =         1.0073
 ------------------------------------------------------------------------------


 NSTEP =  2150000   TIME(PS) =    4875.000  TEMP(K) =   299.48  PRESS =    30.7
 Etot   =  -1015517.4870  EKtot   =    262765.7812  EPtot      =  -1278283.2683
 BOND   =     10459.7539  ANGLE   =     27818.7652  DIHED      =     33462.7510
 1-4 NB =     12395.8676  1-4 EEL =    135000.7053  VDWAALS    =    153147.8762
 EELEC  =  -1650568.9875  EHBOND  =         0.0000  RESTRAINT  =         0.0000
 EKCMT  =    111562.7730  VIRIAL  =    108681.7373  VOLUME     =   4339550.2483
                                                    Density    =         1.0077
 ------------------------------------------------------------------------------


 NSTEP =  2200000   TIME(PS) =    4975.000  TEMP(K) =   299.26  PRESS =   -45.9
 Etot   =  -1015824.2235  EKtot   =    262567.5000  EPtot      =  -1278391.7235
 BOND   =     10491.9184  ANGLE   =     27893.7763  DIHED      =     33456.4151
 1-4 NB =     12363.6242  1-4 EEL =    134899.3966  VDWAALS    =    153173.8239
 EELEC  =  -1650670.6779  EHBOND  =         0.0000  RESTRAINT  =         0.0000
 EKCMT  =    111944.8202  VIRIAL  =    116246.6359  VOLUME     =   4342683.1022
                                                    Density    =         1.0069
 ------------------------------------------------------------------------------


 NSTEP =  2250000   TIME(PS) =    5075.000  TEMP(K) =   299.34  PRESS =   -42.8
 Etot   =  -1015518.0569  EKtot   =    262641.5625  EPtot      =  -1278159.6194
 BOND   =     10315.5012  ANGLE   =     27919.4635  DIHED      =     33541.3557
 1-4 NB =     12327.8687  1-4 EEL =    135187.3839  VDWAALS    =    152350.9398
 EELEC  =  -1649802.1321  EHBOND  =         0.0000  RESTRAINT  =         0.0000
 EKCMT  =    112148.1908  VIRIAL  =    116154.8086  VOLUME     =   4338750.6071
                                                    Density    =         1.0078
 ------------------------------------------------------------------------------


 NSTEP =  2300000   TIME(PS) =    5175.000  TEMP(K) =   299.68  PRESS =   110.4
 Etot   =  -1015201.7417  EKtot   =    262936.1250  EPtot      =  -1278137.8667
 BOND   =     10526.8397  ANGLE   =     28044.4640  DIHED      =     33455.2975
 1-4 NB =     12392.6978  1-4 EEL =    134613.3020  VDWAALS    =    154224.7712
 EELEC  =  -1651395.2389  EHBOND  =         0.0000  RESTRAINT  =         0.0000
 EKCMT  =    112125.9064  VIRIAL  =    101786.1587  VOLUME     =   4338610.1777
                                                    Density    =         1.0079
 ------------------------------------------------------------------------------


 NSTEP =  2350000   TIME(PS) =    5275.000  TEMP(K) =   299.84  PRESS =    64.7
 Etot   =  -1015281.2938  EKtot   =    263081.5312  EPtot      =  -1278362.8251
 BOND   =     10574.5766  ANGLE   =     28133.3574  DIHED      =     33521.3787
 1-4 NB =     12366.1415  1-4 EEL =    134866.7190  VDWAALS    =    152032.1559
 EELEC  =  -1649857.1542  EHBOND  =         0.0000  RESTRAINT  =         0.0000
 EKCMT  =    112016.9774  VIRIAL  =    105952.8239  VOLUME     =   4339030.5500
                                                    Density    =         1.0078
 ------------------------------------------------------------------------------


 NSTEP =  2400000   TIME(PS) =    5375.000  TEMP(K) =   299.81  PRESS =    10.4
 Etot   =  -1015335.2366  EKtot   =    263049.5938  EPtot      =  -1278384.8304
 BOND   =     10478.5754  ANGLE   =     27779.3419  DIHED      =     33515.4519
 1-4 NB =     12325.2693  1-4 EEL =    134891.6684  VDWAALS    =    152703.1851
 EELEC  =  -1650078.3224  EHBOND  =         0.0000  RESTRAINT  =         0.0000
 EKCMT  =    112192.8883  VIRIAL  =    111219.6063  VOLUME     =   4339839.4025
                                                    Density    =         1.0076
 ------------------------------------------------------------------------------


 NSTEP =  2450000   TIME(PS) =    5475.000  TEMP(K) =   300.23  PRESS =   -26.6
 Etot   =  -1014486.0712  EKtot   =    263419.0312  EPtot      =  -1277905.1024
 BOND   =     10390.3343  ANGLE   =     27970.6427  DIHED      =     33425.0221
 1-4 NB =     12404.5718  1-4 EEL =    134829.7272  VDWAALS    =    152357.5747
 EELEC  =  -1649282.9754  EHBOND  =         0.0000  RESTRAINT  =         0.0000
 EKCMT  =    112130.5524  VIRIAL  =    114621.6394  VOLUME     =   4340807.2756
                                                    Density    =         1.0074
 ------------------------------------------------------------------------------


 NSTEP =  2500000   TIME(PS) =    5575.000  TEMP(K) =   300.05  PRESS =    -8.8
 Etot   =  -1015359.0140  EKtot   =    263260.8438  EPtot      =  -1278619.8577
 BOND   =     10372.3739  ANGLE   =     27906.4782  DIHED      =     33447.6064
 1-4 NB =     12405.6965  1-4 EEL =    134769.8358  VDWAALS    =    153836.3072
 EELEC  =  -1651358.1558  EHBOND  =         0.0000  RESTRAINT  =         0.0000
 EKCMT  =    112085.8757  VIRIAL  =    112910.2023  VOLUME     =   4338359.8837
                                                    Density    =         1.0079
 ------------------------------------------------------------------------------


 NSTEP =  2550000   TIME(PS) =    5675.000  TEMP(K) =   300.48  PRESS =    99.1
 Etot   =  -1015119.6638  EKtot   =    263640.0312  EPtot      =  -1278759.6950
 BOND   =     10601.6945  ANGLE   =     27885.7780  DIHED      =     33407.9008
 1-4 NB =     12278.5047  1-4 EEL =    134700.7768  VDWAALS    =    152916.2963
 EELEC  =  -1650550.6461  EHBOND  =         0.0000  RESTRAINT  =         0.0000
 EKCMT  =    112074.8254  VIRIAL  =    102791.1737  VOLUME     =   4340060.0399
                                                    Density    =         1.0075
 ------------------------------------------------------------------------------


 NSTEP =  2600000   TIME(PS) =    5775.000  TEMP(K) =   300.42  PRESS =   -17.5
 Etot   =  -1015331.2482  EKtot   =    263586.4375  EPtot      =  -1278917.6857
 BOND   =     10341.9896  ANGLE   =     27803.2353  DIHED      =     33436.5319
 1-4 NB =     12311.6085  1-4 EEL =    134806.8110  VDWAALS    =    152885.7925
 EELEC  =  -1650503.6546  EHBOND  =         0.0000  RESTRAINT  =         0.0000
 EKCMT  =    111898.0999  VIRIAL  =    113538.3194  VOLUME     =   4340191.6232
                                                    Density    =         1.0075
 ------------------------------------------------------------------------------


 NSTEP =  2650000   TIME(PS) =    5875.000  TEMP(K) =   300.64  PRESS =    50.7
 Etot   =  -1013796.3688  EKtot   =    263782.7188  EPtot      =  -1277579.0875
 BOND   =     10410.5924  ANGLE   =     28078.8843  DIHED      =     33570.1544
 1-4 NB =     12421.6343  1-4 EEL =    134857.4790  VDWAALS    =    152772.3221
 EELEC  =  -1649690.1541  EHBOND  =         0.0000  RESTRAINT  =         0.0000
 EKCMT  =    111924.2667  VIRIAL  =    107174.0451  VOLUME     =   4339823.2632
                                                    Density    =         1.0076
 ------------------------------------------------------------------------------


 NSTEP =  2700000   TIME(PS) =    5975.000  TEMP(K) =   299.30  PRESS =   -14.2
 Etot   =  -1015737.9925  EKtot   =    262607.6250  EPtot      =  -1278345.6175
 BOND   =     10454.1797  ANGLE   =     27822.4120  DIHED      =     33467.5758
 1-4 NB =     12341.9283  1-4 EEL =    134875.7989  VDWAALS    =    152941.7239
 EELEC  =  -1650249.2361  EHBOND  =         0.0000  RESTRAINT  =         0.0000
 EKCMT  =    111636.3145  VIRIAL  =    112968.8893  VOLUME     =   4337694.7592
                                                    Density    =         1.0081
 ------------------------------------------------------------------------------


 NSTEP =  2750000   TIME(PS) =    6075.000  TEMP(K) =   299.66  PRESS =    17.7
 Etot   =  -1016172.8419  EKtot   =    262921.1250  EPtot      =  -1279093.9669
 BOND   =     10522.9476  ANGLE   =     28092.9197  DIHED      =     33327.1876
 1-4 NB =     12315.4385  1-4 EEL =    134871.4707  VDWAALS    =    153824.2765
 EELEC  =  -1652048.2076  EHBOND  =         0.0000  RESTRAINT  =         0.0000
 EKCMT  =    112382.1358  VIRIAL  =    110725.4529  VOLUME     =   4338612.0377
                                                    Density    =         1.0079
 ------------------------------------------------------------------------------


 NSTEP =  2800000   TIME(PS) =    6175.000  TEMP(K) =   300.53  PRESS =    27.1
 Etot   =  -1015332.2879  EKtot   =    263688.7188  EPtot      =  -1279021.0067
 BOND   =     10253.1967  ANGLE   =     27969.4782  DIHED      =     33464.4956
 1-4 NB =     12410.8922  1-4 EEL =    134840.2565  VDWAALS    =    152560.2320
 EELEC  =  -1650519.5580  EHBOND  =         0.0000  RESTRAINT  =         0.0000
 EKCMT  =    112484.2056  VIRIAL  =    109947.3299  VOLUME     =   4338884.9055
                                                    Density    =         1.0078
 ------------------------------------------------------------------------------


 NSTEP =  2850000   TIME(PS) =    6275.000  TEMP(K) =   300.21  PRESS =   -45.7
 Etot   =  -1015288.9452  EKtot   =    263403.4062  EPtot      =  -1278692.3514
 BOND   =     10346.6050  ANGLE   =     27817.1408  DIHED      =     33537.2035
 1-4 NB =     12397.3115  1-4 EEL =    134923.3142  VDWAALS    =    152633.2388
 EELEC  =  -1650347.1652  EHBOND  =         0.0000  RESTRAINT  =         0.0000
 EKCMT  =    112200.7499  VIRIAL  =    116485.2697  VOLUME     =   4342102.1318
                                                    Density    =         1.0071
 ------------------------------------------------------------------------------


 NSTEP =  2900000   TIME(PS) =    6375.000  TEMP(K) =   300.14  PRESS =    45.6
 Etot   =  -1015529.1786  EKtot   =    263344.1562  EPtot      =  -1278873.3349
 BOND   =     10296.6126  ANGLE   =     27782.1671  DIHED      =     33506.4121
 1-4 NB =     12387.1577  1-4 EEL =    134948.2822  VDWAALS    =    152657.0995
 EELEC  =  -1650451.0660  EHBOND  =         0.0000  RESTRAINT  =         0.0000
 EKCMT  =    112405.4600  VIRIAL  =    108129.3683  VOLUME     =   4339117.3145
                                                    Density    =         1.0078
 ------------------------------------------------------------------------------


 NSTEP =  2950000   TIME(PS) =    6475.000  TEMP(K) =   299.47  PRESS =   -18.6
 Etot   =  -1015437.1459  EKtot   =    262759.2500  EPtot      =  -1278196.3959
 BOND   =     10345.7200  ANGLE   =     28069.2037  DIHED      =     33498.7082
 1-4 NB =     12402.3132  1-4 EEL =    134526.1091  VDWAALS    =    151734.3115
 EELEC  =  -1648772.7616  EHBOND  =         0.0000  RESTRAINT  =         0.0000
 EKCMT  =    112000.5595  VIRIAL  =    113747.6057  VOLUME     =   4338774.9188
                                                    Density    =         1.0078
 ------------------------------------------------------------------------------


 NSTEP =  3000000   TIME(PS) =    6575.000  TEMP(K) =   299.86  PRESS =   -37.7
 Etot   =  -1014585.8634  EKtot   =    263099.2500  EPtot      =  -1277685.1134
 BOND   =     10512.7076  ANGLE   =     28030.6184  DIHED      =     33424.9598
 1-4 NB =     12350.0947  1-4 EEL =    134813.3331  VDWAALS    =    152441.0713
 EELEC  =  -1649257.8984  EHBOND  =         0.0000  RESTRAINT  =         0.0000
 EKCMT  =    112046.4675  VIRIAL  =    115577.3219  VOLUME     =   4342766.4932
                                                    Density    =         1.0069
 ------------------------------------------------------------------------------


 NSTEP =  3050000   TIME(PS) =    6675.000  TEMP(K) =   299.52  PRESS =     0.6
 Etot   =  -1016847.6790  EKtot   =    262798.9062  EPtot      =  -1279646.5853
 BOND   =     10466.9602  ANGLE   =     27625.9403  DIHED      =     33465.6070
 1-4 NB =     12360.2150  1-4 EEL =    134875.3247  VDWAALS    =    153016.2906
 EELEC  =  -1651456.9232  EHBOND  =         0.0000  RESTRAINT  =         0.0000
 EKCMT  =    111756.8960  VIRIAL  =    111697.8622  VOLUME     =   4336691.9562
                                                    Density    =         1.0083
 ------------------------------------------------------------------------------


 NSTEP =  3100000   TIME(PS) =    6775.000  TEMP(K) =   300.02  PRESS =    26.4
 Etot   =  -1015202.3680  EKtot   =    263240.4062  EPtot      =  -1278442.7743
 BOND   =     10385.0016  ANGLE   =     27942.6059  DIHED      =     33375.3013
 1-4 NB =     12451.1018  1-4 EEL =    134772.3002  VDWAALS    =    152861.2248
 EELEC  =  -1650230.3098  EHBOND  =         0.0000  RESTRAINT  =         0.0000
 EKCMT  =    112132.9287  VIRIAL  =    109662.4207  VOLUME     =   4340410.5075
                                                    Density    =         1.0075
 ------------------------------------------------------------------------------


 NSTEP =  3150000   TIME(PS) =    6875.000  TEMP(K) =   300.24  PRESS =    14.1
 Etot   =  -1015540.1688  EKtot   =    263429.0625  EPtot      =  -1278969.2313
 BOND   =     10470.7674  ANGLE   =     27833.9260  DIHED      =     33387.0610
 1-4 NB =     12406.3316  1-4 EEL =    135016.9445  VDWAALS    =    153454.1732
 EELEC  =  -1651538.4350  EHBOND  =         0.0000  RESTRAINT  =         0.0000
 EKCMT  =    112103.8983  VIRIAL  =    110783.0868  VOLUME     =   4340444.7886
                                                    Density    =         1.0074
 ------------------------------------------------------------------------------


 NSTEP =  3200000   TIME(PS) =    6975.000  TEMP(K) =   300.12  PRESS =   -35.9
 Etot   =  -1015085.1512  EKtot   =    263325.2188  EPtot      =  -1278410.3699
 BOND   =     10367.9669  ANGLE   =     27988.4181  DIHED      =     33366.2763
 1-4 NB =     12493.2837  1-4 EEL =    134902.7238  VDWAALS    =    152060.5511
 EELEC  =  -1649589.5898  EHBOND  =         0.0000  RESTRAINT  =         0.0000
 EKCMT  =    112141.9032  VIRIAL  =    115501.2464  VOLUME     =   4339264.8095
                                                    Density    =         1.0077
 ------------------------------------------------------------------------------


 NSTEP =  3250000   TIME(PS) =    7075.000  TEMP(K) =   299.72  PRESS =    19.3
 Etot   =  -1015206.2402  EKtot   =    262974.2188  EPtot      =  -1278180.4590
 BOND   =     10324.2471  ANGLE   =     27860.6544  DIHED      =     33422.9870
 1-4 NB =     12416.1343  1-4 EEL =    134968.4499  VDWAALS    =    153110.3829
 EELEC  =  -1650283.3145  EHBOND  =         0.0000  RESTRAINT  =         0.0000
 EKCMT  =    112074.1845  VIRIAL  =    110266.4239  VOLUME     =   4338740.1293
                                                    Density    =         1.0078
 ------------------------------------------------------------------------------


 NSTEP =  3300000   TIME(PS) =    7175.000  TEMP(K) =   300.22  PRESS =     3.7
 Etot   =  -1014791.1845  EKtot   =    263416.8438  EPtot      =  -1278208.0283
 BOND   =     10402.2872  ANGLE   =     28104.9228  DIHED      =     33389.9870
 1-4 NB =     12350.3533  1-4 EEL =    134829.9779  VDWAALS    =    152831.3581
 EELEC  =  -1650116.9146  EHBOND  =         0.0000  RESTRAINT  =         0.0000
 EKCMT  =    112146.8090  VIRIAL  =    111797.3341  VOLUME     =   4338673.3680
                                                    Density    =         1.0079
 ------------------------------------------------------------------------------


 NSTEP =  3350000   TIME(PS) =    7275.000  TEMP(K) =   299.72  PRESS =    -7.3
 Etot   =  -1015797.4895  EKtot   =    262972.4375  EPtot      =  -1278769.9270
 BOND   =     10584.9004  ANGLE   =     28104.2963  DIHED      =     33296.1062
 1-4 NB =     12312.6401  1-4 EEL =    134837.7928  VDWAALS    =    152735.6730
 EELEC  =  -1650641.3358  EHBOND  =         0.0000  RESTRAINT  =         0.0000
 EKCMT  =    112168.2846  VIRIAL  =    112852.0082  VOLUME     =   4338671.3555
                                                    Density    =         1.0079
 ------------------------------------------------------------------------------


 NSTEP =  3400000   TIME(PS) =    7375.000  TEMP(K) =   300.16  PRESS =   -55.3
 Etot   =  -1015710.9048  EKtot   =    263363.7500  EPtot      =  -1279074.6548
 BOND   =     10460.6771  ANGLE   =     27808.9330  DIHED      =     33468.8725
 1-4 NB =     12464.8688  1-4 EEL =    135005.5691  VDWAALS    =    152915.3884
 EELEC  =  -1651198.9638  EHBOND  =         0.0000  RESTRAINT  =         0.0000
 EKCMT  =    112189.7370  VIRIAL  =    117375.1584  VOLUME     =   4342586.6007
                                                    Density    =         1.0070
 ------------------------------------------------------------------------------


 NSTEP =  3450000   TIME(PS) =    7475.000  TEMP(K) =   299.40  PRESS =    21.6
 Etot   =  -1015257.9481  EKtot   =    262689.5938  EPtot      =  -1277947.5418
 BOND   =     10506.2124  ANGLE   =     27885.5880  DIHED      =     33399.4950
 1-4 NB =     12363.5631  1-4 EEL =    134840.0082  VDWAALS    =    152391.1535
 EELEC  =  -1649333.5620  EHBOND  =         0.0000  RESTRAINT  =         0.0000
 EKCMT  =    111840.4189  VIRIAL  =    109818.4392  VOLUME     =   4339479.7588
                                                    Density    =         1.0077
 ------------------------------------------------------------------------------


 NSTEP =  3500000   TIME(PS) =    7575.000  TEMP(K) =   300.23  PRESS =   -16.2
 Etot   =  -1016481.6645  EKtot   =    263422.0625  EPtot      =  -1279903.7270
 BOND   =     10304.5477  ANGLE   =     27998.9727  DIHED      =     33327.6231
 1-4 NB =     12390.0621  1-4 EEL =    134843.5889  VDWAALS    =    152924.5254
 EELEC  =  -1651693.0469  EHBOND  =         0.0000  RESTRAINT  =         0.0000
 EKCMT  =    112644.5752  VIRIAL  =    114161.5433  VOLUME     =   4337758.9142
                                                    Density    =         1.0081
 ------------------------------------------------------------------------------


 NSTEP =  3550000   TIME(PS) =    7675.000  TEMP(K) =   300.20  PRESS =   -56.8
 Etot   =  -1015687.1586  EKtot   =    263395.4062  EPtot      =  -1279082.5648
 BOND   =     10582.6444  ANGLE   =     27939.0961  DIHED      =     33308.5529
 1-4 NB =     12361.4985  1-4 EEL =    134977.6959  VDWAALS    =    152775.7782
 EELEC  =  -1651027.8308  EHBOND  =         0.0000  RESTRAINT  =         0.0000
 EKCMT  =    112329.5646  VIRIAL  =    117656.9092  VOLUME     =   4341388.2720
                                                    Density    =         1.0072
 ------------------------------------------------------------------------------


 NSTEP =  3600000   TIME(PS) =    7775.000  TEMP(K) =   299.89  PRESS =   -46.2
 Etot   =  -1015568.4530  EKtot   =    263120.7188  EPtot      =  -1278689.1717
 BOND   =     10468.4221  ANGLE   =     27969.1233  DIHED      =     33313.9652
 1-4 NB =     12387.3563  1-4 EEL =    134891.1008  VDWAALS    =    152297.9470
 EELEC  =  -1650017.0866  EHBOND  =         0.0000  RESTRAINT  =         0.0000
 EKCMT  =    112233.2132  VIRIAL  =    116564.0101  VOLUME     =   4340795.9422
                                                    Density    =         1.0074
 ------------------------------------------------------------------------------


 NSTEP =  3650000   TIME(PS) =    7875.000  TEMP(K) =   299.89  PRESS =   107.8
 Etot   =  -1015583.8730  EKtot   =    263120.5000  EPtot      =  -1278704.3730
 BOND   =     10433.0039  ANGLE   =     27858.8360  DIHED      =     33296.5193
 1-4 NB =     12381.1820  1-4 EEL =    134597.8933  VDWAALS    =    153714.5505
 EELEC  =  -1650986.3579  EHBOND  =         0.0000  RESTRAINT  =         0.0000
 EKCMT  =    112163.3108  VIRIAL  =    102062.2126  VOLUME     =   4340265.9800
                                                    Density    =         1.0075
 ------------------------------------------------------------------------------


 NSTEP =  3700000   TIME(PS) =    7975.000  TEMP(K) =   301.00  PRESS =     9.4
 Etot   =  -1014767.5327  EKtot   =    264101.1562  EPtot      =  -1278868.6889
 BOND   =     10565.6091  ANGLE   =     27760.4059  DIHED      =     33368.5705
 1-4 NB =     12360.1754  1-4 EEL =    134801.8354  VDWAALS    =    152229.2127
 EELEC  =  -1649954.4979  EHBOND  =         0.0000  RESTRAINT  =         0.0000
 EKCMT  =    112532.9382  VIRIAL  =    111651.5624  VOLUME     =   4339826.1113
                                                    Density    =         1.0076
 ------------------------------------------------------------------------------


 NSTEP =  3750000   TIME(PS) =    8075.000  TEMP(K) =   299.31  PRESS =   -55.2
 Etot   =  -1015878.5232  EKtot   =    262614.1875  EPtot      =  -1278492.7107
 BOND   =     10379.2179  ANGLE   =     27916.6215  DIHED      =     33412.1077
 1-4 NB =     12400.5127  1-4 EEL =    135048.9030  VDWAALS    =    152412.2624
 EELEC  =  -1650062.3357  EHBOND  =         0.0000  RESTRAINT  =         0.0000
 EKCMT  =    111706.9643  VIRIAL  =    116876.9088  VOLUME     =   4339798.4816
                                                    Density    =         1.0076
 ------------------------------------------------------------------------------


 NSTEP =  3800000   TIME(PS) =    8175.000  TEMP(K) =   299.69  PRESS =  -106.9
 Etot   =  -1015406.7550  EKtot   =    262950.2812  EPtot      =  -1278357.0362
 BOND   =     10621.1955  ANGLE   =     27771.5612  DIHED      =     33282.4336
 1-4 NB =     12334.6071  1-4 EEL =    134898.1713  VDWAALS    =    151926.4795
 EELEC  =  -1649191.4844  EHBOND  =         0.0000  RESTRAINT  =         0.0000
 EKCMT  =    111581.5736  VIRIAL  =    121597.0958  VOLUME     =   4338218.0165
                                                    Density    =         1.0080
 ------------------------------------------------------------------------------


 NSTEP =  3850000   TIME(PS) =    8275.000  TEMP(K) =   300.58  PRESS =    24.2
 Etot   =  -1013816.4434  EKtot   =    263725.5938  EPtot      =  -1277542.0371
 BOND   =     10468.8351  ANGLE   =     27891.5246  DIHED      =     33337.6637
 1-4 NB =     12396.3044  1-4 EEL =    135194.4317  VDWAALS    =    153345.6118
 EELEC  =  -1650176.4084  EHBOND  =         0.0000  RESTRAINT  =         0.0000
 EKCMT  =    112277.8426  VIRIAL  =    110007.2820  VOLUME     =   4339073.7417
                                                    Density    =         1.0078
 ------------------------------------------------------------------------------


 NSTEP =  3900000   TIME(PS) =    8375.000  TEMP(K) =   299.12  PRESS =   -40.1
 Etot   =  -1017041.4597  EKtot   =    262443.9375  EPtot      =  -1279485.3972
 BOND   =     10587.6526  ANGLE   =     27744.6019  DIHED      =     33236.2139
 1-4 NB =     12385.1447  1-4 EEL =    134955.9018  VDWAALS    =    152184.4992
 EELEC  =  -1650579.4113  EHBOND  =         0.0000  RESTRAINT  =         0.0000
 EKCMT  =    111727.9321  VIRIAL  =    115479.7460  VOLUME     =   4335582.4643
                                                    Density    =         1.0086
 ------------------------------------------------------------------------------


 NSTEP =  3950000   TIME(PS) =    8475.000  TEMP(K) =   299.96  PRESS =     5.2
 Etot   =  -1016618.1269  EKtot   =    263182.5625  EPtot      =  -1279800.6894
 BOND   =     10423.3032  ANGLE   =     27768.7175  DIHED      =     33417.9648
 1-4 NB =     12381.1343  1-4 EEL =    134913.8160  VDWAALS    =    153208.8039
 EELEC  =  -1651914.4291  EHBOND  =         0.0000  RESTRAINT  =         0.0000
 EKCMT  =    112080.1197  VIRIAL  =    111593.0370  VOLUME     =   4338000.9402
                                                    Density    =         1.0080
 ------------------------------------------------------------------------------


 NSTEP =  4000000   TIME(PS) =    8575.000  TEMP(K) =   301.06  PRESS =   -17.0
 Etot   =  -1014072.5150  EKtot   =    264146.7188  EPtot      =  -1278219.2337
 BOND   =     10438.0928  ANGLE   =     27872.1746  DIHED      =     33287.3335
 1-4 NB =     12332.4595  1-4 EEL =    135016.1174  VDWAALS    =    152440.3003
 EELEC  =  -1649605.7118  EHBOND  =         0.0000  RESTRAINT  =         0.0000
 EKCMT  =    112663.8224  VIRIAL  =    114252.8124  VOLUME     =   4341743.3196
                                                    Density    =         1.0071
 ------------------------------------------------------------------------------


 NSTEP =  4050000   TIME(PS) =    8675.000  TEMP(K) =   299.83  PRESS =    66.7
 Etot   =  -1016167.9227  EKtot   =    263066.7188  EPtot      =  -1279234.6414
 BOND   =     10350.6706  ANGLE   =     27930.5928  DIHED      =     33270.2039
 1-4 NB =     12419.6019  1-4 EEL =    134982.9242  VDWAALS    =    153854.9854
 EELEC  =  -1652043.6202  EHBOND  =         0.0000  RESTRAINT  =         0.0000
 EKCMT  =    112143.9771  VIRIAL  =    105894.8827  VOLUME     =   4340866.5417
                                                    Density    =         1.0073
 ------------------------------------------------------------------------------


 NSTEP =  4100000   TIME(PS) =    8775.000  TEMP(K) =   300.25  PRESS =    70.1
 Etot   =  -1015171.0274  EKtot   =    263436.4375  EPtot      =  -1278607.4649
 BOND   =     10588.3424  ANGLE   =     27878.0415  DIHED      =     33301.9406
 1-4 NB =     12401.6627  1-4 EEL =    135071.1107  VDWAALS    =    152729.8840
 EELEC  =  -1650578.4469  EHBOND  =         0.0000  RESTRAINT  =         0.0000
 EKCMT  =    112175.0196  VIRIAL  =    105608.3686  VOLUME     =   4338739.1181
                                                    Density    =         1.0078
 ------------------------------------------------------------------------------


 NSTEP =  4150000   TIME(PS) =    8875.000  TEMP(K) =   300.56  PRESS =   -50.6
 Etot   =  -1014262.4103  EKtot   =    263708.5625  EPtot      =  -1277970.9728
 BOND   =     10366.8219  ANGLE   =     28073.4648  DIHED      =     33269.7357
 1-4 NB =     12348.1666  1-4 EEL =    135048.3033  VDWAALS    =    151763.4543
 EELEC  =  -1648840.9194  EHBOND  =         0.0000  RESTRAINT  =         0.0000
 EKCMT  =    112392.0750  VIRIAL  =    117136.0657  VOLUME     =   4340303.5929
                                                    Density    =         1.0075
 ------------------------------------------------------------------------------


 NSTEP =  4200000   TIME(PS) =    8975.000  TEMP(K) =   300.11  PRESS =    -8.8
 Etot   =  -1015666.7638  EKtot   =    263319.0625  EPtot      =  -1278985.8263
 BOND   =     10420.1446  ANGLE   =     28049.9445  DIHED      =     33278.5823
 1-4 NB =     12393.6230  1-4 EEL =    135054.6123  VDWAALS    =    152894.3861
 EELEC  =  -1651077.1190  EHBOND  =         0.0000  RESTRAINT  =         0.0000
 EKCMT  =    112187.2342  VIRIAL  =    113009.5504  VOLUME     =   4337704.9185
                                                    Density    =         1.0081
 ------------------------------------------------------------------------------


 NSTEP =  4250000   TIME(PS) =    9075.000  TEMP(K) =   299.57  PRESS =    17.1
 Etot   =  -1015426.8358  EKtot   =    262841.1562  EPtot      =  -1278267.9920
 BOND   =     10495.3412  ANGLE   =     27771.7497  DIHED      =     33339.6541
 1-4 NB =     12342.7302  1-4 EEL =    134730.7878  VDWAALS    =    152922.9836
 EELEC  =  -1649871.2387  EHBOND  =         0.0000  RESTRAINT  =         0.0000
 EKCMT  =    112142.8189  VIRIAL  =    110535.9604  VOLUME     =   4343401.3578
                                                    Density    =         1.0068
 ------------------------------------------------------------------------------


 NSTEP =  4300000   TIME(PS) =    9175.000  TEMP(K) =   300.22  PRESS =   -75.8
 Etot   =  -1015541.4152  EKtot   =    263413.3438  EPtot      =  -1278954.7590
 BOND   =     10402.0736  ANGLE   =     27789.1676  DIHED      =     33412.6251
 1-4 NB =     12425.8167  1-4 EEL =    134929.0469  VDWAALS    =    152760.0742
 EELEC  =  -1650673.5631  EHBOND  =         0.0000  RESTRAINT  =         0.0000
 EKCMT  =    112038.7022  VIRIAL  =    119146.4666  VOLUME     =   4340260.0264
                                                    Density    =         1.0075
 ------------------------------------------------------------------------------


 NSTEP =  4350000   TIME(PS) =    9275.000  TEMP(K) =   300.11  PRESS =    39.8
 Etot   =  -1014813.0824  EKtot   =    263317.5938  EPtot      =  -1278130.6762
 BOND   =     10469.9598  ANGLE   =     28021.8298  DIHED      =     33214.3438
 1-4 NB =     12344.3478  1-4 EEL =    134973.8525  VDWAALS    =    152768.0554
 EELEC  =  -1649923.0652  EHBOND  =         0.0000  RESTRAINT  =         0.0000
 EKCMT  =    111847.7906  VIRIAL  =    108115.7464  VOLUME     =   4338367.2020
                                                    Density    =         1.0079
 ------------------------------------------------------------------------------


 NSTEP =  4400000   TIME(PS) =    9375.000  TEMP(K) =   299.89  PRESS =    61.1
 Etot   =  -1014635.8229  EKtot   =    263120.9688  EPtot      =  -1277756.7917
 BOND   =     10573.7681  ANGLE   =     27766.4438  DIHED      =     33360.6364
 1-4 NB =     12386.0304  1-4 EEL =    134967.1426  VDWAALS    =    152862.2108
 EELEC  =  -1649673.0238  EHBOND  =         0.0000  RESTRAINT  =         0.0000
 EKCMT  =    112091.7949  VIRIAL  =    106370.3982  VOLUME     =   4336654.7656
                                                    Density    =         1.0083
 ------------------------------------------------------------------------------


 NSTEP =  4450000   TIME(PS) =    9475.000  TEMP(K) =   299.68  PRESS =   -83.1
 Etot   =  -1016275.1147  EKtot   =    262943.0625  EPtot      =  -1279218.1772
 BOND   =     10476.7237  ANGLE   =     27771.6164  DIHED      =     33316.5917
 1-4 NB =     12486.9929  1-4 EEL =    135157.3457  VDWAALS    =    152439.8958
 EELEC  =  -1650867.3434  EHBOND  =         0.0000  RESTRAINT  =         0.0000
 EKCMT  =    112097.7063  VIRIAL  =    119884.5894  VOLUME     =   4339661.4619
                                                    Density    =         1.0076
 ------------------------------------------------------------------------------


 NSTEP =  4500000   TIME(PS) =    9575.000  TEMP(K) =   300.46  PRESS =    75.9
 Etot   =  -1015361.8001  EKtot   =    263627.3438  EPtot      =  -1278989.1438
 BOND   =     10421.0502  ANGLE   =     27549.5527  DIHED      =     33265.5904
 1-4 NB =     12412.9012  1-4 EEL =    135185.7449  VDWAALS    =    153284.6672
 EELEC  =  -1651108.6503  EHBOND  =         0.0000  RESTRAINT  =         0.0000
 EKCMT  =    111932.9626  VIRIAL  =    104824.3561  VOLUME     =   4338384.1707
                                                    Density    =         1.0079
 ------------------------------------------------------------------------------


 NSTEP =  4550000   TIME(PS) =    9675.000  TEMP(K) =   300.04  PRESS =   -13.4
 Etot   =  -1015225.2054  EKtot   =    263257.1875  EPtot      =  -1278482.3929
 BOND   =     10505.7423  ANGLE   =     27637.1948  DIHED      =     33232.1941
 1-4 NB =     12359.1274  1-4 EEL =    134938.5132  VDWAALS    =    152770.1504
 EELEC  =  -1649925.3151  EHBOND  =         0.0000  RESTRAINT  =         0.0000
 EKCMT  =    112035.4189  VIRIAL  =    113295.2808  VOLUME     =   4339331.4638
                                                    Density    =         1.0077
 ------------------------------------------------------------------------------


 NSTEP =  4600000   TIME(PS) =    9775.000  TEMP(K) =   300.48  PRESS =   -55.7
 Etot   =  -1014410.3121  EKtot   =    263637.4062  EPtot      =  -1278047.7184
 BOND   =     10407.7212  ANGLE   =     27850.7933  DIHED      =     33348.2286
 1-4 NB =     12278.6395  1-4 EEL =    135122.1281  VDWAALS    =    152652.5065
 EELEC  =  -1649707.7356  EHBOND  =         0.0000  RESTRAINT  =         0.0000
 EKCMT  =    112253.7569  VIRIAL  =    117472.8984  VOLUME     =   4337979.1653
                                                    Density    =         1.0080
 ------------------------------------------------------------------------------


 NSTEP =  4650000   TIME(PS) =    9875.000  TEMP(K) =   299.70  PRESS =   -50.1
 Etot   =  -1015516.6612  EKtot   =    262959.6250  EPtot      =  -1278476.2862
 BOND   =     10518.1594  ANGLE   =     27953.0725  DIHED      =     33313.6110
 1-4 NB =     12318.6100  1-4 EEL =    135035.3557  VDWAALS    =    152431.6328
 EELEC  =  -1650046.7276  EHBOND  =         0.0000  RESTRAINT  =         0.0000
 EKCMT  =    112038.0837  VIRIAL  =    116737.2917  VOLUME     =   4341153.8710
                                                    Density    =         1.0073
 ------------------------------------------------------------------------------


 NSTEP =  4700000   TIME(PS) =    9975.000  TEMP(K) =   300.68  PRESS =    12.2
 Etot   =  -1016322.2772  EKtot   =    263818.0312  EPtot      =  -1280140.3084
 BOND   =     10331.9532  ANGLE   =     27917.4429  DIHED      =     33255.7878
 1-4 NB =     12343.3707  1-4 EEL =    134974.6403  VDWAALS    =    153097.1872
 EELEC  =  -1652060.6905  EHBOND  =         0.0000  RESTRAINT  =         0.0000
 EKCMT  =    112415.6267  VIRIAL  =    111277.3127  VOLUME     =   4336481.2891
                                                    Density    =         1.0084
 ------------------------------------------------------------------------------


 NSTEP =  4750000   TIME(PS) =   10075.000  TEMP(K) =   299.89  PRESS =   -73.9
 Etot   =  -1016152.7078  EKtot   =    263128.0312  EPtot      =  -1279280.7391
 BOND   =     10367.3240  ANGLE   =     27769.8972  DIHED      =     33278.9047
 1-4 NB =     12348.7183  1-4 EEL =    135198.1846  VDWAALS    =    151938.0261
 EELEC  =  -1650181.7940  EHBOND  =         0.0000  RESTRAINT  =         0.0000
 EKCMT  =    111807.0404  VIRIAL  =    118722.7616  VOLUME     =   4335440.0448
                                                    Density    =         1.0086
 ------------------------------------------------------------------------------


 NSTEP =  4800000   TIME(PS) =   10175.000  TEMP(K) =   300.15  PRESS =   -99.7
 Etot   =  -1015910.2091  EKtot   =    263349.8125  EPtot      =  -1279260.0216
 BOND   =     10489.5284  ANGLE   =     27730.7860  DIHED      =     33307.9759
 1-4 NB =     12476.9248  1-4 EEL =    135243.4709  VDWAALS    =    151759.6987
 EELEC  =  -1650268.4064  EHBOND  =         0.0000  RESTRAINT  =         0.0000
 EKCMT  =    112418.9440  VIRIAL  =    121760.3440  VOLUME     =   4338225.3462
                                                    Density    =         1.0080
 ------------------------------------------------------------------------------


 NSTEP =  4850000   TIME(PS) =   10275.000  TEMP(K) =   300.07  PRESS =   -42.6
 Etot   =  -1014898.3570  EKtot   =    263282.0312  EPtot      =  -1278180.3882
 BOND   =     10579.4114  ANGLE   =     27793.7968  DIHED      =     33397.4238
 1-4 NB =     12320.8562  1-4 EEL =    134789.1825  VDWAALS    =    152155.8235
 EELEC  =  -1649216.8823  EHBOND  =         0.0000  RESTRAINT  =         0.0000
 EKCMT  =    112319.5387  VIRIAL  =    116311.6877  VOLUME     =   4341792.1696
                                                    Density    =         1.0071
 ------------------------------------------------------------------------------


 NSTEP =  4900000   TIME(PS) =   10375.000  TEMP(K) =   300.24  PRESS =     2.8
 Etot   =  -1016290.8394  EKtot   =    263429.3750  EPtot      =  -1279720.2144
 BOND   =     10448.3450  ANGLE   =     27971.4477  DIHED      =     33127.3432
 1-4 NB =     12377.9051  1-4 EEL =    134852.1208  VDWAALS    =    153094.3392
 EELEC  =  -1651591.7154  EHBOND  =         0.0000  RESTRAINT  =         0.0000
 EKCMT  =    112381.0909  VIRIAL  =    112115.6507  VOLUME     =   4333887.5546
                                                    Density    =         1.0090
 ------------------------------------------------------------------------------


 NSTEP =  4950000   TIME(PS) =   10475.000  TEMP(K) =   300.03  PRESS =   -56.0
 Etot   =  -1016800.0088  EKtot   =    263249.6562  EPtot      =  -1280049.6650
 BOND   =     10550.3985  ANGLE   =     27972.9847  DIHED      =     33337.1144
 1-4 NB =     12315.1738  1-4 EEL =    134825.3242  VDWAALS    =    152344.8638
 EELEC  =  -1651395.5244  EHBOND  =         0.0000  RESTRAINT  =         0.0000
 EKCMT  =    111908.3387  VIRIAL  =    117155.2722  VOLUME     =   4336969.3001
                                                    Density    =         1.0083
 ------------------------------------------------------------------------------


 NSTEP =  5000000   TIME(PS) =   10575.000  TEMP(K) =   300.13  PRESS =   -24.7
 Etot   =  -1016208.6465  EKtot   =    263336.7188  EPtot      =  -1279545.3653
 BOND   =     10463.3700  ANGLE   =     27904.0438  DIHED      =     33189.0193
 1-4 NB =     12354.3871  1-4 EEL =    134936.0736  VDWAALS    =    153211.6291
 EELEC  =  -1651603.8882  EHBOND  =         0.0000  RESTRAINT  =         0.0000
 EKCMT  =    112076.8454  VIRIAL  =    114389.7395  VOLUME     =   4338894.1266
                                                    Density    =         1.0078
 ------------------------------------------------------------------------------


 NSTEP =  5050000   TIME(PS) =   10675.000  TEMP(K) =   299.98  PRESS =   -51.6
 Etot   =  -1015081.6122  EKtot   =    263200.9688  EPtot      =  -1278282.5810
 BOND   =     10560.1916  ANGLE   =     27858.3778  DIHED      =     33323.3791
 1-4 NB =     12264.7340  1-4 EEL =    134833.9186  VDWAALS    =    151940.6152
 EELEC  =  -1649063.7972  EHBOND  =         0.0000  RESTRAINT  =         0.0000
 EKCMT  =    111949.8939  VIRIAL  =    116783.2566  VOLUME     =   4338436.5231
                                                    Density    =         1.0079
 ------------------------------------------------------------------------------


 NSTEP =  5100000   TIME(PS) =   10775.000  TEMP(K) =   300.72  PRESS =     5.1
 Etot   =  -1015600.4524  EKtot   =    263849.8750  EPtot      =  -1279450.3274
 BOND   =     10560.6899  ANGLE   =     27742.7200  DIHED      =     33352.8537
 1-4 NB =     12361.3539  1-4 EEL =    134866.9414  VDWAALS    =    153289.4696
 EELEC  =  -1651624.3558  EHBOND  =         0.0000  RESTRAINT  =         0.0000
 EKCMT  =    112451.9418  VIRIAL  =    111975.4756  VOLUME     =   4338288.0980
                                                    Density    =         1.0079
 ------------------------------------------------------------------------------


 NSTEP =  5150000   TIME(PS) =   10875.000  TEMP(K) =   300.35  PRESS =   105.6
 Etot   =  -1015265.1808  EKtot   =    263526.5625  EPtot      =  -1278791.7433
 BOND   =     10377.8324  ANGLE   =     27784.0968  DIHED      =     33299.3660
 1-4 NB =     12415.5135  1-4 EEL =    134873.7854  VDWAALS    =    153723.6271
 EELEC  =  -1651265.9645  EHBOND  =         0.0000  RESTRAINT  =         0.0000
 EKCMT  =    112380.7751  VIRIAL  =    102483.0916  VOLUME     =   4339943.3411
                                                    Density    =         1.0076
 ------------------------------------------------------------------------------


 NSTEP =  5200000   TIME(PS) =   10975.000  TEMP(K) =   299.86  PRESS =    10.5
 Etot   =  -1015842.0646  EKtot   =    263098.0625  EPtot      =  -1278940.1271
 BOND   =     10647.5169  ANGLE   =     27651.9695  DIHED      =     33339.9539
 1-4 NB =     12334.9889  1-4 EEL =    134745.6341  VDWAALS    =    152285.8548
 EELEC  =  -1649946.0452  EHBOND  =         0.0000  RESTRAINT  =         0.0000
 EKCMT  =    112186.5659  VIRIAL  =    111201.2406  VOLUME     =   4337245.3876
                                                    Density    =         1.0082
 ------------------------------------------------------------------------------


 NSTEP =  5250000   TIME(PS) =   11075.000  TEMP(K) =   300.37  PRESS =   -97.9
 Etot   =  -1014687.3510  EKtot   =    263547.3125  EPtot      =  -1278234.6635
 BOND   =     10410.8259  ANGLE   =     28104.1524  DIHED      =     33200.9440
 1-4 NB =     12351.4832  1-4 EEL =    134794.6397  VDWAALS    =    151480.0212
 EELEC  =  -1648576.7300  EHBOND  =         0.0000  RESTRAINT  =         0.0000
 EKCMT  =    112491.1579  VIRIAL  =    121659.3173  VOLUME     =   4339015.5389
                                                    Density    =         1.0078
 ------------------------------------------------------------------------------


 NSTEP =  5300000   TIME(PS) =   11175.000  TEMP(K) =   299.82  PRESS =    -7.0
 Etot   =  -1015240.5646  EKtot   =    263065.9062  EPtot      =  -1278306.4709
 BOND   =     10551.3764  ANGLE   =     27776.5901  DIHED      =     33296.6215
 1-4 NB =     12354.7698  1-4 EEL =    134936.5407  VDWAALS    =    152525.5441
 EELEC  =  -1649747.9134  EHBOND  =         0.0000  RESTRAINT  =         0.0000
 EKCMT  =    112117.2528  VIRIAL  =    112769.8633  VOLUME     =   4340144.2508
                                                    Density    =         1.0075
 ------------------------------------------------------------------------------


 NSTEP =  5350000   TIME(PS) =   11275.000  TEMP(K) =   300.43  PRESS =    21.9
 Etot   =  -1014818.5252  EKtot   =    263600.5312  EPtot      =  -1278419.0564
 BOND   =     10653.7967  ANGLE   =     27828.2710  DIHED      =     33300.9758
 1-4 NB =     12363.0985  1-4 EEL =    135069.4684  VDWAALS    =    152930.5985
 EELEC  =  -1650565.2653  EHBOND  =         0.0000  RESTRAINT  =         0.0000
 EKCMT  =    112353.6134  VIRIAL  =    110303.1075  VOLUME     =   4337970.3124
                                                    Density    =         1.0080
 ------------------------------------------------------------------------------


 NSTEP =  5400000   TIME(PS) =   11375.000  TEMP(K) =   300.03  PRESS =    54.1
 Etot   =  -1015600.0532  EKtot   =    263248.8125  EPtot      =  -1278848.8657
 BOND   =     10424.7801  ANGLE   =     27768.8239  DIHED      =     33383.3775
 1-4 NB =     12387.7325  1-4 EEL =    134975.2299  VDWAALS    =    152574.1200
 EELEC  =  -1650362.9297  EHBOND  =         0.0000  RESTRAINT  =         0.0000
 EKCMT  =    112314.7286  VIRIAL  =    107246.4156  VOLUME     =   4338117.0645
                                                    Density    =         1.0080
 ------------------------------------------------------------------------------


 NSTEP =  5450000   TIME(PS) =   11475.000  TEMP(K) =   300.17  PRESS =   -47.4
 Etot   =  -1015127.1144  EKtot   =    263370.0000  EPtot      =  -1278497.1144
 BOND   =     10608.9301  ANGLE   =     27844.1853  DIHED      =     33490.5376
 1-4 NB =     12354.8820  1-4 EEL =    134990.6155  VDWAALS    =    152618.9018
 EELEC  =  -1650405.1666  EHBOND  =         0.0000  RESTRAINT  =         0.0000
 EKCMT  =    112049.8472  VIRIAL  =    116492.1756  VOLUME     =   4339704.7214
                                                    Density    =         1.0076
 ------------------------------------------------------------------------------


 NSTEP =  5500000   TIME(PS) =   11575.000  TEMP(K) =   299.86  PRESS =    22.9
 Etot   =  -1016695.8293  EKtot   =    263101.5938  EPtot      =  -1279797.4231
 BOND   =     10508.9245  ANGLE   =     27878.5609  DIHED      =     33227.8547
 1-4 NB =     12338.7590  1-4 EEL =    134804.7526  VDWAALS    =    152980.9925
 EELEC  =  -1651537.2673  EHBOND  =         0.0000  RESTRAINT  =         0.0000
 EKCMT  =    112278.8477  VIRIAL  =    110134.1824  VOLUME     =   4338508.4471
                                                    Density    =         1.0079
 ------------------------------------------------------------------------------


 NSTEP =  5550000   TIME(PS) =   11675.000  TEMP(K) =   299.73  PRESS =    39.2
 Etot   =  -1016140.9201  EKtot   =    262984.0312  EPtot      =  -1279124.9514
 BOND   =     10543.0730  ANGLE   =     27772.1756  DIHED      =     33244.1701
 1-4 NB =     12342.8071  1-4 EEL =    135111.5824  VDWAALS    =    152151.7867
 EELEC  =  -1650290.5462  EHBOND  =         0.0000  RESTRAINT  =         0.0000
 EKCMT  =    112170.9644  VIRIAL  =    108494.9543  VOLUME     =   4338729.0112
                                                    Density    =         1.0078
 ------------------------------------------------------------------------------


 NSTEP =  5600000   TIME(PS) =   11775.000  TEMP(K) =   300.29  PRESS =    -8.2
 Etot   =  -1016010.1775  EKtot   =    263472.6562  EPtot      =  -1279482.8337
 BOND   =     10250.3462  ANGLE   =     27818.4541  DIHED      =     33354.1754
 1-4 NB =     12354.1071  1-4 EEL =    135152.5001  VDWAALS    =    152596.0394
 EELEC  =  -1651008.4561  EHBOND  =         0.0000  RESTRAINT  =         0.0000
 EKCMT  =    112226.7962  VIRIAL  =    112994.1295  VOLUME     =   4333810.8837
                                                    Density    =         1.0090
 ------------------------------------------------------------------------------


 NSTEP =  5650000   TIME(PS) =   11875.000  TEMP(K) =   299.40  PRESS =    70.2
 Etot   =  -1015702.7731  EKtot   =    262697.7812  EPtot      =  -1278400.5543
 BOND   =     10472.0214  ANGLE   =     27781.4520  DIHED      =     33291.5783
 1-4 NB =     12429.8274  1-4 EEL =    135027.4610  VDWAALS    =    152220.2208
 EELEC  =  -1649623.1152  EHBOND  =         0.0000  RESTRAINT  =         0.0000
 EKCMT  =    111790.2610  VIRIAL  =    105218.4468  VOLUME     =   4338853.2436
                                                    Density    =         1.0078
 ------------------------------------------------------------------------------


 NSTEP =  5700000   TIME(PS) =   11975.000  TEMP(K) =   300.06  PRESS =   -24.5
 Etot   =  -1015262.7520  EKtot   =    263274.7500  EPtot      =  -1278537.5020
 BOND   =     10517.6092  ANGLE   =     27919.6375  DIHED      =     33375.4495
 1-4 NB =     12416.7314  1-4 EEL =    135098.8415  VDWAALS    =    152479.0188
 EELEC  =  -1650344.7899  EHBOND  =         0.0000  RESTRAINT  =         0.0000
 EKCMT  =    112158.9737  VIRIAL  =    114451.3409  VOLUME     =   4336239.1508
                                                    Density    =         1.0084
 ------------------------------------------------------------------------------


 NSTEP =  5750000   TIME(PS) =   12075.000  TEMP(K) =   299.96  PRESS =   -55.4
 Etot   =  -1016147.0657  EKtot   =    263182.0625  EPtot      =  -1279329.1282
 BOND   =     10531.5931  ANGLE   =     27877.1625  DIHED      =     33256.6289
 1-4 NB =     12304.5465  1-4 EEL =    134704.6247  VDWAALS    =    152579.5255
 EELEC  =  -1650583.2095  EHBOND  =         0.0000  RESTRAINT  =         0.0000
 EKCMT  =    112271.9798  VIRIAL  =    117461.0746  VOLUME     =   4338881.0691
                                                    Density    =         1.0078
 ------------------------------------------------------------------------------


 NSTEP =  5800000   TIME(PS) =   12175.000  TEMP(K) =   300.17  PRESS =    60.4
 Etot   =  -1015478.9953  EKtot   =    263365.5938  EPtot      =  -1278844.5891
 BOND   =     10402.8574  ANGLE   =     27813.5300  DIHED      =     33300.6659
 1-4 NB =     12314.7809  1-4 EEL =    134859.1024  VDWAALS    =    153012.5887
 EELEC  =  -1650548.1143  EHBOND  =         0.0000  RESTRAINT  =         0.0000
 EKCMT  =    112485.0661  VIRIAL  =    106826.6787  VOLUME     =   4339461.9682
                                                    Density    =         1.0077
 ------------------------------------------------------------------------------


 NSTEP =  5850000   TIME(PS) =   12275.000  TEMP(K) =   299.51  PRESS =   -63.0
 Etot   =  -1017031.1609  EKtot   =    262785.9688  EPtot      =  -1279817.1297
 BOND   =     10365.8114  ANGLE   =     27917.6892  DIHED      =     33340.4699
 1-4 NB =     12373.4978  1-4 EEL =    135100.9803  VDWAALS    =    153203.5931
 EELEC  =  -1652119.1712  EHBOND  =         0.0000  RESTRAINT  =         0.0000
 EKCMT  =    111988.6168  VIRIAL  =    117890.5439  VOLUME     =   4337657.2595
                                                    Density    =         1.0081
 ------------------------------------------------------------------------------


 NSTEP =  5900000   TIME(PS) =   12375.000  TEMP(K) =   300.25  PRESS =    -5.9
 Etot   =  -1016273.8884  EKtot   =    263440.0938  EPtot      =  -1279713.9822
 BOND   =     10528.7081  ANGLE   =     27957.9156  DIHED      =     33229.2133
 1-4 NB =     12279.6707  1-4 EEL =    135254.2965  VDWAALS    =    152413.7955
 EELEC  =  -1651377.5818  EHBOND  =         0.0000  RESTRAINT  =         0.0000
 EKCMT  =    111901.3806  VIRIAL  =    112450.8039  VOLUME     =   4332744.3630
                                                    Density    =         1.0092
 ------------------------------------------------------------------------------


 NSTEP =  5950000   TIME(PS) =   12475.000  TEMP(K) =   300.42  PRESS =    26.5
 Etot   =  -1015874.4982  EKtot   =    263589.1562  EPtot      =  -1279463.6544
 BOND   =     10449.4849  ANGLE   =     27661.7462  DIHED      =     33299.3919
 1-4 NB =     12349.2574  1-4 EEL =    134873.9975  VDWAALS    =    153294.9644
 EELEC  =  -1651392.4967  EHBOND  =         0.0000  RESTRAINT  =         0.0000
 EKCMT  =    112455.0498  VIRIAL  =    109968.9204  VOLUME     =   4338102.2895
                                                    Density    =         1.0080
 ------------------------------------------------------------------------------


 NSTEP =  6000000   TIME(PS) =   12575.000  TEMP(K) =   300.36  PRESS =   -48.6
 Etot   =  -1015111.5571  EKtot   =    263532.8750  EPtot      =  -1278644.4321
 BOND   =     10438.7061  ANGLE   =     27934.6495  DIHED      =     33365.3616
 1-4 NB =     12353.6841  1-4 EEL =    134916.8135  VDWAALS    =    151833.0499
 EELEC  =  -1649486.6969  EHBOND  =         0.0000  RESTRAINT  =         0.0000
 EKCMT  =    112157.8144  VIRIAL  =    116708.4690  VOLUME     =   4334545.1965
                                                    Density    =         1.0088
 ------------------------------------------------------------------------------


 NSTEP =  6050000   TIME(PS) =   12675.000  TEMP(K) =   300.02  PRESS =   -32.0
 Etot   =  -1017108.4821  EKtot   =    263240.6875  EPtot      =  -1280349.1696
 BOND   =     10384.9287  ANGLE   =     27911.5542  DIHED      =     33221.4026
 1-4 NB =     12333.9137  1-4 EEL =    135094.6560  VDWAALS    =    152144.9674
 EELEC  =  -1651440.5923  EHBOND  =         0.0000  RESTRAINT  =         0.0000
 EKCMT  =    112314.9153  VIRIAL  =    115310.1373  VOLUME     =   4338389.8114
                                                    Density    =         1.0079
 ------------------------------------------------------------------------------


 NSTEP =  6100000   TIME(PS) =   12775.000  TEMP(K) =   300.16  PRESS =    24.2
 Etot   =  -1016176.6740  EKtot   =    263362.2500  EPtot      =  -1279538.9240
 BOND   =     10422.9378  ANGLE   =     27736.6350  DIHED      =     33251.0194
 1-4 NB =     12357.0234  1-4 EEL =    135114.7509  VDWAALS    =    152573.0934
 EELEC  =  -1650994.3840  EHBOND  =         0.0000  RESTRAINT  =         0.0000
 EKCMT  =    112384.1598  VIRIAL  =    110118.1015  VOLUME     =   4337591.4400
                                                    Density    =         1.0081
 ------------------------------------------------------------------------------


 NSTEP =  6150000   TIME(PS) =   12875.000  TEMP(K) =   299.82  PRESS =    23.7
 Etot   =  -1016056.7193  EKtot   =    263058.7500  EPtot      =  -1279115.4693
 BOND   =     10474.8267  ANGLE   =     27786.4078  DIHED      =     33231.1876
 1-4 NB =     12469.8723  1-4 EEL =    135394.4131  VDWAALS    =    152372.8907
 EELEC  =  -1650845.0676  EHBOND  =         0.0000  RESTRAINT  =         0.0000
 EKCMT  =    112207.0253  VIRIAL  =    109991.8884  VOLUME     =   4335092.2103
                                                    Density    =         1.0087
 ------------------------------------------------------------------------------


 NSTEP =  6200000   TIME(PS) =   12975.000  TEMP(K) =   300.43  PRESS =   -43.4
 Etot   =  -1015024.2760  EKtot   =    263599.6875  EPtot      =  -1278623.9635
 BOND   =     10438.0226  ANGLE   =     27762.9595  DIHED      =     33294.3907
 1-4 NB =     12365.7642  1-4 EEL =    135096.0119  VDWAALS    =    152189.7000
 EELEC  =  -1649770.8124  EHBOND  =         0.0000  RESTRAINT  =         0.0000
 EKCMT  =    111936.2782  VIRIAL  =    116003.1238  VOLUME     =   4336685.5175
                                                    Density    =         1.0083
 ------------------------------------------------------------------------------


 NSTEP =  6250000   TIME(PS) =   13075.000  TEMP(K) =   300.37  PRESS =    27.7
 Etot   =  -1015759.3914  EKtot   =    263543.0625  EPtot      =  -1279302.4539
 BOND   =     10407.8738  ANGLE   =     27847.2704  DIHED      =     33207.8513
 1-4 NB =     12366.1882  1-4 EEL =    135119.4971  VDWAALS    =    152950.8640
 EELEC  =  -1651201.9987  EHBOND  =         0.0000  RESTRAINT  =         0.0000
 EKCMT  =    112727.9157  VIRIAL  =    110129.1931  VOLUME     =   4337620.6618
                                                    Density    =         1.0081
 ------------------------------------------------------------------------------


 NSTEP =  6300000   TIME(PS) =   13175.000  TEMP(K) =   300.95  PRESS =    -6.8
 Etot   =  -1015716.4086  EKtot   =    264056.4375  EPtot      =  -1279772.8461
 BOND   =     10466.5905  ANGLE   =     28005.6162  DIHED      =     33359.5761
 1-4 NB =     12295.6228  1-4 EEL =    134946.3225  VDWAALS    =    153136.3781
 EELEC  =  -1651982.9522  EHBOND  =         0.0000  RESTRAINT  =         0.0000
 EKCMT  =    112796.3716  VIRIAL  =    113428.9859  VOLUME     =   4336197.5598
                                                    Density    =         1.0084
 ------------------------------------------------------------------------------


 NSTEP =  6350000   TIME(PS) =   13275.000  TEMP(K) =   300.14  PRESS =   -32.7
 Etot   =  -1015401.7541  EKtot   =    263346.6250  EPtot      =  -1278748.3791
 BOND   =     10546.8008  ANGLE   =     28074.4005  DIHED      =     33153.7949
 1-4 NB =     12369.1351  1-4 EEL =    134973.6055  VDWAALS    =    152483.6583
 EELEC  =  -1650349.7741  EHBOND  =         0.0000  RESTRAINT  =         0.0000
 EKCMT  =    112288.8221  VIRIAL  =    115351.0511  VOLUME     =   4339491.2695
                                                    Density    =         1.0077
 ------------------------------------------------------------------------------


 NSTEP =  6400000   TIME(PS) =   13375.000  TEMP(K) =   300.17  PRESS =   -18.3
 Etot   =  -1015186.2657  EKtot   =    263373.2188  EPtot      =  -1278559.4845
 BOND   =     10494.4021  ANGLE   =     27773.0636  DIHED      =     33181.5641
 1-4 NB =     12307.7711  1-4 EEL =    134984.1745  VDWAALS    =    151968.3565
 EELEC  =  -1649268.8165  EHBOND  =         0.0000  RESTRAINT  =         0.0000
 EKCMT  =    112326.3381  VIRIAL  =    114037.3543  VOLUME     =   4338576.9071
                                                    Density    =         1.0079
 ------------------------------------------------------------------------------


 NSTEP =  6450000   TIME(PS) =   13475.000  TEMP(K) =   300.20  PRESS =   -44.7
 Etot   =  -1015144.2228  EKtot   =    263391.7500  EPtot      =  -1278535.9728
 BOND   =     10489.9840  ANGLE   =     27996.9434  DIHED      =     33268.7325
 1-4 NB =     12357.9812  1-4 EEL =    135166.1333  VDWAALS    =    151543.3630
 EELEC  =  -1649359.1104  EHBOND  =         0.0000  RESTRAINT  =         0.0000
 EKCMT  =    112531.3750  VIRIAL  =    116715.4793  VOLUME     =   4335457.2774
                                                    Density    =         1.0086
 ------------------------------------------------------------------------------


 NSTEP =  6500000   TIME(PS) =   13575.000  TEMP(K) =   299.69  PRESS =   -15.7
 Etot   =  -1016101.5114  EKtot   =    262944.0312  EPtot      =  -1279045.5427
 BOND   =     10413.9037  ANGLE   =     27770.2626  DIHED      =     33271.8002
 1-4 NB =     12367.2726  1-4 EEL =    135259.1454  VDWAALS    =    152296.2759
 EELEC  =  -1650424.2032  EHBOND  =         0.0000  RESTRAINT  =         0.0000
 EKCMT  =    111535.1041  VIRIAL  =    113002.9757  VOLUME     =   4335544.6448
                                                    Density    =         1.0086
 ------------------------------------------------------------------------------


 NSTEP =  6550000   TIME(PS) =   13675.000  TEMP(K) =   299.89  PRESS =   -19.8
 Etot   =  -1015312.9084  EKtot   =    263124.8438  EPtot      =  -1278437.7522
 BOND   =     10575.0653  ANGLE   =     27935.4413  DIHED      =     33134.6676
 1-4 NB =     12390.1592  1-4 EEL =    135124.7347  VDWAALS    =    151805.6771
 EELEC  =  -1649403.4974  EHBOND  =         0.0000  RESTRAINT  =         0.0000
 EKCMT  =    111849.9662  VIRIAL  =    113701.5893  VOLUME     =   4337167.8897
                                                    Density    =         1.0082
 ------------------------------------------------------------------------------


 NSTEP =  6600000   TIME(PS) =   13775.000  TEMP(K) =   300.23  PRESS =     6.7
 Etot   =  -1015801.4801  EKtot   =    263425.2500  EPtot      =  -1279226.7301
 BOND   =     10632.3570  ANGLE   =     27971.4710  DIHED      =     33206.9092
 1-4 NB =     12289.4952  1-4 EEL =    135123.5439  VDWAALS    =    152208.2800
 EELEC  =  -1650658.7865  EHBOND  =         0.0000  RESTRAINT  =         0.0000
 EKCMT  =    112314.5266  VIRIAL  =    111688.1227  VOLUME     =   4337303.8627
                                                    Density    =         1.0082
 ------------------------------------------------------------------------------


 NSTEP =  6650000   TIME(PS) =   13875.000  TEMP(K) =   300.09  PRESS =    80.4
 Etot   =  -1016114.4604  EKtot   =    263298.7188  EPtot      =  -1279413.1791
 BOND   =     10454.7377  ANGLE   =     28050.5004  DIHED      =     33236.3042
 1-4 NB =     12409.5393  1-4 EEL =    135131.1587  VDWAALS    =    153036.0491
 EELEC  =  -1651731.4685  EHBOND  =         0.0000  RESTRAINT  =         0.0000
 EKCMT  =    112247.9228  VIRIAL  =    104721.4687  VOLUME     =   4338046.3482
                                                    Density    =         1.0080
 ------------------------------------------------------------------------------


 NSTEP =  6700000   TIME(PS) =   13975.000  TEMP(K) =   300.44  PRESS =   -62.2
 Etot   =  -1015587.1303  EKtot   =    263606.0625  EPtot      =  -1279193.1928
 BOND   =     10467.9391  ANGLE   =     27764.7120  DIHED      =     33347.3226
 1-4 NB =     12371.6718  1-4 EEL =    135021.0268  VDWAALS    =    151866.7009
 EELEC  =  -1650032.5661  EHBOND  =         0.0000  RESTRAINT  =         0.0000
 EKCMT  =    112077.8625  VIRIAL  =    117907.3040  VOLUME     =   4337680.7586
                                                    Density    =         1.0081
 ------------------------------------------------------------------------------


 NSTEP =  6750000   TIME(PS) =   14075.000  TEMP(K) =   300.02  PRESS =    78.9
 Etot   =  -1016015.9127  EKtot   =    263236.1562  EPtot      =  -1279252.0690
 BOND   =     10351.1056  ANGLE   =     27932.8785  DIHED      =     33087.2571
 1-4 NB =     12439.9931  1-4 EEL =    135173.2073  VDWAALS    =    152799.8284
 EELEC  =  -1651036.3389  EHBOND  =         0.0000  RESTRAINT  =         0.0000
 EKCMT  =    112475.2789  VIRIAL  =    105086.2635  VOLUME     =   4336913.9334
                                                    Density    =         1.0083
 ------------------------------------------------------------------------------


 NSTEP =  6800000   TIME(PS) =   14175.000  TEMP(K) =   299.80  PRESS =    -7.7
 Etot   =  -1016135.0365  EKtot   =    263046.9688  EPtot      =  -1279182.0053
 BOND   =     10399.3584  ANGLE   =     27849.5213  DIHED      =     33241.7533
 1-4 NB =     12386.3966  1-4 EEL =    134982.0490  VDWAALS    =    153169.4486
 EELEC  =  -1651210.5325  EHBOND  =         0.0000  RESTRAINT  =         0.0000
 EKCMT  =    112101.4198  VIRIAL  =    112822.9777  VOLUME     =   4336373.5330
                                                    Density    =         1.0084
 ------------------------------------------------------------------------------


 NSTEP =  6850000   TIME(PS) =   14275.000  TEMP(K) =   300.35  PRESS =     4.5
 Etot   =  -1015923.8650  EKtot   =    263528.5938  EPtot      =  -1279452.4588
 BOND   =     10470.7076  ANGLE   =     27762.8833  DIHED      =     33253.2181
 1-4 NB =     12318.8313  1-4 EEL =    135005.2684  VDWAALS    =    153338.4093
 EELEC  =  -1651601.7767  EHBOND  =         0.0000  RESTRAINT  =         0.0000
 EKCMT  =    112735.3976  VIRIAL  =    112316.7449  VOLUME     =   4338461.8067
                                                    Density    =         1.0079
 ------------------------------------------------------------------------------


 NSTEP =  6900000   TIME(PS) =   14375.000  TEMP(K) =   299.60  PRESS =   -23.3
 Etot   =  -1016301.7300  EKtot   =    262866.6562  EPtot      =  -1279168.3862
 BOND   =     10436.4589  ANGLE   =     27777.6520  DIHED      =     33203.2680
 1-4 NB =     12427.8959  1-4 EEL =    135016.7710  VDWAALS    =    152718.9787
 EELEC  =  -1650749.4108  EHBOND  =         0.0000  RESTRAINT  =         0.0000
 EKCMT  =    112086.4225  VIRIAL  =    114266.0634  VOLUME     =   4340523.4160
                                                    Density    =         1.0074
 ------------------------------------------------------------------------------


 NSTEP =  6950000   TIME(PS) =   14475.000  TEMP(K) =   300.75  PRESS =    24.9
 Etot   =  -1016035.5291  EKtot   =    263880.9688  EPtot      =  -1279916.4979
 BOND   =     10401.0297  ANGLE   =     28000.1918  DIHED      =     33071.0024
 1-4 NB =     12359.8212  1-4 EEL =    134826.3376  VDWAALS    =    152609.7294
 EELEC  =  -1651184.6099  EHBOND  =         0.0000  RESTRAINT  =         0.0000
 EKCMT  =    112310.3510  VIRIAL  =    109980.4139  VOLUME     =   4337894.4631
                                                    Density    =         1.0080
 ------------------------------------------------------------------------------


 NSTEP =  7000000   TIME(PS) =   14575.000  TEMP(K) =   301.04  PRESS =    27.9
 Etot   =  -1015562.7330  EKtot   =    264136.5625  EPtot      =  -1279699.2955
 BOND   =     10377.6933  ANGLE   =     27700.4122  DIHED      =     33065.0408
 1-4 NB =     12371.4577  1-4 EEL =    134842.8509  VDWAALS    =    153395.9669
 EELEC  =  -1651452.7173  EHBOND  =         0.0000  RESTRAINT  =         0.0000
 EKCMT  =    112393.3406  VIRIAL  =    109776.0453  VOLUME     =   4337282.7444
                                                    Density    =         1.0082
 ------------------------------------------------------------------------------


 NSTEP =  7050000   TIME(PS) =   14675.000  TEMP(K) =   300.22  PRESS =    20.0
 Etot   =  -1016943.3499  EKtot   =    263410.4688  EPtot      =  -1280353.8186
 BOND   =     10342.6339  ANGLE   =     27838.9312  DIHED      =     33260.2395
 1-4 NB =     12339.9205  1-4 EEL =    134999.1032  VDWAALS    =    153740.3606
 EELEC  =  -1652875.0074  EHBOND  =         0.0000  RESTRAINT  =         0.0000
 EKCMT  =    112427.8487  VIRIAL  =    110558.6677  VOLUME     =   4335127.0529
                                                    Density    =         1.0087
 ------------------------------------------------------------------------------


 NSTEP =  7100000   TIME(PS) =   14775.000  TEMP(K) =   299.38  PRESS =   -28.1
 Etot   =  -1016535.0215  EKtot   =    262673.7188  EPtot      =  -1279208.7402
 BOND   =     10603.7930  ANGLE   =     27781.7967  DIHED      =     33302.8708
 1-4 NB =     12312.5250  1-4 EEL =    134819.2818  VDWAALS    =    152811.5331
 EELEC  =  -1650840.5406  EHBOND  =         0.0000  RESTRAINT  =         0.0000
 EKCMT  =    111968.4127  VIRIAL  =    114598.4457  VOLUME     =   4336991.8141
                                                    Density    =         1.0082
 ------------------------------------------------------------------------------


 NSTEP =  7150000   TIME(PS) =   14875.000  TEMP(K) =   300.56  PRESS =    55.6
 Etot   =  -1015784.6229  EKtot   =    263713.7188  EPtot      =  -1279498.3416
 BOND   =     10495.4606  ANGLE   =     27973.3947  DIHED      =     33161.5637
 1-4 NB =     12399.1718  1-4 EEL =    135066.8709  VDWAALS    =    153153.6251
 EELEC  =  -1651748.4285  EHBOND  =         0.0000  RESTRAINT  =         0.0000
 EKCMT  =    112622.7138  VIRIAL  =    107418.7876  VOLUME     =   4336225.0162
                                                    Density    =         1.0084
 ------------------------------------------------------------------------------


 NSTEP =  7200000   TIME(PS) =   14975.000  TEMP(K) =   299.08  PRESS =    -2.1
 Etot   =  -1017396.9338  EKtot   =    262416.0625  EPtot      =  -1279812.9963
 BOND   =     10332.3661  ANGLE   =     27773.2745  DIHED      =     33343.6336
 1-4 NB =     12424.1671  1-4 EEL =    135204.5777  VDWAALS    =    152884.6001
 EELEC  =  -1651775.6154  EHBOND  =         0.0000  RESTRAINT  =         0.0000
 EKCMT  =    112146.4796  VIRIAL  =    112340.0791  VOLUME     =   4337904.1006
                                                    Density    =         1.0080
 ------------------------------------------------------------------------------


 NSTEP =  7250000   TIME(PS) =   15075.000  TEMP(K) =   299.85  PRESS =     4.6
 Etot   =  -1017139.9654  EKtot   =    263090.9375  EPtot      =  -1280230.9029
 BOND   =     10511.7579  ANGLE   =     27925.6028  DIHED      =     33156.2619
 1-4 NB =     12377.0765  1-4 EEL =    134770.2151  VDWAALS    =    153084.1064
 EELEC  =  -1652055.9236  EHBOND  =         0.0000  RESTRAINT  =         0.0000
 EKCMT  =    112230.0120  VIRIAL  =    111802.4268  VOLUME     =   4336780.4863
                                                    Density    =         1.0083
 ------------------------------------------------------------------------------


 NSTEP =  7300000   TIME(PS) =   15175.000  TEMP(K) =   300.48  PRESS =   -27.5
 Etot   =  -1015993.2676  EKtot   =    263644.9375  EPtot      =  -1279638.2051
 BOND   =     10395.8699  ANGLE   =     27894.6307  DIHED      =     33294.0587
 1-4 NB =     12364.9020  1-4 EEL =    134954.6112  VDWAALS    =    152173.1716
 EELEC  =  -1650715.4492  EHBOND  =         0.0000  RESTRAINT  =         0.0000
 EKCMT  =    112256.4063  VIRIAL  =    114830.3280  VOLUME     =   4334454.2336
                                                    Density    =         1.0088
 ------------------------------------------------------------------------------


 NSTEP =  7350000   TIME(PS) =   15275.000  TEMP(K) =   300.23  PRESS =    -5.3
 Etot   =  -1015775.5174  EKtot   =    263424.3125  EPtot      =  -1279199.8299
 BOND   =     10485.3822  ANGLE   =     27872.1774  DIHED      =     33288.6207
 1-4 NB =     12484.9142  1-4 EEL =    135148.6013  VDWAALS    =    152948.8759
 EELEC  =  -1651428.4016  EHBOND  =         0.0000  RESTRAINT  =         0.0000
 EKCMT  =    112253.5615  VIRIAL  =    112753.3256  VOLUME     =   4335941.1292
                                                    Density    =         1.0085
 ------------------------------------------------------------------------------


 NSTEP =  7400000   TIME(PS) =   15375.000  TEMP(K) =   300.11  PRESS =    43.4
 Etot   =  -1015350.8615  EKtot   =    263312.5312  EPtot      =  -1278663.3928
 BOND   =     10462.0644  ANGLE   =     28007.6993  DIHED      =     33124.3037
 1-4 NB =     12303.1366  1-4 EEL =    134872.6006  VDWAALS    =    153222.6374
 EELEC  =  -1650655.8348  EHBOND  =         0.0000  RESTRAINT  =         0.0000
 EKCMT  =    111971.8601  VIRIAL  =    107912.9261  VOLUME     =   4334576.3489
                                                    Density    =         1.0088
 ------------------------------------------------------------------------------


 NSTEP =  7450000   TIME(PS) =   15475.000  TEMP(K) =   300.39  PRESS =   -85.5
 Etot   =  -1015004.2358  EKtot   =    263562.2812  EPtot      =  -1278566.5171
 BOND   =     10516.5456  ANGLE   =     27998.9342  DIHED      =     33224.0513
 1-4 NB =     12291.9802  1-4 EEL =    135134.5139  VDWAALS    =    151906.1382
 EELEC  =  -1649638.6804  EHBOND  =         0.0000  RESTRAINT  =         0.0000
 EKCMT  =    112043.1648  VIRIAL  =    120056.4091  VOLUME     =   4339403.9015
                                                    Density    =         1.0077
 ------------------------------------------------------------------------------


 NSTEP =  7500000   TIME(PS) =   15575.000  TEMP(K) =   300.37  PRESS =   -30.9
 Etot   =  -1014560.0788  EKtot   =    263545.0000  EPtot      =  -1278105.0788
 BOND   =     10485.6684  ANGLE   =     27838.1383  DIHED      =     33160.3336
 1-4 NB =     12390.4323  1-4 EEL =    134976.2674  VDWAALS    =    150939.1207
 EELEC  =  -1647895.0395  EHBOND  =         0.0000  RESTRAINT  =         0.0000
 EKCMT  =    112401.5414  VIRIAL  =    115293.7017  VOLUME     =   4338944.9364
                                                    Density    =         1.0078
 ------------------------------------------------------------------------------


 NSTEP =  7550000   TIME(PS) =   15675.000  TEMP(K) =   300.60  PRESS =     7.6
 Etot   =  -1015882.1223  EKtot   =    263744.7812  EPtot      =  -1279626.9035
 BOND   =     10542.9883  ANGLE   =     27909.2737  DIHED      =     33238.1206
 1-4 NB =     12409.2671  1-4 EEL =    134897.9169  VDWAALS    =    153073.6706
 EELEC  =  -1651698.1407  EHBOND  =         0.0000  RESTRAINT  =         0.0000
 EKCMT  =    112640.5560  VIRIAL  =    111930.9413  VOLUME     =   4333972.9905
                                                    Density    =         1.0090
 ------------------------------------------------------------------------------


 NSTEP =  7600000   TIME(PS) =   15775.000  TEMP(K) =   299.35  PRESS =   -14.9
 Etot   =  -1016953.9710  EKtot   =    262650.7812  EPtot      =  -1279604.7522
 BOND   =     10373.5208  ANGLE   =     27975.9202  DIHED      =     33309.7079
 1-4 NB =     12525.1338  1-4 EEL =    135309.9132  VDWAALS    =    151724.8112
 EELEC  =  -1650823.7593  EHBOND  =         0.0000  RESTRAINT  =         0.0000
 EKCMT  =    112095.5824  VIRIAL  =    113493.8444  VOLUME     =   4338358.1082
                                                    Density    =         1.0079
 ------------------------------------------------------------------------------


 NSTEP =  7650000   TIME(PS) =   15875.000  TEMP(K) =   299.87  PRESS =    47.3
 Etot   =  -1016421.8680  EKtot   =    263102.7812  EPtot      =  -1279524.6493
 BOND   =     10422.2769  ANGLE   =     27969.2448  DIHED      =     33164.1497
 1-4 NB =     12416.9620  1-4 EEL =    134948.4661  VDWAALS    =    153583.9851
 EELEC  =  -1652029.7339  EHBOND  =         0.0000  RESTRAINT  =         0.0000
 EKCMT  =    112099.3615  VIRIAL  =    107665.6116  VOLUME     =   4336934.1409
                                                    Density    =         1.0083
 ------------------------------------------------------------------------------


 NSTEP =  7700000   TIME(PS) =   15975.000  TEMP(K) =   300.54  PRESS =   -50.4
 Etot   =  -1015275.3897  EKtot   =    263694.6875  EPtot      =  -1278970.0772
 BOND   =     10433.0710  ANGLE   =     27840.3129  DIHED      =     33100.8086
 1-4 NB =     12358.1328  1-4 EEL =    135168.7827  VDWAALS    =    151369.8546
 EELEC  =  -1649241.0398  EHBOND  =         0.0000  RESTRAINT  =         0.0000
 EKCMT  =    112510.3034  VIRIAL  =    117230.3247  VOLUME     =   4336519.1993
                                                    Density    =         1.0084
 ------------------------------------------------------------------------------


 NSTEP =  7750000   TIME(PS) =   16075.000  TEMP(K) =   299.29  PRESS =    40.0
 Etot   =  -1016697.9108  EKtot   =    262598.4375  EPtot      =  -1279296.3483
 BOND   =     10525.0352  ANGLE   =     27840.0904  DIHED      =     33268.5803
 1-4 NB =     12366.4922  1-4 EEL =    134961.8181  VDWAALS    =    152819.3382
 EELEC  =  -1651077.7026  EHBOND  =         0.0000  RESTRAINT  =         0.0000
 EKCMT  =    111876.1741  VIRIAL  =    108136.3459  VOLUME     =   4335100.1728
                                                    Density    =         1.0087
 ------------------------------------------------------------------------------


 NSTEP =  7800000   TIME(PS) =   16175.000  TEMP(K) =   300.07  PRESS =     6.1
 Etot   =  -1016197.3062  EKtot   =    263284.3125  EPtot      =  -1279481.6187
 BOND   =     10429.1526  ANGLE   =     27893.6548  DIHED      =     33252.8494
 1-4 NB =     12364.9088  1-4 EEL =    134993.6875  VDWAALS    =    152899.3963
 EELEC  =  -1651315.2682  EHBOND  =         0.0000  RESTRAINT  =         0.0000
 EKCMT  =    112087.5503  VIRIAL  =    111515.2861  VOLUME     =   4336751.9819
                                                    Density    =         1.0083
 ------------------------------------------------------------------------------


 NSTEP =  7850000   TIME(PS) =   16275.000  TEMP(K) =   299.71  PRESS =    63.3
 Etot   =  -1016052.4097  EKtot   =    262966.0000  EPtot      =  -1279018.4097
 BOND   =     10393.5623  ANGLE   =     27722.9375  DIHED      =     33295.7198
 1-4 NB =     12342.3151  1-4 EEL =    135115.2927  VDWAALS    =    153608.9183
 EELEC  =  -1651497.1552  EHBOND  =         0.0000  RESTRAINT  =         0.0000
 EKCMT  =    111989.6098  VIRIAL  =    106062.6641  VOLUME     =   4337941.4594
                                                    Density    =         1.0080
 ------------------------------------------------------------------------------


 NSTEP =  7900000   TIME(PS) =   16375.000  TEMP(K) =   300.61  PRESS =   -40.1
 Etot   =  -1015413.1799  EKtot   =    263757.2812  EPtot      =  -1279170.4611
 BOND   =     10468.9156  ANGLE   =     27823.6493  DIHED      =     33187.4438
 1-4 NB =     12413.3777  1-4 EEL =    135095.9785  VDWAALS    =    152602.9550
 EELEC  =  -1650762.7810  EHBOND  =         0.0000  RESTRAINT  =         0.0000
 EKCMT  =    112136.7495  VIRIAL  =    115886.5918  VOLUME     =   4335589.5297
                                                    Density    =         1.0086
 ------------------------------------------------------------------------------


 NSTEP =  7950000   TIME(PS) =   16475.000  TEMP(K) =   300.29  PRESS =    66.1
 Etot   =  -1015599.0266  EKtot   =    263471.4688  EPtot      =  -1279070.4953
 BOND   =     10347.5374  ANGLE   =     27943.9213  DIHED      =     33176.6731
 1-4 NB =     12391.6358  1-4 EEL =    135173.7903  VDWAALS    =    153483.1929
 EELEC  =  -1651587.2461  EHBOND  =         0.0000  RESTRAINT  =         0.0000
 EKCMT  =    112244.1054  VIRIAL  =    106049.7484  VOLUME     =   4337799.0008
                                                    Density    =         1.0081
 ------------------------------------------------------------------------------


 NSTEP =  8000000   TIME(PS) =   16575.000  TEMP(K) =   300.28  PRESS =    30.8
 Etot   =  -1016902.4505  EKtot   =    263469.5625  EPtot      =  -1280372.0130
 BOND   =     10548.8048  ANGLE   =     27910.0433  DIHED      =     33103.5028
 1-4 NB =     12270.5254  1-4 EEL =    134926.8107  VDWAALS    =    153869.7239
 EELEC  =  -1653001.4240  EHBOND  =         0.0000  RESTRAINT  =         0.0000
 EKCMT  =    112668.1242  VIRIAL  =    109781.3508  VOLUME     =   4337397.4665
                                                    Density    =         1.0082
 ------------------------------------------------------------------------------


 NSTEP =  8050000   TIME(PS) =   16675.000  TEMP(K) =   300.31  PRESS =    12.8
 Etot   =  -1015777.1930  EKtot   =    263488.2500  EPtot      =  -1279265.4430
 BOND   =     10386.2406  ANGLE   =     28002.6250  DIHED      =     33188.2628
 1-4 NB =     12347.9324  1-4 EEL =    135056.9398  VDWAALS    =    153222.4004
 EELEC  =  -1651469.8440  EHBOND  =         0.0000  RESTRAINT  =         0.0000
 EKCMT  =    112237.1943  VIRIAL  =    111035.9622  VOLUME     =   4335420.9601
                                                    Density    =         1.0086
 ------------------------------------------------------------------------------


 NSTEP =  8100000   TIME(PS) =   16775.000  TEMP(K) =   299.59  PRESS =    47.9
 Etot   =  -1016824.1571  EKtot   =    262857.5938  EPtot      =  -1279681.7508
 BOND   =     10570.6475  ANGLE   =     28038.1684  DIHED      =     33154.9269
 1-4 NB =     12351.2430  1-4 EEL =    134610.5680  VDWAALS    =    152817.2587
 EELEC  =  -1651224.5632  EHBOND  =         0.0000  RESTRAINT  =         0.0000
 EKCMT  =    111645.4508  VIRIAL  =    107154.9374  VOLUME     =   4338192.6603
                                                    Density    =         1.0080
 ------------------------------------------------------------------------------


 NSTEP =  8150000   TIME(PS) =   16875.000  TEMP(K) =   300.08  PRESS =    52.1
 Etot   =  -1015799.7089  EKtot   =    263293.8125  EPtot      =  -1279093.5214
 BOND   =     10381.0578  ANGLE   =     27778.2371  DIHED      =     33047.1188
 1-4 NB =     12453.2333  1-4 EEL =    134878.4845  VDWAALS    =    152576.8459
 EELEC  =  -1650208.4988  EHBOND  =         0.0000  RESTRAINT  =         0.0000
 EKCMT  =    111768.8038  VIRIAL  =    106891.9615  VOLUME     =   4335173.2561
                                                    Density    =         1.0087
 ------------------------------------------------------------------------------


 NSTEP =  8200000   TIME(PS) =   16975.000  TEMP(K) =   300.22  PRESS =    23.3
 Etot   =  -1015946.7955  EKtot   =    263414.5625  EPtot      =  -1279361.3580
 BOND   =     10410.5950  ANGLE   =     27868.2099  DIHED      =     33162.6616
 1-4 NB =     12361.0876  1-4 EEL =    135016.8623  VDWAALS    =    153036.5786
 EELEC  =  -1651217.3530  EHBOND  =         0.0000  RESTRAINT  =         0.0000
 EKCMT  =    112244.0328  VIRIAL  =    110065.9011  VOLUME     =   4336445.9629
                                                    Density    =         1.0084
 ------------------------------------------------------------------------------


 NSTEP =  8250000   TIME(PS) =   17075.000  TEMP(K) =   300.38  PRESS =   -14.1
 Etot   =  -1015787.9686  EKtot   =    263554.9375  EPtot      =  -1279342.9061
 BOND   =     10467.6473  ANGLE   =     27843.0598  DIHED      =     33160.3909
 1-4 NB =     12408.3894  1-4 EEL =    134653.7928  VDWAALS    =    153135.5479
 EELEC  =  -1651011.7341  EHBOND  =         0.0000  RESTRAINT  =         0.0000
 EKCMT  =    112354.0072  VIRIAL  =    113678.0054  VOLUME     =   4339191.9117
                                                    Density    =         1.0077
 ------------------------------------------------------------------------------


 NSTEP =  8300000   TIME(PS) =   17175.000  TEMP(K) =   299.97  PRESS =    23.5
 Etot   =  -1016325.9976  EKtot   =    263189.9688  EPtot      =  -1279515.9663
 BOND   =     10366.5976  ANGLE   =     28093.0271  DIHED      =     33165.1194
 1-4 NB =     12295.8343  1-4 EEL =    134958.9589  VDWAALS    =    152188.7020
 EELEC  =  -1650584.2058  EHBOND  =         0.0000  RESTRAINT  =         0.0000
 EKCMT  =    112303.9961  VIRIAL  =    110104.6751  VOLUME     =   4337553.9739
                                                    Density    =         1.0081
 ------------------------------------------------------------------------------


 NSTEP =  8350000   TIME(PS) =   17275.000  TEMP(K) =   300.20  PRESS =    -5.0
 Etot   =  -1015252.4314  EKtot   =    263397.5312  EPtot      =  -1278649.9626
 BOND   =     10406.2295  ANGLE   =     27862.5380  DIHED      =     33217.2772
 1-4 NB =     12358.8148  1-4 EEL =    134815.7295  VDWAALS    =    152396.6883
 EELEC  =  -1649707.2399  EHBOND  =         0.0000  RESTRAINT  =         0.0000
 EKCMT  =    112075.2413  VIRIAL  =    112543.1777  VOLUME     =   4337025.2595
                                                    Density    =         1.0082
 ------------------------------------------------------------------------------


 NSTEP =  8400000   TIME(PS) =   17375.000  TEMP(K) =   300.71  PRESS =    22.9
 Etot   =  -1015208.2187  EKtot   =    263845.7188  EPtot      =  -1279053.9375
 BOND   =     10444.6494  ANGLE   =     27902.0179  DIHED      =     33242.3418
 1-4 NB =     12266.7986  1-4 EEL =    134749.3602  VDWAALS    =    152524.5788
 EELEC  =  -1650183.6842  EHBOND  =         0.0000  RESTRAINT  =         0.0000
 EKCMT  =    112258.2759  VIRIAL  =    110112.0730  VOLUME     =   4336633.6794
                                                    Density    =         1.0083
 ------------------------------------------------------------------------------


 NSTEP =  8450000   TIME(PS) =   17475.000  TEMP(K) =   300.46  PRESS =    33.0
 Etot   =  -1015356.7491  EKtot   =    263625.5312  EPtot      =  -1278982.2803
 BOND   =     10537.5821  ANGLE   =     27898.7393  DIHED      =     33277.3761
 1-4 NB =     12253.3741  1-4 EEL =    134712.4930  VDWAALS    =    152968.0200
 EELEC  =  -1650629.8649  EHBOND  =         0.0000  RESTRAINT  =         0.0000
 EKCMT  =    112316.4288  VIRIAL  =    109228.6605  VOLUME     =   4338794.4286
                                                    Density    =         1.0078
 ------------------------------------------------------------------------------


 NSTEP =  8500000   TIME(PS) =   17575.000  TEMP(K) =   299.87  PRESS =   -12.6
 Etot   =  -1016822.0467  EKtot   =    263105.9375  EPtot      =  -1279927.9842
 BOND   =     10364.9284  ANGLE   =     27800.5104  DIHED      =     33260.2907
 1-4 NB =     12349.2570  1-4 EEL =    134917.1032  VDWAALS    =    152269.0931
 EELEC  =  -1650889.1670  EHBOND  =         0.0000  RESTRAINT  =         0.0000
 EKCMT  =    112287.7813  VIRIAL  =    113465.7518  VOLUME     =   4333950.3061
                                                    Density    =         1.0090
 ------------------------------------------------------------------------------


 NSTEP =  8550000   TIME(PS) =   17675.000  TEMP(K) =   299.36  PRESS =    51.9
 Etot   =  -1017565.9156  EKtot   =    262659.2812  EPtot      =  -1280225.1969
 BOND   =     10314.0168  ANGLE   =     27817.3244  DIHED      =     33071.3363
 1-4 NB =     12409.7090  1-4 EEL =    135081.7297  VDWAALS    =    153428.7902
 EELEC  =  -1652348.1033  EHBOND  =         0.0000  RESTRAINT  =         0.0000
 EKCMT  =    111711.0350  VIRIAL  =    106851.9024  VOLUME     =   4337801.8200
                                                    Density    =         1.0081
 ------------------------------------------------------------------------------


 NSTEP =  8600000   TIME(PS) =   17775.000  TEMP(K) =   299.53  PRESS =    12.3
 Etot   =  -1016082.3680  EKtot   =    262808.4688  EPtot      =  -1278890.8367
 BOND   =     10376.6424  ANGLE   =     28083.0082  DIHED      =     33059.7540
 1-4 NB =     12358.1015  1-4 EEL =    134883.8225  VDWAALS    =    151934.9431
 EELEC  =  -1649587.1084  EHBOND  =         0.0000  RESTRAINT  =         0.0000
 EKCMT  =    112149.1094  VIRIAL  =    110998.4127  VOLUME     =   4339030.1441
                                                    Density    =         1.0078
 ------------------------------------------------------------------------------


 NSTEP =  8650000   TIME(PS) =   17875.000  TEMP(K) =   300.27  PRESS =    60.3
 Etot   =  -1015839.2393  EKtot   =    263458.3438  EPtot      =  -1279297.5831
 BOND   =     10465.4933  ANGLE   =     27751.8935  DIHED      =     33175.3423
 1-4 NB =     12412.8836  1-4 EEL =    135035.5800  VDWAALS    =    152989.2621
 EELEC  =  -1651128.0379  EHBOND  =         0.0000  RESTRAINT  =         0.0000
 EKCMT  =    112082.0364  VIRIAL  =    106438.1558  VOLUME     =   4333686.0569
                                                    Density    =         1.0090
 ------------------------------------------------------------------------------


 NSTEP =  8700000   TIME(PS) =   17975.000  TEMP(K) =   300.22  PRESS =    11.9
 Etot   =  -1016570.2081  EKtot   =    263412.2188  EPtot      =  -1279982.4269
 BOND   =     10503.3361  ANGLE   =     27764.1813  DIHED      =     32989.7222
 1-4 NB =     12377.9978  1-4 EEL =    134820.5312  VDWAALS    =    153320.7038
 EELEC  =  -1651758.8993  EHBOND  =         0.0000  RESTRAINT  =         0.0000
 EKCMT  =    112113.7197  VIRIAL  =    110995.4595  VOLUME     =   4337247.8256
                                                    Density    =         1.0082
 ------------------------------------------------------------------------------


 NSTEP =  8750000   TIME(PS) =   18075.000  TEMP(K) =   299.02  PRESS =     8.8
 Etot   =  -1017230.4426  EKtot   =    262361.0938  EPtot      =  -1279591.5363
 BOND   =     10502.6511  ANGLE   =     27932.6039  DIHED      =     33238.6386
 1-4 NB =     12362.5798  1-4 EEL =    135031.2769  VDWAALS    =    153158.0202
 EELEC  =  -1651817.3069  EHBOND  =         0.0000  RESTRAINT  =         0.0000
 EKCMT  =    111545.1304  VIRIAL  =    110717.9385  VOLUME     =   4336009.1932
                                                    Density    =         1.0085
 ------------------------------------------------------------------------------


 NSTEP =  8800000   TIME(PS) =   18175.000  TEMP(K) =   300.41  PRESS =   -22.7
 Etot   =  -1015025.0115  EKtot   =    263579.0938  EPtot      =  -1278604.1052
 BOND   =     10416.3488  ANGLE   =     27687.2223  DIHED      =     33256.3920
 1-4 NB =     12353.3196  1-4 EEL =    135025.7007  VDWAALS    =    152014.6052
 EELEC  =  -1649357.6938  EHBOND  =         0.0000  RESTRAINT  =         0.0000
 EKCMT  =    112600.1642  VIRIAL  =    114723.3289  VOLUME     =   4338357.1820
                                                    Density    =         1.0079
 ------------------------------------------------------------------------------


 NSTEP =  8850000   TIME(PS) =   18275.000  TEMP(K) =   300.23  PRESS =   -52.8
 Etot   =  -1015249.6519  EKtot   =    263420.5625  EPtot      =  -1278670.2144
 BOND   =     10511.2387  ANGLE   =     28222.5876  DIHED      =     33151.8489
 1-4 NB =     12459.8029  1-4 EEL =    134893.9317  VDWAALS    =    152131.4630
 EELEC  =  -1650041.0873  EHBOND  =         0.0000  RESTRAINT  =         0.0000
 EKCMT  =    112213.7949  VIRIAL  =    117160.8429  VOLUME     =   4335367.1543
                                                    Density    =         1.0086
 ------------------------------------------------------------------------------


 NSTEP =  8900000   TIME(PS) =   18375.000  TEMP(K) =   299.42  PRESS =    -1.7
 Etot   =  -1016315.2756  EKtot   =    262714.8438  EPtot      =  -1279030.1194
 BOND   =     10479.4418  ANGLE   =     28045.6089  DIHED      =     33148.6373
 1-4 NB =     12355.7903  1-4 EEL =    134897.8565  VDWAALS    =    153253.9245
 EELEC  =  -1651211.3787  EHBOND  =         0.0000  RESTRAINT  =         0.0000
 EKCMT  =    111964.5406  VIRIAL  =    112124.4698  VOLUME     =   4340335.0394
                                                    Density    =         1.0075
 ------------------------------------------------------------------------------


 NSTEP =  8950000   TIME(PS) =   18475.000  TEMP(K) =   299.74  PRESS =   -37.0
 Etot   =  -1015020.0156  EKtot   =    262995.7188  EPtot      =  -1278015.7343
 BOND   =     10668.3643  ANGLE   =     27766.5020  DIHED      =     33221.1538
 1-4 NB =     12326.2455  1-4 EEL =    134876.9788  VDWAALS    =    151973.4492
 EELEC  =  -1648848.4278  EHBOND  =         0.0000  RESTRAINT  =         0.0000
 EKCMT  =    112061.5974  VIRIAL  =    115526.4656  VOLUME     =   4337954.0086
                                                    Density    =         1.0080
 ------------------------------------------------------------------------------


 NSTEP =  9000000   TIME(PS) =   18575.000  TEMP(K) =   300.05  PRESS =     1.9
 Etot   =  -1016143.7282  EKtot   =    263265.2188  EPtot      =  -1279408.9470
 BOND   =     10328.7899  ANGLE   =     27988.7736  DIHED      =     33110.0331
 1-4 NB =     12375.9828  1-4 EEL =    134897.0195  VDWAALS    =    152148.0626
 EELEC  =  -1650257.6085  EHBOND  =         0.0000  RESTRAINT  =         0.0000
 EKCMT  =    112162.2087  VIRIAL  =    111986.1898  VOLUME     =   4335523.4113
                                                    Density    =         1.0086
 ------------------------------------------------------------------------------


 NSTEP =  9050000   TIME(PS) =   18675.000  TEMP(K) =   299.92  PRESS =    39.4
 Etot   =  -1016807.1829  EKtot   =    263153.3750  EPtot      =  -1279960.5579
 BOND   =     10345.9886  ANGLE   =     27680.8191  DIHED      =     33194.3205
 1-4 NB =     12402.1861  1-4 EEL =    134929.3199  VDWAALS    =    152625.7593
 EELEC  =  -1651138.9514  EHBOND  =         0.0000  RESTRAINT  =         0.0000
 EKCMT  =    111822.4245  VIRIAL  =    108135.1952  VOLUME     =   4335701.9313
                                                    Density    =         1.0085
 ------------------------------------------------------------------------------


 NSTEP =  9100000   TIME(PS) =   18775.000  TEMP(K) =   300.91  PRESS =    21.9
 Etot   =  -1014080.4687  EKtot   =    264016.1250  EPtot      =  -1278096.5937
 BOND   =     10513.7925  ANGLE   =     27968.5556  DIHED      =     33122.9509
 1-4 NB =     12364.9372  1-4 EEL =    134934.6718  VDWAALS    =    152007.7596
 EELEC  =  -1649009.2615  EHBOND  =         0.0000  RESTRAINT  =         0.0000
 EKCMT  =    112799.5125  VIRIAL  =    110749.1966  VOLUME     =   4337603.0828
                                                    Density    =         1.0081
 ------------------------------------------------------------------------------


 NSTEP =  9150000   TIME(PS) =   18875.000  TEMP(K) =   300.42  PRESS =   -47.1
 Etot   =  -1015941.9199  EKtot   =    263585.1562  EPtot      =  -1279527.0762
 BOND   =     10584.6302  ANGLE   =     28018.2101  DIHED      =     33057.4880
 1-4 NB =     12355.9074  1-4 EEL =    134586.1174  VDWAALS    =    152849.4726
 EELEC  =  -1650978.9018  EHBOND  =         0.0000  RESTRAINT  =         0.0000
 EKCMT  =    112109.9157  VIRIAL  =    116518.6852  VOLUME     =   4337237.5850
                                                    Density    =         1.0082
 ------------------------------------------------------------------------------


 NSTEP =  9200000   TIME(PS) =   18975.000  TEMP(K) =   300.50  PRESS =   -42.7
 Etot   =  -1015732.1772  EKtot   =    263654.9062  EPtot      =  -1279387.0834
 BOND   =     10444.3084  ANGLE   =     27653.6163  DIHED      =     33260.8007
 1-4 NB =     12424.9722  1-4 EEL =    135043.3513  VDWAALS    =    152753.6385
 EELEC  =  -1650967.7709  EHBOND  =         0.0000  RESTRAINT  =         0.0000
 EKCMT  =    112274.8205  VIRIAL  =    116277.6031  VOLUME     =   4336924.1221
                                                    Density    =         1.0083
 ------------------------------------------------------------------------------


 NSTEP =  9250000   TIME(PS) =   19075.000  TEMP(K) =   299.91  PRESS =   -37.3
 Etot   =  -1016094.1023  EKtot   =    263137.6250  EPtot      =  -1279231.7273
 BOND   =     10530.6302  ANGLE   =     27938.2883  DIHED      =     33205.2708
 1-4 NB =     12404.9504  1-4 EEL =    134751.8308  VDWAALS    =    152610.7322
 EELEC  =  -1650673.4300  EHBOND  =         0.0000  RESTRAINT  =         0.0000
 EKCMT  =    112289.7163  VIRIAL  =    115784.3148  VOLUME     =   4337138.3687
                                                    Density    =         1.0082
 ------------------------------------------------------------------------------


 NSTEP =  9300000   TIME(PS) =   19175.000  TEMP(K) =   300.48  PRESS =    21.9
 Etot   =  -1014891.4019  EKtot   =    263644.1562  EPtot      =  -1278535.5581
 BOND   =     10479.7753  ANGLE   =     27953.1474  DIHED      =     33178.7164
 1-4 NB =     12389.2044  1-4 EEL =    134866.8816  VDWAALS    =    152750.3215
 EELEC  =  -1650153.6048  EHBOND  =         0.0000  RESTRAINT  =         0.0000
 EKCMT  =    112103.8137  VIRIAL  =    110056.9859  VOLUME     =   4338441.5986
                                                    Density    =         1.0079
 ------------------------------------------------------------------------------


 NSTEP =  9350000   TIME(PS) =   19275.000  TEMP(K) =   300.70  PRESS =   -18.4
 Etot   =  -1016558.7305  EKtot   =    263831.5625  EPtot      =  -1280390.2930
 BOND   =     10408.8938  ANGLE   =     27748.2839  DIHED      =     33083.8520
 1-4 NB =     12370.0514  1-4 EEL =    134839.0722  VDWAALS    =    153158.1294
 EELEC  =  -1651998.5757  EHBOND  =         0.0000  RESTRAINT  =         0.0000
 EKCMT  =    112481.6924  VIRIAL  =    114208.5214  VOLUME     =   4337597.8288
                                                    Density    =         1.0081
 ------------------------------------------------------------------------------


 NSTEP =  9400000   TIME(PS) =   19375.000  TEMP(K) =   300.01  PRESS =     8.4
 Etot   =  -1016277.3857  EKtot   =    263228.3125  EPtot      =  -1279505.6982
 BOND   =     10471.1246  ANGLE   =     28015.9946  DIHED      =     33040.3079
 1-4 NB =     12358.0937  1-4 EEL =    135120.8735  VDWAALS    =    153007.2852
 EELEC  =  -1651519.3777  EHBOND  =         0.0000  RESTRAINT  =         0.0000
 EKCMT  =    112420.4978  VIRIAL  =    111632.4184  VOLUME     =   4335808.2382
                                                    Density    =         1.0085
 ------------------------------------------------------------------------------


 NSTEP =  9450000   TIME(PS) =   19475.000  TEMP(K) =   299.85  PRESS =    -3.6
 Etot   =  -1016199.1038  EKtot   =    263090.1875  EPtot      =  -1279289.2913
 BOND   =     10351.4312  ANGLE   =     27854.5474  DIHED      =     33148.7221
 1-4 NB =     12391.0086  1-4 EEL =    134964.3801  VDWAALS    =    152142.5778
 EELEC  =  -1650141.9585  EHBOND  =         0.0000  RESTRAINT  =         0.0000
 EKCMT  =    111970.0420  VIRIAL  =    112305.0679  VOLUME     =   4337949.4994
                                                    Density    =         1.0080
 ------------------------------------------------------------------------------


 NSTEP =  9500000   TIME(PS) =   19575.000  TEMP(K) =   300.50  PRESS =   -59.7
 Etot   =  -1015163.5981  EKtot   =    263663.2812  EPtot      =  -1278826.8793
 BOND   =     10449.8920  ANGLE   =     28083.0263  DIHED      =     33219.8739
 1-4 NB =     12374.1525  1-4 EEL =    134719.3138  VDWAALS    =    152039.9294
 EELEC  =  -1649713.0672  EHBOND  =         0.0000  RESTRAINT  =         0.0000
 EKCMT  =    112548.7760  VIRIAL  =    118135.7749  VOLUME     =   4335949.6972
                                                    Density    =         1.0085
 ------------------------------------------------------------------------------


 NSTEP =  9550000   TIME(PS) =   19675.000  TEMP(K) =   300.04  PRESS =   -15.8
 Etot   =  -1015867.9701  EKtot   =    263251.0938  EPtot      =  -1279119.0639
 BOND   =     10377.3070  ANGLE   =     28076.2416  DIHED      =     33104.6941
 1-4 NB =     12391.7248  1-4 EEL =    134721.7439  VDWAALS    =    151885.1708
 EELEC  =  -1649675.9462  EHBOND  =         0.0000  RESTRAINT  =         0.0000
 EKCMT  =    111801.0642  VIRIAL  =    113282.0403  VOLUME     =   4335852.6951
                                                    Density    =         1.0085
 ------------------------------------------------------------------------------


 NSTEP =  9600000   TIME(PS) =   19775.000  TEMP(K) =   299.84  PRESS =   125.1
 Etot   =  -1016720.9065  EKtot   =    263083.8438  EPtot      =  -1279804.7503
 BOND   =     10408.6161  ANGLE   =     27846.2639  DIHED      =     33205.5902
 1-4 NB =     12400.5545  1-4 EEL =    134482.5191  VDWAALS    =    154650.0336
 EELEC  =  -1652798.3277  EHBOND  =         0.0000  RESTRAINT  =         0.0000
 EKCMT  =    112160.0059  VIRIAL  =    100440.8031  VOLUME     =   4337130.2677
                                                    Density    =         1.0082
 ------------------------------------------------------------------------------


 NSTEP =  9650000   TIME(PS) =   19875.000  TEMP(K) =   299.50  PRESS =   -15.0
 Etot   =  -1016497.4627  EKtot   =    262785.5938  EPtot      =  -1279283.0564
 BOND   =     10437.6579  ANGLE   =     27982.3409  DIHED      =     33055.4541
 1-4 NB =     12317.8009  1-4 EEL =    134944.3914  VDWAALS    =    153495.0337
 EELEC  =  -1651515.7354  EHBOND  =         0.0000  RESTRAINT  =         0.0000
 EKCMT  =    111860.1372  VIRIAL  =    113268.0135  VOLUME     =   4337417.9263
                                                    Density    =         1.0082
 ------------------------------------------------------------------------------


 NSTEP =  9700000   TIME(PS) =   19975.000  TEMP(K) =   300.52  PRESS =    83.3
 Etot   =  -1015358.2686  EKtot   =    263680.7188  EPtot      =  -1279038.9874
 BOND   =     10428.1043  ANGLE   =     27868.5215  DIHED      =     33105.0795
 1-4 NB =     12369.4001  1-4 EEL =    134931.7075  VDWAALS    =    152997.9518
 EELEC  =  -1650739.7520  EHBOND  =         0.0000  RESTRAINT  =         0.0000
 EKCMT  =    112122.2472  VIRIAL  =    104318.5691  VOLUME     =   4339487.0862
                                                    Density    =         1.0077
 ------------------------------------------------------------------------------


 NSTEP =  9750000   TIME(PS) =   20075.000  TEMP(K) =   299.23  PRESS =     8.2
 Etot   =  -1016316.6908  EKtot   =    262548.0938  EPtot      =  -1278864.7846
 BOND   =     10363.1241  ANGLE   =     28078.2140  DIHED      =     33174.2119
 1-4 NB =     12364.2213  1-4 EEL =    134769.6815  VDWAALS    =    152733.2028
 EELEC  =  -1650347.4402  EHBOND  =         0.0000  RESTRAINT  =         0.0000
 EKCMT  =    111928.0890  VIRIAL  =    111160.8379  VOLUME     =   4336029.5214
                                                    Density    =         1.0085
 ------------------------------------------------------------------------------


 NSTEP =  9800000   TIME(PS) =   20175.000  TEMP(K) =   300.24  PRESS =    10.0
 Etot   =  -1015569.4630  EKtot   =    263432.0625  EPtot      =  -1279001.5255
 BOND   =     10530.9559  ANGLE   =     27835.5059  DIHED      =     33139.5685
 1-4 NB =     12297.1863  1-4 EEL =    134845.0416  VDWAALS    =    152841.4159
 EELEC  =  -1650491.1997  EHBOND  =         0.0000  RESTRAINT  =         0.0000
 EKCMT  =    112054.2169  VIRIAL  =    111122.2911  VOLUME     =   4337163.4250
                                                    Density    =         1.0082
 ------------------------------------------------------------------------------


 NSTEP =  9850000   TIME(PS) =   20275.000  TEMP(K) =   299.11  PRESS =    49.0
 Etot   =  -1017334.2095  EKtot   =    262441.6250  EPtot      =  -1279775.8345
 BOND   =     10351.4442  ANGLE   =     27615.1412  DIHED      =     33135.0351
 1-4 NB =     12372.7266  1-4 EEL =    134971.9189  VDWAALS    =    153214.5996
 EELEC  =  -1651436.7001  EHBOND  =         0.0000  RESTRAINT  =         0.0000
 EKCMT  =    111506.0840  VIRIAL  =    106915.2412  VOLUME     =   4335892.1297
                                                    Density    =         1.0085
 ------------------------------------------------------------------------------


 NSTEP =  9900000   TIME(PS) =   20375.000  TEMP(K) =   300.57  PRESS =   -30.3
 Etot   =  -1016396.8657  EKtot   =    263718.2188  EPtot      =  -1280115.0845
 BOND   =     10429.5762  ANGLE   =     27952.5487  DIHED      =     33098.9115
 1-4 NB =     12369.5834  1-4 EEL =    134894.7701  VDWAALS    =    152773.6368
 EELEC  =  -1651634.1111  EHBOND  =         0.0000  RESTRAINT  =         0.0000
 EKCMT  =    112111.4914  VIRIAL  =    114950.9805  VOLUME     =   4340416.8054
                                                    Density    =         1.0075
 ------------------------------------------------------------------------------


 NSTEP =  9950000   TIME(PS) =   20475.000  TEMP(K) =   299.83  PRESS =    14.4
 Etot   =  -1015888.0410  EKtot   =    263075.2188  EPtot      =  -1278963.2598
 BOND   =     10584.6087  ANGLE   =     27809.8743  DIHED      =     33119.8383
 1-4 NB =     12346.6800  1-4 EEL =    134963.1224  VDWAALS    =    153161.6571
 EELEC  =  -1650949.0406  EHBOND  =         0.0000  RESTRAINT  =         0.0000
 EKCMT  =    112214.2382  VIRIAL  =    110864.8300  VOLUME     =   4335212.2882
                                                    Density    =         1.0087
 ------------------------------------------------------------------------------


 NSTEP = 10000000   TIME(PS) =   20575.000  TEMP(K) =   299.60  PRESS =     7.1
 Etot   =  -1016433.0558  EKtot   =    262869.1875  EPtot      =  -1279302.2433
 BOND   =     10553.8016  ANGLE   =     27861.1323  DIHED      =     33124.7749
 1-4 NB =     12397.1611  1-4 EEL =    134947.2780  VDWAALS    =    152282.6053
 EELEC  =  -1650468.9965  EHBOND  =         0.0000  RESTRAINT  =         0.0000
 EKCMT  =    112109.7150  VIRIAL  =    111441.1226  VOLUME     =   4337208.8785
                                                    Density    =         1.0082
 ------------------------------------------------------------------------------


 NSTEP = 10050000   TIME(PS) =   20675.000  TEMP(K) =   300.27  PRESS =    22.6
 Etot   =  -1016229.1082  EKtot   =    263456.2812  EPtot      =  -1279685.3894
 BOND   =     10394.9598  ANGLE   =     27896.7023  DIHED      =     33174.9714
 1-4 NB =     12393.0197  1-4 EEL =    135136.2421  VDWAALS    =    153379.8315
 EELEC  =  -1652061.1161  EHBOND  =         0.0000  RESTRAINT  =         0.0000
 EKCMT  =    112331.5079  VIRIAL  =    110219.1462  VOLUME     =   4334588.2832
                                                    Density    =         1.0088
 ------------------------------------------------------------------------------


 NSTEP = 10100000   TIME(PS) =   20775.000  TEMP(K) =   301.00  PRESS =     6.9
 Etot   =  -1015691.5815  EKtot   =    264093.8750  EPtot      =  -1279785.4565
 BOND   =     10524.2526  ANGLE   =     27988.1089  DIHED      =     33024.9570
 1-4 NB =     12334.8967  1-4 EEL =    134939.6528  VDWAALS    =    152982.8745
 EELEC  =  -1651580.1990  EHBOND  =         0.0000  RESTRAINT  =         0.0000
 EKCMT  =    112598.5543  VIRIAL  =    111951.4640  VOLUME     =   4337612.8324
                                                    Density    =         1.0081
 ------------------------------------------------------------------------------


 NSTEP = 10150000   TIME(PS) =   20875.000  TEMP(K) =   300.35  PRESS =    55.5
 Etot   =  -1015392.0850  EKtot   =    263523.0000  EPtot      =  -1278915.0850
 BOND   =     10635.3056  ANGLE   =     27827.6621  DIHED      =     32987.3789
 1-4 NB =     12247.0890  1-4 EEL =    134887.9905  VDWAALS    =    152397.7564
 EELEC  =  -1649898.2674  EHBOND  =         0.0000  RESTRAINT  =         0.0000
 EKCMT  =    111833.7424  VIRIAL  =    106634.3051  VOLUME     =   4336337.8387
                                                    Density    =         1.0084
 ------------------------------------------------------------------------------


 NSTEP = 10200000   TIME(PS) =   20975.000  TEMP(K) =   299.62  PRESS =     6.5
 Etot   =  -1016516.9180  EKtot   =    262884.9375  EPtot      =  -1279401.8555
 BOND   =     10484.6764  ANGLE   =     28140.6557  DIHED      =     32965.5433
 1-4 NB =     12385.6152  1-4 EEL =    134893.8142  VDWAALS    =    153058.0517
 EELEC  =  -1651330.2120  EHBOND  =         0.0000  RESTRAINT  =         0.0000
 EKCMT  =    111972.5543  VIRIAL  =    111367.1464  VOLUME     =   4335466.0453
                                                    Density    =         1.0086
 ------------------------------------------------------------------------------


 NSTEP = 10250000   TIME(PS) =   21075.000  TEMP(K) =   298.35  PRESS =    37.1
 Etot   =  -1017656.1153  EKtot   =    261774.0938  EPtot      =  -1279430.2091
 BOND   =     10496.4884  ANGLE   =     27857.5516  DIHED      =     33166.1662
 1-4 NB =     12436.9740  1-4 EEL =    135026.7282  VDWAALS    =    153329.3885
 EELEC  =  -1651743.5060  EHBOND  =         0.0000  RESTRAINT  =         0.0000
 EKCMT  =    111768.4827  VIRIAL  =    108295.8960  VOLUME     =   4336968.9629
                                                    Density    =         1.0083
 ------------------------------------------------------------------------------


 NSTEP = 10300000   TIME(PS) =   21175.000  TEMP(K) =   299.38  PRESS =    73.0
 Etot   =  -1015556.6497  EKtot   =    262672.0625  EPtot      =  -1278228.7122
 BOND   =     10531.1124  ANGLE   =     28154.0463  DIHED      =     33164.7140
 1-4 NB =     12377.6439  1-4 EEL =    135066.6723  VDWAALS    =    152446.0463
 EELEC  =  -1649968.9473  EHBOND  =         0.0000  RESTRAINT  =         0.0000
 EKCMT  =    111704.2331  VIRIAL  =    104868.9014  VOLUME     =   4337256.4138
                                                    Density    =         1.0082
 ------------------------------------------------------------------------------


 NSTEP = 10350000   TIME(PS) =   21275.000  TEMP(K) =   299.76  PRESS =    65.2
 Etot   =  -1016191.7589  EKtot   =    263011.2500  EPtot      =  -1279203.0089
 BOND   =     10317.8242  ANGLE   =     28139.8361  DIHED      =     33070.1926
 1-4 NB =     12356.7163  1-4 EEL =    134975.3523  VDWAALS    =    152756.7069
 EELEC  =  -1650819.6374  EHBOND  =         0.0000  RESTRAINT  =         0.0000
 EKCMT  =    112113.0136  VIRIAL  =    106010.5888  VOLUME     =   4335782.9182
                                                    Density    =         1.0085
 ------------------------------------------------------------------------------


 NSTEP = 10400000   TIME(PS) =   21375.000  TEMP(K) =   299.79  PRESS =    33.2
 Etot   =  -1016192.1729  EKtot   =    263032.0000  EPtot      =  -1279224.1729
 BOND   =     10480.9270  ANGLE   =     27732.2474  DIHED      =     33171.3631
 1-4 NB =     12337.0003  1-4 EEL =    135088.5424  VDWAALS    =    152713.1837
 EELEC  =  -1650747.4369  EHBOND  =         0.0000  RESTRAINT  =         0.0000
 EKCMT  =    112302.1163  VIRIAL  =    109198.2896  VOLUME     =   4336076.3257
                                                    Density    =         1.0085
 ------------------------------------------------------------------------------


 NSTEP = 10450000   TIME(PS) =   21475.000  TEMP(K) =   299.79  PRESS =   -19.8
 Etot   =  -1016770.4691  EKtot   =    263032.3125  EPtot      =  -1279802.7816
 BOND   =     10489.3421  ANGLE   =     27837.5051  DIHED      =     33063.6820
 1-4 NB =     12369.0433  1-4 EEL =    135281.2017  VDWAALS    =    152640.8143
 EELEC  =  -1651484.3700  EHBOND  =         0.0000  RESTRAINT  =         0.0000
 EKCMT  =    111922.3607  VIRIAL  =    113779.4924  VOLUME     =   4336809.4180
                                                    Density    =         1.0083
 ------------------------------------------------------------------------------


 NSTEP = 10500000   TIME(PS) =   21575.000  TEMP(K) =   299.79  PRESS =   -48.4
 Etot   =  -1016610.5810  EKtot   =    263038.9688  EPtot      =  -1279649.5498
 BOND   =     10552.1601  ANGLE   =     27960.8714  DIHED      =     33086.3548
 1-4 NB =     12317.3297  1-4 EEL =    134781.7504  VDWAALS    =    152861.2520
 EELEC  =  -1651209.2682  EHBOND  =         0.0000  RESTRAINT  =         0.0000
 EKCMT  =    111899.3383  VIRIAL  =    116433.7162  VOLUME     =   4337817.7095
                                                    Density    =         1.0081
 ------------------------------------------------------------------------------


 NSTEP = 10550000   TIME(PS) =   21675.000  TEMP(K) =   300.53  PRESS =    65.6
 Etot   =  -1015593.6715  EKtot   =    263681.1562  EPtot      =  -1279274.8277
 BOND   =     10451.2006  ANGLE   =     28142.1058  DIHED      =     33127.2209
 1-4 NB =     12282.1553  1-4 EEL =    134935.5281  VDWAALS    =    152252.3085
 EELEC  =  -1650465.3470  EHBOND  =         0.0000  RESTRAINT  =         0.0000
 EKCMT  =    112456.2302  VIRIAL  =    106313.3346  VOLUME     =   4339424.7526
                                                    Density    =         1.0077
 ------------------------------------------------------------------------------


 NSTEP = 10600000   TIME(PS) =   21775.000  TEMP(K) =   299.49  PRESS =     7.5
 Etot   =  -1016739.4285  EKtot   =    262771.3750  EPtot      =  -1279510.8035
 BOND   =     10475.8096  ANGLE   =     27738.9563  DIHED      =     33106.7500
 1-4 NB =     12380.3831  1-4 EEL =    134963.4717  VDWAALS    =    152290.1540
 EELEC  =  -1650466.3282  EHBOND  =         0.0000  RESTRAINT  =         0.0000
 EKCMT  =    111893.3137  VIRIAL  =    111193.5082  VOLUME     =   4336077.1072
                                                    Density    =         1.0085
 ------------------------------------------------------------------------------


 NSTEP = 10650000   TIME(PS) =   21875.000  TEMP(K) =   299.88  PRESS =    89.4
 Etot   =  -1016725.8799  EKtot   =    263112.6875  EPtot      =  -1279838.5674
 BOND   =     10436.3454  ANGLE   =     27884.1852  DIHED      =     33110.2646
 1-4 NB =     12458.3346  1-4 EEL =    135251.9046  VDWAALS    =    152850.9922
 EELEC  =  -1651830.5940  EHBOND  =         0.0000  RESTRAINT  =         0.0000
 EKCMT  =    112010.8706  VIRIAL  =    103636.4989  VOLUME     =   4336796.2701
                                                    Density    =         1.0083
 ------------------------------------------------------------------------------


 NSTEP = 10700000   TIME(PS) =   21975.000  TEMP(K) =   300.59  PRESS =    55.5
 Etot   =  -1016902.6262  EKtot   =    263737.2188  EPtot      =  -1280639.8449
 BOND   =     10507.7989  ANGLE   =     27877.5518  DIHED      =     32966.7324
 1-4 NB =     12425.0742  1-4 EEL =    134988.9621  VDWAALS    =    152864.1630
 EELEC  =  -1652270.1274  EHBOND  =         0.0000  RESTRAINT  =         0.0000
 EKCMT  =    112561.4451  VIRIAL  =    107362.5282  VOLUME     =   4336219.8194
                                                    Density    =         1.0084
 ------------------------------------------------------------------------------


 NSTEP = 10750000   TIME(PS) =   22075.000  TEMP(K) =   300.41  PRESS =   -16.9
 Etot   =  -1015698.7869  EKtot   =    263575.6562  EPtot      =  -1279274.4431
 BOND   =     10412.6881  ANGLE   =     27928.7356  DIHED      =     33112.0669
 1-4 NB =     12425.9437  1-4 EEL =    134842.1251  VDWAALS    =    152519.8590
 EELEC  =  -1650515.8615  EHBOND  =         0.0000  RESTRAINT  =         0.0000
 EKCMT  =    112471.0035  VIRIAL  =    114053.8638  VOLUME     =   4337397.2391
                                                    Density    =         1.0082
 ------------------------------------------------------------------------------


 NSTEP = 10800000   TIME(PS) =   22175.000  TEMP(K) =   299.16  PRESS =    29.4
 Etot   =  -1017339.9365  EKtot   =    262482.0000  EPtot      =  -1279821.9365
 BOND   =     10470.1470  ANGLE   =     27780.4198  DIHED      =     33145.5306
 1-4 NB =     12448.9101  1-4 EEL =    135157.7694  VDWAALS    =    153328.4144
 EELEC  =  -1652153.1278  EHBOND  =         0.0000  RESTRAINT  =         0.0000
 EKCMT  =    112052.6204  VIRIAL  =    109295.1779  VOLUME     =   4337239.7922
                                                    Density    =         1.0082
 ------------------------------------------------------------------------------


 NSTEP = 10850000   TIME(PS) =   22275.000  TEMP(K) =   299.74  PRESS =    52.9
 Etot   =  -1017045.6137  EKtot   =    262990.3125  EPtot      =  -1280035.9262
 BOND   =     10542.7424  ANGLE   =     27642.1035  DIHED      =     33161.6362
 1-4 NB =     12365.4944  1-4 EEL =    135018.1120  VDWAALS    =    152828.2727
 EELEC  =  -1651594.2874  EHBOND  =         0.0000  RESTRAINT  =         0.0000
 EKCMT  =    112126.6799  VIRIAL  =    107174.0193  VOLUME     =   4334263.3583
                                                    Density    =         1.0089
 ------------------------------------------------------------------------------


 NSTEP = 10900000   TIME(PS) =   22375.000  TEMP(K) =   299.65  PRESS =     6.1
 Etot   =  -1017057.0732  EKtot   =    262910.4688  EPtot      =  -1279967.5420
 BOND   =     10586.5029  ANGLE   =     27797.0502  DIHED      =     32941.5506
 1-4 NB =     12310.9598  1-4 EEL =    134943.3259  VDWAALS    =    152917.1833
 EELEC  =  -1651464.1148  EHBOND  =         0.0000  RESTRAINT  =         0.0000
 EKCMT  =    111922.9639  VIRIAL  =    111355.3764  VOLUME     =   4336108.8639
                                                    Density    =         1.0085
 ------------------------------------------------------------------------------


 NSTEP = 10950000   TIME(PS) =   22475.000  TEMP(K) =   300.20  PRESS =  -101.7
 Etot   =  -1016427.6411  EKtot   =    263398.0312  EPtot      =  -1279825.6724
 BOND   =     10508.7037  ANGLE   =     27920.5770  DIHED      =     33118.7304
 1-4 NB =     12351.0256  1-4 EEL =    134915.2451  VDWAALS    =    152892.4621
 EELEC  =  -1651532.4162  EHBOND  =         0.0000  RESTRAINT  =         0.0000
 EKCMT  =    112115.2465  VIRIAL  =    121645.7431  VOLUME     =   4338144.4558
                                                    Density    =         1.0080
 ------------------------------------------------------------------------------


 NSTEP = 11000000   TIME(PS) =   22575.000  TEMP(K) =   300.20  PRESS =     8.4
 Etot   =  -1015257.3658  EKtot   =    263395.6875  EPtot      =  -1278653.0533
 BOND   =     10516.8537  ANGLE   =     28002.7211  DIHED      =     33162.2513
 1-4 NB =     12374.0539  1-4 EEL =    135018.6108  VDWAALS    =    152547.2589
 EELEC  =  -1650274.8030  EHBOND  =         0.0000  RESTRAINT  =         0.0000
 EKCMT  =    112288.9168  VIRIAL  =    111506.5021  VOLUME     =   4337642.8530
                                                    Density    =         1.0081
 ------------------------------------------------------------------------------


 NSTEP = 11050000   TIME(PS) =   22675.000  TEMP(K) =   300.04  PRESS =    35.9
 Etot   =  -1015786.5384  EKtot   =    263259.3125  EPtot      =  -1279045.8509
 BOND   =     10347.8119  ANGLE   =     27768.9460  DIHED      =     33152.9505
 1-4 NB =     12461.3588  1-4 EEL =    134922.1644  VDWAALS    =    152624.8088
 EELEC  =  -1650323.8914  EHBOND  =         0.0000  RESTRAINT  =         0.0000
 EKCMT  =    111925.1742  VIRIAL  =    108563.9726  VOLUME     =   4337240.1893
                                                    Density    =         1.0082
 ------------------------------------------------------------------------------


 NSTEP = 11100000   TIME(PS) =   22775.000  TEMP(K) =   300.84  PRESS =    -8.9
 Etot   =  -1015000.2183  EKtot   =    263957.4375  EPtot      =  -1278957.6558
 BOND   =     10354.0282  ANGLE   =     27936.4455  DIHED      =     33205.8192
 1-4 NB =     12393.6690  1-4 EEL =    134918.7342  VDWAALS    =    153254.3754
 EELEC  =  -1651020.7274  EHBOND  =         0.0000  RESTRAINT  =         0.0000
 EKCMT  =    112349.1628  VIRIAL  =    113182.2545  VOLUME     =   4334119.2175
                                                    Density    =         1.0089
 ------------------------------------------------------------------------------


 NSTEP = 11150000   TIME(PS) =   22875.000  TEMP(K) =   299.58  PRESS =    25.5
 Etot   =  -1016961.4952  EKtot   =    262848.5625  EPtot      =  -1279810.0577
 BOND   =     10363.0950  ANGLE   =     28032.0387  DIHED      =     33076.3185
 1-4 NB =     12362.0047  1-4 EEL =    135047.7990  VDWAALS    =    152844.9103
 EELEC  =  -1651536.2239  EHBOND  =         0.0000  RESTRAINT  =         0.0000
 EKCMT  =    111666.3659  VIRIAL  =    109274.8689  VOLUME     =   4335509.7633
                                                    Density    =         1.0086
 ------------------------------------------------------------------------------


 NSTEP = 11200000   TIME(PS) =   22975.000  TEMP(K) =   300.07  PRESS =   108.1
 Etot   =  -1016009.8731  EKtot   =    263277.8125  EPtot      =  -1279287.6856
 BOND   =     10421.1691  ANGLE   =     27826.5721  DIHED      =     33089.2957
 1-4 NB =     12347.7298  1-4 EEL =    134973.3472  VDWAALS    =    153394.1085
 EELEC  =  -1651339.9080  EHBOND  =         0.0000  RESTRAINT  =         0.0000
 EKCMT  =    112170.0023  VIRIAL  =    102040.8077  VOLUME     =   4338286.5314
                                                    Density    =         1.0079
 ------------------------------------------------------------------------------


 NSTEP = 11250000   TIME(PS) =   23075.000  TEMP(K) =   300.18  PRESS =    12.2
 Etot   =  -1017080.8283  EKtot   =    263375.4062  EPtot      =  -1280456.2345
 BOND   =     10298.9397  ANGLE   =     27806.5236  DIHED      =     33101.9924
 1-4 NB =     12391.8428  1-4 EEL =    134907.2601  VDWAALS    =    152953.0561
 EELEC  =  -1651915.8492  EHBOND  =         0.0000  RESTRAINT  =         0.0000
 EKCMT  =    112156.5398  VIRIAL  =    111014.1510  VOLUME     =   4334971.1911
                                                    Density    =         1.0087
 ------------------------------------------------------------------------------


 NSTEP = 11300000   TIME(PS) =   23175.000  TEMP(K) =   299.94  PRESS =    -1.3
 Etot   =  -1016282.3978  EKtot   =    263165.9062  EPtot      =  -1279448.3041
 BOND   =     10342.7566  ANGLE   =     27863.6527  DIHED      =     33106.2974
 1-4 NB =     12383.8431  1-4 EEL =    134860.3769  VDWAALS    =    152891.6989
 EELEC  =  -1650896.9297  EHBOND  =         0.0000  RESTRAINT  =         0.0000
 EKCMT  =    111780.7531  VIRIAL  =    111904.5508  VOLUME     =   4334140.3703
                                                    Density    =         1.0089
 ------------------------------------------------------------------------------


 NSTEP = 11350000   TIME(PS) =   23275.000  TEMP(K) =   300.63  PRESS =   -94.5
 Etot   =  -1016184.2130  EKtot   =    263774.0625  EPtot      =  -1279958.2755
 BOND   =     10535.0751  ANGLE   =     27872.0248  DIHED      =     33082.8012
 1-4 NB =     12318.6397  1-4 EEL =    134986.9965  VDWAALS    =    152387.7651
 EELEC  =  -1651141.5779  EHBOND  =         0.0000  RESTRAINT  =         0.0000
 EKCMT  =    112588.8065  VIRIAL  =    121440.0244  VOLUME     =   4336415.2966
                                                    Density    =         1.0084
 ------------------------------------------------------------------------------


 NSTEP = 11400000   TIME(PS) =   23375.000  TEMP(K) =   299.95  PRESS =   -33.4
 Etot   =  -1017173.2167  EKtot   =    263178.5000  EPtot      =  -1280351.7167
 BOND   =     10477.5395  ANGLE   =     27597.5872  DIHED      =     32987.8882
 1-4 NB =     12361.9069  1-4 EEL =    135071.1035  VDWAALS    =    152985.4241
 EELEC  =  -1651833.1660  EHBOND  =         0.0000  RESTRAINT  =         0.0000
 EKCMT  =    111984.7714  VIRIAL  =    115116.4363  VOLUME     =   4337455.0209
                                                    Density    =         1.0081
 ------------------------------------------------------------------------------


 NSTEP = 11450000   TIME(PS) =   23475.000  TEMP(K) =   299.45  PRESS =    21.3
 Etot   =  -1016538.2368  EKtot   =    262741.9062  EPtot      =  -1279280.1430
 BOND   =     10404.2038  ANGLE   =     27702.6815  DIHED      =     33007.5459
 1-4 NB =     12401.7028  1-4 EEL =    135141.4131  VDWAALS    =    152734.1034
 EELEC  =  -1650671.7935  EHBOND  =         0.0000  RESTRAINT  =         0.0000
 EKCMT  =    111880.1141  VIRIAL  =    109884.6449  VOLUME     =   4336167.8620
                                                    Density    =         1.0084
 ------------------------------------------------------------------------------


 NSTEP = 11500000   TIME(PS) =   23575.000  TEMP(K) =   299.56  PRESS =    34.0
 Etot   =  -1017084.8398  EKtot   =    262837.2500  EPtot      =  -1279922.0898
 BOND   =     10337.3840  ANGLE   =     28090.7477  DIHED      =     32983.4223
 1-4 NB =     12219.2730  1-4 EEL =    134873.8101  VDWAALS    =    153806.3995
 EELEC  =  -1652233.1265  EHBOND  =         0.0000  RESTRAINT  =         0.0000
 EKCMT  =    111891.8030  VIRIAL  =    108710.1732  VOLUME     =   4334398.9724
                                                    Density    =         1.0089
 ------------------------------------------------------------------------------


 NSTEP = 11550000   TIME(PS) =   23675.000  TEMP(K) =   299.61  PRESS =    11.4
 Etot   =  -1016516.8244  EKtot   =    262876.7812  EPtot      =  -1279393.6056
 BOND   =     10425.0340  ANGLE   =     28029.6503  DIHED      =     33095.4259
 1-4 NB =     12303.0353  1-4 EEL =    135136.8992  VDWAALS    =    152770.5423
 EELEC  =  -1651154.1925  EHBOND  =         0.0000  RESTRAINT  =         0.0000
 EKCMT  =    111797.1917  VIRIAL  =    110729.8458  VOLUME     =   4335758.5148
                                                    Density    =         1.0085
 ------------------------------------------------------------------------------


 NSTEP = 11600000   TIME(PS) =   23775.000  TEMP(K) =   299.66  PRESS =   -46.1
 Etot   =  -1017011.6659  EKtot   =    262920.0000  EPtot      =  -1279931.6659
 BOND   =     10407.9084  ANGLE   =     27889.7442  DIHED      =     33074.5365
 1-4 NB =     12380.9632  1-4 EEL =    135078.8517  VDWAALS    =    153022.1493
 EELEC  =  -1651785.8193  EHBOND  =         0.0000  RESTRAINT  =         0.0000
 EKCMT  =    112325.4442  VIRIAL  =    116642.8123  VOLUME     =   4333312.7221
                                                    Density    =         1.0091
 ------------------------------------------------------------------------------


 NSTEP = 11650000   TIME(PS) =   23875.000  TEMP(K) =   300.66  PRESS =    21.2
 Etot   =  -1014515.8580  EKtot   =    263799.9688  EPtot      =  -1278315.8267
 BOND   =     10371.4789  ANGLE   =     27770.8275  DIHED      =     33243.9724
 1-4 NB =     12386.2547  1-4 EEL =    135222.7840  VDWAALS    =    151660.2477
 EELEC  =  -1648971.3918  EHBOND  =         0.0000  RESTRAINT  =         0.0000
 EKCMT  =    112728.1598  VIRIAL  =    110746.7160  VOLUME     =   4336868.3894
                                                    Density    =         1.0083
 ------------------------------------------------------------------------------


 NSTEP = 11700000   TIME(PS) =   23975.000  TEMP(K) =   299.80  PRESS =   -36.8
 Etot   =  -1017543.5206  EKtot   =    263044.4688  EPtot      =  -1280587.9894
 BOND   =     10336.7791  ANGLE   =     27960.1454  DIHED      =     33290.3438
 1-4 NB =     12357.6917  1-4 EEL =    135111.4393  VDWAALS    =    152560.9122
 EELEC  =  -1652205.3009  EHBOND  =         0.0000  RESTRAINT  =         0.0000
 EKCMT  =    111855.4667  VIRIAL  =    115297.7789  VOLUME     =   4333809.8191
                                                    Density    =         1.0090
 ------------------------------------------------------------------------------


 NSTEP = 11750000   TIME(PS) =   24075.000  TEMP(K) =   300.26  PRESS =  -103.4
 Etot   =  -1016021.6569  EKtot   =    263451.1875  EPtot      =  -1279472.8444
 BOND   =     10456.7550  ANGLE   =     28003.8718  DIHED      =     33127.3208
 1-4 NB =     12366.1668  1-4 EEL =    135128.2656  VDWAALS    =    151556.4938
 EELEC  =  -1650111.7182  EHBOND  =         0.0000  RESTRAINT  =         0.0000
 EKCMT  =    112379.7516  VIRIAL  =    122053.6985  VOLUME     =   4335257.7769
                                                    Density    =         1.0087
 ------------------------------------------------------------------------------


 NSTEP = 11800000   TIME(PS) =   24175.000  TEMP(K) =   299.87  PRESS =   -67.3
 Etot   =  -1017466.8158  EKtot   =    263108.9375  EPtot      =  -1280575.7533
 BOND   =     10375.0161  ANGLE   =     27844.6653  DIHED      =     33092.4839
 1-4 NB =     12392.2901  1-4 EEL =    135070.7454  VDWAALS    =    152716.0701
 EELEC  =  -1652067.0241  EHBOND  =         0.0000  RESTRAINT  =         0.0000
 EKCMT  =    111743.7977  VIRIAL  =    118045.8809  VOLUME     =   4335947.5416
                                                    Density    =         1.0085
 ------------------------------------------------------------------------------


 NSTEP = 11850000   TIME(PS) =   24275.000  TEMP(K) =   299.32  PRESS =     3.8
 Etot   =  -1017497.2124  EKtot   =    262622.1562  EPtot      =  -1280119.3686
 BOND   =     10625.5485  ANGLE   =     27787.9172  DIHED      =     33173.2887
 1-4 NB =     12366.5969  1-4 EEL =    135043.0548  VDWAALS    =    152026.1872
 EELEC  =  -1651141.9619  EHBOND  =         0.0000  RESTRAINT  =         0.0000
 EKCMT  =    111726.1448  VIRIAL  =    111369.3049  VOLUME     =   4336320.3377
                                                    Density    =         1.0084
 ------------------------------------------------------------------------------


 NSTEP = 11900000   TIME(PS) =   24375.000  TEMP(K) =   299.94  PRESS =    41.6
 Etot   =  -1015293.4539  EKtot   =    263171.6875  EPtot      =  -1278465.1414
 BOND   =     10405.1894  ANGLE   =     27949.1083  DIHED      =     33189.9741
 1-4 NB =     12407.1765  1-4 EEL =    135217.7324  VDWAALS    =    152488.9703
 EELEC  =  -1650123.2922  EHBOND  =         0.0000  RESTRAINT  =         0.0000
 EKCMT  =    111962.3754  VIRIAL  =    108064.2878  VOLUME     =   4338765.9447
                                                    Density    =         1.0078
 ------------------------------------------------------------------------------


 NSTEP = 11950000   TIME(PS) =   24475.000  TEMP(K) =   300.41  PRESS =    26.7
 Etot   =  -1015390.1563  EKtot   =    263581.2500  EPtot      =  -1278971.4063
 BOND   =     10421.0406  ANGLE   =     27957.6068  DIHED      =     33193.8022
 1-4 NB =     12399.8564  1-4 EEL =    134913.8585  VDWAALS    =    152931.2747
 EELEC  =  -1650788.8455  EHBOND  =         0.0000  RESTRAINT  =         0.0000
 EKCMT  =    112183.2045  VIRIAL  =    109686.1877  VOLUME     =   4337493.5399
                                                    Density    =         1.0081
 ------------------------------------------------------------------------------


 NSTEP = 12000000   TIME(PS) =   24575.000  TEMP(K) =   300.88  PRESS =    68.4
 Etot   =  -1015204.6686  EKtot   =    263994.5938  EPtot      =  -1279199.2623
 BOND   =     10234.1245  ANGLE   =     27855.8882  DIHED      =     33114.7088
 1-4 NB =     12310.5272  1-4 EEL =    135095.9816  VDWAALS    =    152446.6031
 EELEC  =  -1650257.0957  EHBOND  =         0.0000  RESTRAINT  =         0.0000
 EKCMT  =    112360.8169  VIRIAL  =    105960.5244  VOLUME     =   4336794.3315
                                                    Density    =         1.0083
 ------------------------------------------------------------------------------


 NSTEP = 12050000   TIME(PS) =   24675.000  TEMP(K) =   299.60  PRESS =    33.8
 Etot   =  -1016223.9997  EKtot   =    262867.8125  EPtot      =  -1279091.8122
 BOND   =     10495.9201  ANGLE   =     27897.5182  DIHED      =     32999.4673
 1-4 NB =     12367.4502  1-4 EEL =    134904.9383  VDWAALS    =    153625.1594
 EELEC  =  -1651382.2657  EHBOND  =         0.0000  RESTRAINT  =         0.0000
 EKCMT  =    111778.9680  VIRIAL  =    108613.1898  VOLUME     =   4336433.6458
                                                    Density    =         1.0084
 ------------------------------------------------------------------------------


 NSTEP = 12100000   TIME(PS) =   24775.000  TEMP(K) =   299.81  PRESS =    -5.8
 Etot   =  -1015763.9844  EKtot   =    263052.7812  EPtot      =  -1278816.7656
 BOND   =     10447.9692  ANGLE   =     27910.1851  DIHED      =     32949.9032
 1-4 NB =     12457.6346  1-4 EEL =    135062.5767  VDWAALS    =    153019.0714
 EELEC  =  -1650664.1058  EHBOND  =         0.0000  RESTRAINT  =         0.0000
 EKCMT  =    111838.0978  VIRIAL  =    112385.8357  VOLUME     =   4338460.5620
                                                    Density    =         1.0079
 ------------------------------------------------------------------------------


 NSTEP = 12150000   TIME(PS) =   24875.000  TEMP(K) =   300.05  PRESS =     8.0
 Etot   =  -1016411.5162  EKtot   =    263262.5625  EPtot      =  -1279674.0787
 BOND   =     10592.6106  ANGLE   =     28076.8606  DIHED      =     33091.3643
 1-4 NB =     12363.7068  1-4 EEL =    135246.7950  VDWAALS    =    153086.7631
 EELEC  =  -1652132.1792  EHBOND  =         0.0000  RESTRAINT  =         0.0000
 EKCMT  =    112281.7583  VIRIAL  =    111534.8853  VOLUME     =   4338274.7381
                                                    Density    =         1.0080
 ------------------------------------------------------------------------------


 NSTEP = 12200000   TIME(PS) =   24975.000  TEMP(K) =   299.79  PRESS =    77.8
 Etot   =  -1015851.4071  EKtot   =    263037.0312  EPtot      =  -1278888.4383
 BOND   =     10594.5522  ANGLE   =     28123.7893  DIHED      =     33168.6797
 1-4 NB =     12307.2312  1-4 EEL =    134859.3118  VDWAALS    =    153379.5278
 EELEC  =  -1651321.5304  EHBOND  =         0.0000  RESTRAINT  =         0.0000
 EKCMT  =    112031.6359  VIRIAL  =    104748.9578  VOLUME     =   4337885.3435
                                                    Density    =         1.0080
 ------------------------------------------------------------------------------


 NSTEP = 12250000   TIME(PS) =   25075.000  TEMP(K) =   300.41  PRESS =     1.6
 Etot   =  -1015858.8709  EKtot   =    263575.7500  EPtot      =  -1279434.6209
 BOND   =     10444.3981  ANGLE   =     27987.2309  DIHED      =     33133.3896
 1-4 NB =     12385.6504  1-4 EEL =    134975.2532  VDWAALS    =    153125.7616
 EELEC  =  -1651486.3046  EHBOND  =         0.0000  RESTRAINT  =         0.0000
 EKCMT  =    111955.8402  VIRIAL  =    111810.4414  VOLUME     =   4333850.6012
                                                    Density    =         1.0090
 ------------------------------------------------------------------------------


 NSTEP = 12300000   TIME(PS) =   25175.000  TEMP(K) =   299.88  PRESS =    33.1
 Etot   =  -1016605.7094  EKtot   =    263116.1562  EPtot      =  -1279721.8656
 BOND   =     10439.8122  ANGLE   =     27958.9854  DIHED      =     33129.8054
 1-4 NB =     12302.9456  1-4 EEL =    135127.0119  VDWAALS    =    153026.0378
 EELEC  =  -1651706.4640  EHBOND  =         0.0000  RESTRAINT  =         0.0000
 EKCMT  =    111948.9821  VIRIAL  =    108847.0069  VOLUME     =   4335807.2227
                                                    Density    =         1.0085
 ------------------------------------------------------------------------------


 NSTEP = 12350000   TIME(PS) =   25275.000  TEMP(K) =   300.16  PRESS =    34.3
 Etot   =  -1016858.0259  EKtot   =    263357.0938  EPtot      =  -1280215.1196
 BOND   =     10298.2619  ANGLE   =     27858.4777  DIHED      =     33160.0062
 1-4 NB =     12402.0524  1-4 EEL =    135318.1477  VDWAALS    =    152758.6067
 EELEC  =  -1652010.6722  EHBOND  =         0.0000  RESTRAINT  =         0.0000
 EKCMT  =    112147.5531  VIRIAL  =    108934.9260  VOLUME     =   4336280.2619
                                                    Density    =         1.0084
 ------------------------------------------------------------------------------


 NSTEP = 12400000   TIME(PS) =   25375.000  TEMP(K) =   300.56  PRESS =   -39.7
 Etot   =  -1015196.0550  EKtot   =    263711.5000  EPtot      =  -1278907.5550
 BOND   =     10530.7946  ANGLE   =     28005.2329  DIHED      =     32997.6342
 1-4 NB =     12428.0189  1-4 EEL =    135108.1876  VDWAALS    =    151972.8732
 EELEC  =  -1649950.2963  EHBOND  =         0.0000  RESTRAINT  =         0.0000
 EKCMT  =    112324.3253  VIRIAL  =    116045.5084  VOLUME     =   4338443.0204
                                                    Density    =         1.0079
 ------------------------------------------------------------------------------


 NSTEP = 12450000   TIME(PS) =   25475.000  TEMP(K) =   300.70  PRESS =   -37.5
 Etot   =  -1015677.3479  EKtot   =    263836.5938  EPtot      =  -1279513.9416
 BOND   =     10496.9163  ANGLE   =     28018.7507  DIHED      =     32915.0626
 1-4 NB =     12371.5887  1-4 EEL =    134968.4432  VDWAALS    =    152731.5570
 EELEC  =  -1651016.2601  EHBOND  =         0.0000  RESTRAINT  =         0.0000
 EKCMT  =    112338.1030  VIRIAL  =    115848.6172  VOLUME     =   4339414.8836
                                                    Density    =         1.0077
 ------------------------------------------------------------------------------


 NSTEP = 12500000   TIME(PS) =   25575.000  TEMP(K) =   299.30  PRESS =    47.7
 Etot   =  -1016470.0673  EKtot   =    262604.1562  EPtot      =  -1279074.2236
 BOND   =     10571.8150  ANGLE   =     27869.0419  DIHED      =     33138.7781
 1-4 NB =     12348.1391  1-4 EEL =    135088.9620  VDWAALS    =    153256.8531
 EELEC  =  -1651347.8128  EHBOND  =         0.0000  RESTRAINT  =         0.0000
 EKCMT  =    112279.4084  VIRIAL  =    107816.1864  VOLUME     =   4336954.8992
                                                    Density    =         1.0083
 ------------------------------------------------------------------------------


 NSTEP = 12550000   TIME(PS) =   25675.000  TEMP(K) =   299.36  PRESS =    20.9
 Etot   =  -1017487.8181  EKtot   =    262662.6875  EPtot      =  -1280150.5056
 BOND   =     10437.7311  ANGLE   =     28150.6350  DIHED      =     33044.4862
 1-4 NB =     12366.3266  1-4 EEL =    134964.8739  VDWAALS    =    152799.2508
 EELEC  =  -1651913.8092  EHBOND  =         0.0000  RESTRAINT  =         0.0000
 EKCMT  =    111706.4829  VIRIAL  =    109748.2937  VOLUME     =   4336440.9716
                                                    Density    =         1.0084
 ------------------------------------------------------------------------------


 NSTEP = 12600000   TIME(PS) =   25775.000  TEMP(K) =   299.90  PRESS =    10.4
 Etot   =  -1017159.3148  EKtot   =    263133.0625  EPtot      =  -1280292.3773
 BOND   =     10516.2536  ANGLE   =     27963.1139  DIHED      =     33134.5318
 1-4 NB =     12386.4673  1-4 EEL =    134963.1980  VDWAALS    =    151850.6656
 EELEC  =  -1651106.6076  EHBOND  =         0.0000  RESTRAINT  =         0.0000
 EKCMT  =    112349.8193  VIRIAL  =    111373.0643  VOLUME     =   4334500.9737
                                                    Density    =         1.0088
 ------------------------------------------------------------------------------


 NSTEP = 12650000   TIME(PS) =   25875.000  TEMP(K) =   299.76  PRESS =    21.6
 Etot   =  -1016219.5398  EKtot   =    263007.3750  EPtot      =  -1279226.9148
 BOND   =     10482.1960  ANGLE   =     27928.9477  DIHED      =     32958.9057
 1-4 NB =     12336.4963  1-4 EEL =    135004.3157  VDWAALS    =    152192.0069
 EELEC  =  -1650129.7831  EHBOND  =         0.0000  RESTRAINT  =         0.0000
 EKCMT  =    112134.8523  VIRIAL  =    110117.1415  VOLUME     =   4335455.2442
                                                    Density    =         1.0086
 ------------------------------------------------------------------------------


 NSTEP = 12700000   TIME(PS) =   25975.000  TEMP(K) =   299.48  PRESS =  -104.6
 Etot   =  -1016424.0113  EKtot   =    262763.0938  EPtot      =  -1279187.1051
 BOND   =     10285.2712  ANGLE   =     27893.3238  DIHED      =     33119.6730
 1-4 NB =     12348.5475  1-4 EEL =    134970.8958  VDWAALS    =    152282.9252
 EELEC  =  -1650087.7416  EHBOND  =         0.0000  RESTRAINT  =         0.0000
 EKCMT  =    112065.0932  VIRIAL  =    121857.6658  VOLUME     =   4336081.0786
                                                    Density    =         1.0085
 ------------------------------------------------------------------------------


 NSTEP = 12750000   TIME(PS) =   26075.000  TEMP(K) =   300.13  PRESS =    -9.4
 Etot   =  -1016964.9094  EKtot   =    263331.0312  EPtot      =  -1280295.9406
 BOND   =     10588.4542  ANGLE   =     27782.1842  DIHED      =     33071.8654
 1-4 NB =     12424.2002  1-4 EEL =    134937.9504  VDWAALS    =    152677.9606
 EELEC  =  -1651778.5556  EHBOND  =         0.0000  RESTRAINT  =         0.0000
 EKCMT  =    111704.0805  VIRIAL  =    112587.0924  VOLUME     =   4335950.0991
                                                    Density    =         1.0085
 ------------------------------------------------------------------------------


 NSTEP = 12800000   TIME(PS) =   26175.000  TEMP(K) =   300.01  PRESS =   -22.2
 Etot   =  -1016259.0738  EKtot   =    263232.3438  EPtot      =  -1279491.4176
 BOND   =     10456.2920  ANGLE   =     28037.8841  DIHED      =     33003.6357
 1-4 NB =     12440.0058  1-4 EEL =    134982.8732  VDWAALS    =    151993.3953
 EELEC  =  -1650405.5037  EHBOND  =         0.0000  RESTRAINT  =         0.0000
 EKCMT  =    111915.4672  VIRIAL  =    113989.9041  VOLUME     =   4337069.3241
                                                    Density    =         1.0082
 ------------------------------------------------------------------------------


 NSTEP = 12850000   TIME(PS) =   26275.000  TEMP(K) =   300.00  PRESS =    31.1
 Etot   =  -1016807.2639  EKtot   =    263221.3125  EPtot      =  -1280028.5764
 BOND   =     10433.1513  ANGLE   =     28084.8242  DIHED      =     32994.7436
 1-4 NB =     12341.4947  1-4 EEL =    134905.9290  VDWAALS    =    152395.5547
 EELEC  =  -1651184.2737  EHBOND  =         0.0000  RESTRAINT  =         0.0000
 EKCMT  =    111902.8520  VIRIAL  =    108996.3867  VOLUME     =   4333483.9655
                                                    Density    =         1.0091
 ------------------------------------------------------------------------------


 NSTEP = 12900000   TIME(PS) =   26375.000  TEMP(K) =   300.12  PRESS =   -11.6
 Etot   =  -1016441.5272  EKtot   =    263321.2188  EPtot      =  -1279762.7460
 BOND   =     10572.3392  ANGLE   =     27660.9184  DIHED      =     33128.9369
 1-4 NB =     12336.1965  1-4 EEL =    135135.2680  VDWAALS    =    152470.1461
 EELEC  =  -1651066.5509  EHBOND  =         0.0000  RESTRAINT  =         0.0000
 EKCMT  =    111986.0197  VIRIAL  =    113075.5243  VOLUME     =   4332914.3704
                                                    Density    =         1.0092
 ------------------------------------------------------------------------------


 NSTEP = 12950000   TIME(PS) =   26475.000  TEMP(K) =   299.47  PRESS =   -13.1
 Etot   =  -1017050.7800  EKtot   =    262757.4688  EPtot      =  -1279808.2488
 BOND   =     10423.2304  ANGLE   =     27681.0832  DIHED      =     33137.8605
 1-4 NB =     12375.7307  1-4 EEL =    135110.8243  VDWAALS    =    152692.1181
 EELEC  =  -1651229.0961  EHBOND  =         0.0000  RESTRAINT  =         0.0000
 EKCMT  =    112073.4179  VIRIAL  =    113302.3914  VOLUME     =   4339220.8666
                                                    Density    =         1.0077
 ------------------------------------------------------------------------------


 NSTEP = 13000000   TIME(PS) =   26575.000  TEMP(K) =   300.28  PRESS =    11.5
 Etot   =  -1015818.4724  EKtot   =    263470.2500  EPtot      =  -1279288.7224
 BOND   =     10366.1618  ANGLE   =     27928.5177  DIHED      =     33163.1448
 1-4 NB =     12389.2846  1-4 EEL =    134965.7246  VDWAALS    =    151969.0419
 EELEC  =  -1650070.5979  EHBOND  =         0.0000  RESTRAINT  =         0.0000
 EKCMT  =    112016.0771  VIRIAL  =    110937.6226  VOLUME     =   4336515.1298
                                                    Density    =         1.0084
 ------------------------------------------------------------------------------


 NSTEP = 13050000   TIME(PS) =   26675.000  TEMP(K) =   300.47  PRESS =   -19.3
 Etot   =  -1015659.3682  EKtot   =    263636.5312  EPtot      =  -1279295.8995
 BOND   =     10346.7883  ANGLE   =     27923.9405  DIHED      =     33177.3699
 1-4 NB =     12367.3904  1-4 EEL =    134958.5171  VDWAALS    =    152523.4665
 EELEC  =  -1650593.3721  EHBOND  =         0.0000  RESTRAINT  =         0.0000
 EKCMT  =    111962.6105  VIRIAL  =    113772.1884  VOLUME     =   4335495.4202
                                                    Density    =         1.0086
 ------------------------------------------------------------------------------


 NSTEP = 13100000   TIME(PS) =   26775.000  TEMP(K) =   300.19  PRESS =    16.7
 Etot   =  -1016921.0681  EKtot   =    263389.7500  EPtot      =  -1280310.8181
 BOND   =     10443.5131  ANGLE   =     27910.6478  DIHED      =     33057.0722
 1-4 NB =     12344.3633  1-4 EEL =    134944.3974  VDWAALS    =    152671.9220
 EELEC  =  -1651682.7339  EHBOND  =         0.0000  RESTRAINT  =         0.0000
 EKCMT  =    112413.2719  VIRIAL  =    110845.8821  VOLUME     =   4336870.1252
                                                    Density    =         1.0083
 ------------------------------------------------------------------------------


 NSTEP = 13150000   TIME(PS) =   26875.000  TEMP(K) =   299.80  PRESS =   -54.6
 Etot   =  -1016744.4707  EKtot   =    263043.6562  EPtot      =  -1279788.1270
 BOND   =     10411.7585  ANGLE   =     27674.4835  DIHED      =     33085.1814
 1-4 NB =     12430.4508  1-4 EEL =    135156.8287  VDWAALS    =    152457.3748
 EELEC  =  -1651004.2047  EHBOND  =         0.0000  RESTRAINT  =         0.0000
 EKCMT  =    112297.1266  VIRIAL  =    117412.1193  VOLUME     =   4335684.4436
                                                    Density    =         1.0086
 ------------------------------------------------------------------------------


 NSTEP = 13200000   TIME(PS) =   26975.000  TEMP(K) =   299.52  PRESS =    24.7
 Etot   =  -1016324.6670  EKtot   =    262802.4062  EPtot      =  -1279127.0732
 BOND   =     10556.7206  ANGLE   =     27994.7844  DIHED      =     33151.1874
 1-4 NB =     12422.2774  1-4 EEL =    135262.3452  VDWAALS    =    152841.3073
 EELEC  =  -1651355.6955  EHBOND  =         0.0000  RESTRAINT  =         0.0000
 EKCMT  =    112339.5827  VIRIAL  =    110025.6127  VOLUME     =   4335092.5242
                                                    Density    =         1.0087
 ------------------------------------------------------------------------------


 NSTEP = 13250000   TIME(PS) =   27075.000  TEMP(K) =   299.24  PRESS =    24.1
 Etot   =  -1017162.2378  EKtot   =    262556.4375  EPtot      =  -1279718.6753
 BOND   =     10357.8883  ANGLE   =     28127.8796  DIHED      =     33042.2284
 1-4 NB =     12424.4721  1-4 EEL =    134985.0969  VDWAALS    =    152134.6330
 EELEC  =  -1650790.8737  EHBOND  =         0.0000  RESTRAINT  =         0.0000
 EKCMT  =    111635.1584  VIRIAL  =    109379.8327  VOLUME     =   4336486.0432
                                                    Density    =         1.0084
 ------------------------------------------------------------------------------


 NSTEP = 13300000   TIME(PS) =   27175.000  TEMP(K) =   300.35  PRESS =     8.6
 Etot   =  -1016035.3965  EKtot   =    263530.6562  EPtot      =  -1279566.0527
 BOND   =     10691.1733  ANGLE   =     27783.5691  DIHED      =     33012.0863
 1-4 NB =     12329.6646  1-4 EEL =    134873.5219  VDWAALS    =    152926.5574
 EELEC  =  -1651182.6254  EHBOND  =         0.0000  RESTRAINT  =         0.0000
 EKCMT  =    112003.0620  VIRIAL  =    111197.1313  VOLUME     =   4336993.1126
                                                    Density    =         1.0082
 ------------------------------------------------------------------------------


 NSTEP = 13350000   TIME(PS) =   27275.000  TEMP(K) =   300.24  PRESS =   106.1
 Etot   =  -1016265.6138  EKtot   =    263435.1875  EPtot      =  -1279700.8013
 BOND   =     10522.2074  ANGLE   =     27797.4607  DIHED      =     33088.6116
 1-4 NB =     12406.9993  1-4 EEL =    135010.2839  VDWAALS    =    153557.7051
 EELEC  =  -1652084.0694  EHBOND  =         0.0000  RESTRAINT  =         0.0000
 EKCMT  =    112205.8753  VIRIAL  =    102282.7402  VOLUME     =   4332953.7348
                                                    Density    =         1.0092
 ------------------------------------------------------------------------------


 NSTEP = 13400000   TIME(PS) =   27375.000  TEMP(K) =   300.45  PRESS =     0.6
 Etot   =  -1016842.4263  EKtot   =    263610.7500  EPtot      =  -1280453.1763
 BOND   =     10385.1356  ANGLE   =     27787.0599  DIHED      =     33123.0024
 1-4 NB =     12422.6412  1-4 EEL =    134981.0403  VDWAALS    =    152247.7945
 EELEC  =  -1651399.8502  EHBOND  =         0.0000  RESTRAINT  =         0.0000
 EKCMT  =    112236.0483  VIRIAL  =    112181.3227  VOLUME     =   4334307.3539
                                                    Density    =         1.0089
 ------------------------------------------------------------------------------


 NSTEP = 13450000   TIME(PS) =   27475.000  TEMP(K) =   300.64  PRESS =    37.5
 Etot   =  -1016121.3632  EKtot   =    263781.0938  EPtot      =  -1279902.4570
 BOND   =     10495.7275  ANGLE   =     27568.3068  DIHED      =     33197.5014
 1-4 NB =     12354.1903  1-4 EEL =    134933.0123  VDWAALS    =    153007.9051
 EELEC  =  -1651459.1004  EHBOND  =         0.0000  RESTRAINT  =         0.0000
 EKCMT  =    112344.8998  VIRIAL  =    108834.1601  VOLUME     =   4339476.8857
                                                    Density    =         1.0077
 ------------------------------------------------------------------------------


 NSTEP = 13500000   TIME(PS) =   27575.000  TEMP(K) =   300.28  PRESS =    49.2
 Etot   =  -1015729.6456  EKtot   =    263468.2500  EPtot      =  -1279197.8956
 BOND   =     10507.8266  ANGLE   =     28104.2486  DIHED      =     33123.5200
 1-4 NB =     12344.8272  1-4 EEL =    134950.9282  VDWAALS    =    152554.1862
 EELEC  =  -1650783.4325  EHBOND  =         0.0000  RESTRAINT  =         0.0000
 EKCMT  =    112263.1304  VIRIAL  =    107659.9081  VOLUME     =   4335913.6302
                                                    Density    =         1.0085
 ------------------------------------------------------------------------------


 NSTEP = 13550000   TIME(PS) =   27675.000  TEMP(K) =   300.54  PRESS =    11.2
 Etot   =  -1017706.5770  EKtot   =    263698.1875  EPtot      =  -1281404.7645
 BOND   =     10433.2218  ANGLE   =     27837.9211  DIHED      =     33078.8675
 1-4 NB =     12380.5048  1-4 EEL =    135027.1227  VDWAALS    =    153167.4550
 EELEC  =  -1653329.8575  EHBOND  =         0.0000  RESTRAINT  =         0.0000
 EKCMT  =    112507.7274  VIRIAL  =    111463.2702  VOLUME     =   4334659.2627
                                                    Density    =         1.0088
 ------------------------------------------------------------------------------


 NSTEP = 13600000   TIME(PS) =   27775.000  TEMP(K) =   299.61  PRESS =   -79.3
 Etot   =  -1015325.3390  EKtot   =    262874.3438  EPtot      =  -1278199.6827
 BOND   =     10487.4538  ANGLE   =     28085.2688  DIHED      =     33175.2818
 1-4 NB =     12379.8482  1-4 EEL =    135075.7864  VDWAALS    =    151201.1265
 EELEC  =  -1648604.4482  EHBOND  =         0.0000  RESTRAINT  =         0.0000
 EKCMT  =    111721.2313  VIRIAL  =    119137.4821  VOLUME     =   4333339.4439
                                                    Density    =         1.0091
 ------------------------------------------------------------------------------


 NSTEP = 13650000   TIME(PS) =   27875.000  TEMP(K) =   299.91  PRESS =   -17.6
 Etot   =  -1017005.8449  EKtot   =    263140.6875  EPtot      =  -1280146.5324
 BOND   =     10469.6998  ANGLE   =     27795.7687  DIHED      =     33075.3552
 1-4 NB =     12359.9405  1-4 EEL =    135025.6818  VDWAALS    =    152509.3827
 EELEC  =  -1651382.3612  EHBOND  =         0.0000  RESTRAINT  =         0.0000
 EKCMT  =    112202.0251  VIRIAL  =    113852.3108  VOLUME     =   4336490.9462
                                                    Density    =         1.0084
 ------------------------------------------------------------------------------


 NSTEP = 13700000   TIME(PS) =   27975.000  TEMP(K) =   299.71  PRESS =     9.6
 Etot   =  -1015690.5357  EKtot   =    262963.3750  EPtot      =  -1278653.9107
 BOND   =     10355.3059  ANGLE   =     28004.8456  DIHED      =     33145.2552
 1-4 NB =     12436.3752  1-4 EEL =    135041.3168  VDWAALS    =    152054.3312
 EELEC  =  -1649691.3406  EHBOND  =         0.0000  RESTRAINT  =         0.0000
 EKCMT  =    112004.8049  VIRIAL  =    111103.4448  VOLUME     =   4336943.4474
                                                    Density    =         1.0083
 ------------------------------------------------------------------------------


 NSTEP = 13750000   TIME(PS) =   28075.000  TEMP(K) =   300.07  PRESS =    -8.5
 Etot   =  -1016486.2564  EKtot   =    263278.8125  EPtot      =  -1279765.0689
 BOND   =     10554.7880  ANGLE   =     27935.6151  DIHED      =     33146.4115
 1-4 NB =     12332.4401  1-4 EEL =    135101.2466  VDWAALS    =    152271.8066
 EELEC  =  -1651107.3768  EHBOND  =         0.0000  RESTRAINT  =         0.0000
 EKCMT  =    112291.6953  VIRIAL  =    113091.1474  VOLUME     =   4337414.9074
                                                    Density    =         1.0082
 ------------------------------------------------------------------------------


 NSTEP = 13800000   TIME(PS) =   28175.000  TEMP(K) =   300.33  PRESS =    -4.0
 Etot   =  -1016902.1667  EKtot   =    263508.0625  EPtot      =  -1280410.2292
 BOND   =     10556.3641  ANGLE   =     27780.5106  DIHED      =     32988.8589
 1-4 NB =     12332.1117  1-4 EEL =    135047.6308  VDWAALS    =    152199.2989
 EELEC  =  -1651315.0042  EHBOND  =         0.0000  RESTRAINT  =         0.0000
 EKCMT  =    112328.5138  VIRIAL  =    112705.9967  VOLUME     =   4339139.0148
                                                    Density    =         1.0078
 ------------------------------------------------------------------------------


 NSTEP = 13850000   TIME(PS) =   28275.000  TEMP(K) =   300.09  PRESS =    29.0
 Etot   =  -1015864.1563  EKtot   =    263299.2188  EPtot      =  -1279163.3750
 BOND   =     10603.8988  ANGLE   =     27930.7453  DIHED      =     33020.2599
 1-4 NB =     12397.6067  1-4 EEL =    134965.4052  VDWAALS    =    152192.6068
 EELEC  =  -1650273.8976  EHBOND  =         0.0000  RESTRAINT  =         0.0000
 EKCMT  =    112138.8319  VIRIAL  =    109428.2486  VOLUME     =   4334980.1415
                                                    Density    =         1.0087
 ------------------------------------------------------------------------------


 NSTEP = 13900000   TIME(PS) =   28375.000  TEMP(K) =   299.27  PRESS =   -38.7
 Etot   =  -1016970.9949  EKtot   =    262577.4375  EPtot      =  -1279548.4324
 BOND   =     10566.3242  ANGLE   =     27808.5438  DIHED      =     32965.2839
 1-4 NB =     12372.3327  1-4 EEL =    135172.9043  VDWAALS    =    152261.9095
 EELEC  =  -1650695.7308  EHBOND  =         0.0000  RESTRAINT  =         0.0000
 EKCMT  =    112074.7632  VIRIAL  =    115700.5336  VOLUME     =   4338615.3359
                                                    Density    =         1.0079
 ------------------------------------------------------------------------------


 NSTEP = 13950000   TIME(PS) =   28475.000  TEMP(K) =   300.08  PRESS =   -15.0
 Etot   =  -1017276.4896  EKtot   =    263294.1562  EPtot      =  -1280570.6458
 BOND   =     10402.5237  ANGLE   =     27751.3220  DIHED      =     32997.9574
 1-4 NB =     12316.3199  1-4 EEL =    135103.0887  VDWAALS    =    152702.0146
 EELEC  =  -1651843.8722  EHBOND  =         0.0000  RESTRAINT  =         0.0000
 EKCMT  =    111999.9414  VIRIAL  =    113405.6218  VOLUME     =   4335274.0602
                                                    Density    =         1.0086
 ------------------------------------------------------------------------------


 NSTEP = 14000000   TIME(PS) =   28575.000  TEMP(K) =   299.85  PRESS =    39.3
 Etot   =  -1015857.5114  EKtot   =    263089.6875  EPtot      =  -1278947.1989
 BOND   =     10472.5511  ANGLE   =     28307.4562  DIHED      =     33258.8414
 1-4 NB =     12292.4192  1-4 EEL =    134785.4499  VDWAALS    =    152145.2120
 EELEC  =  -1650209.1287  EHBOND  =         0.0000  RESTRAINT  =         0.0000
 EKCMT  =    111607.8130  VIRIAL  =    107927.1875  VOLUME     =   4336732.6790
                                                    Density    =         1.0083
 ------------------------------------------------------------------------------


 NSTEP = 14050000   TIME(PS) =   28675.000  TEMP(K) =   299.22  PRESS =    89.8
 Etot   =  -1016613.7244  EKtot   =    262533.7812  EPtot      =  -1279147.5057
 BOND   =     10577.2382  ANGLE   =     28033.9129  DIHED      =     33044.1454
 1-4 NB =     12386.6285  1-4 EEL =    135111.7567  VDWAALS    =    153189.4475
 EELEC  =  -1651490.6348  EHBOND  =         0.0000  RESTRAINT  =         0.0000
 EKCMT  =    111768.9943  VIRIAL  =    103365.6206  VOLUME     =   4334220.6275
                                                    Density    =         1.0089
 ------------------------------------------------------------------------------


 NSTEP = 14100000   TIME(PS) =   28775.000  TEMP(K) =   300.01  PRESS =    64.6
 Etot   =  -1015669.2448  EKtot   =    263231.6250  EPtot      =  -1278900.8698
 BOND   =     10541.3436  ANGLE   =     27755.2198  DIHED      =     33209.8235
 1-4 NB =     12464.6260  1-4 EEL =    135265.6382  VDWAALS    =    152391.8094
 EELEC  =  -1650529.3303  EHBOND  =         0.0000  RESTRAINT  =         0.0000
 EKCMT  =    111918.1821  VIRIAL  =    105875.0787  VOLUME     =   4335176.0358
                                                    Density    =         1.0087
 ------------------------------------------------------------------------------


 NSTEP = 14150000   TIME(PS) =   28875.000  TEMP(K) =   300.07  PRESS =   -62.5
 Etot   =  -1016756.3509  EKtot   =    263278.7812  EPtot      =  -1280035.1322
 BOND   =     10328.6237  ANGLE   =     27642.9668  DIHED      =     33155.9869
 1-4 NB =     12480.9775  1-4 EEL =    135151.3561  VDWAALS    =    151920.7192
 EELEC  =  -1650715.7623  EHBOND  =         0.0000  RESTRAINT  =         0.0000
 EKCMT  =    112121.0028  VIRIAL  =    117966.8617  VOLUME     =   4333815.4261
                                                    Density    =         1.0090
 ------------------------------------------------------------------------------


 NSTEP = 14200000   TIME(PS) =   28975.000  TEMP(K) =   300.60  PRESS =    78.4
 Etot   =  -1016198.1173  EKtot   =    263743.6875  EPtot      =  -1279941.8048
 BOND   =     10380.3101  ANGLE   =     27910.7918  DIHED      =     33153.5083
 1-4 NB =     12325.9622  1-4 EEL =    134974.6230  VDWAALS    =    152826.0901
 EELEC  =  -1651513.0905  EHBOND  =         0.0000  RESTRAINT  =         0.0000
 EKCMT  =    112788.8892  VIRIAL  =    105451.5727  VOLUME     =   4336231.7540
                                                    Density    =         1.0084
 ------------------------------------------------------------------------------


 NSTEP = 14250000   TIME(PS) =   29075.000  TEMP(K) =   299.72  PRESS =    35.9
 Etot   =  -1016947.9404  EKtot   =    262974.4062  EPtot      =  -1279922.3467
 BOND   =     10403.6518  ANGLE   =     27759.9580  DIHED      =     33047.4416
 1-4 NB =     12342.8238  1-4 EEL =    135015.1623  VDWAALS    =    152685.9470
 EELEC  =  -1651177.3310  EHBOND  =         0.0000  RESTRAINT  =         0.0000
 EKCMT  =    112203.4981  VIRIAL  =    108844.7476  VOLUME     =   4333485.6065
                                                    Density    =         1.0091
 ------------------------------------------------------------------------------


 NSTEP = 14300000   TIME(PS) =   29175.000  TEMP(K) =   300.11  PRESS =   -31.6
 Etot   =  -1016789.6081  EKtot   =    263319.3750  EPtot      =  -1280108.9831
 BOND   =     10402.8241  ANGLE   =     27773.2371  DIHED      =     33099.0576
 1-4 NB =     12395.7197  1-4 EEL =    135334.0538  VDWAALS    =    152859.5224
 EELEC  =  -1651973.3979  EHBOND  =         0.0000  RESTRAINT  =         0.0000
 EKCMT  =    111790.5838  VIRIAL  =    114742.8106  VOLUME     =   4333759.0301
                                                    Density    =         1.0090
 ------------------------------------------------------------------------------


 NSTEP = 14350000   TIME(PS) =   29275.000  TEMP(K) =   300.12  PRESS =    29.6
 Etot   =  -1016502.3062  EKtot   =    263327.6250  EPtot      =  -1279829.9312
 BOND   =     10507.3287  ANGLE   =     27768.1782  DIHED      =     33106.6126
 1-4 NB =     12443.2699  1-4 EEL =    135172.6666  VDWAALS    =    152917.5409
 EELEC  =  -1651745.5281  EHBOND  =         0.0000  RESTRAINT  =         0.0000
 EKCMT  =    112901.8232  VIRIAL  =    110127.3685  VOLUME     =   4334218.4334
                                                    Density    =         1.0089
 ------------------------------------------------------------------------------


 NSTEP = 14400000   TIME(PS) =   29375.000  TEMP(K) =   299.45  PRESS =   -24.2
 Etot   =  -1017010.9020  EKtot   =    262739.7812  EPtot      =  -1279750.6832
 BOND   =     10365.3392  ANGLE   =     27919.8532  DIHED      =     33064.3703
 1-4 NB =     12390.5098  1-4 EEL =    135038.3079  VDWAALS    =    152708.0410
 EELEC  =  -1651237.1046  EHBOND  =         0.0000  RESTRAINT  =         0.0000
 EKCMT  =    111894.7480  VIRIAL  =    114159.2047  VOLUME     =   4334276.0079
                                                    Density    =         1.0089
 ------------------------------------------------------------------------------


 NSTEP = 14450000   TIME(PS) =   29475.000  TEMP(K) =   300.26  PRESS =   -46.8
 Etot   =  -1015253.0962  EKtot   =    263448.7812  EPtot      =  -1278701.8774
 BOND   =     10454.0973  ANGLE   =     28006.2384  DIHED      =     33028.8636
 1-4 NB =     12397.4257  1-4 EEL =    135213.3467  VDWAALS    =    152642.1172
 EELEC  =  -1650443.9664  EHBOND  =         0.0000  RESTRAINT  =         0.0000
 EKCMT  =    112105.2458  VIRIAL  =    116481.2237  VOLUME     =   4334003.9321
                                                    Density    =         1.0089
 ------------------------------------------------------------------------------


 NSTEP = 14500000   TIME(PS) =   29575.000  TEMP(K) =   300.19  PRESS =    24.5
 Etot   =  -1016120.5881  EKtot   =    263385.6875  EPtot      =  -1279506.2756
 BOND   =     10479.1156  ANGLE   =     27794.7204  DIHED      =     32985.3911
 1-4 NB =     12437.7416  1-4 EEL =    135274.7096  VDWAALS    =    152237.5881
 EELEC  =  -1650715.5420  EHBOND  =         0.0000  RESTRAINT  =         0.0000
 EKCMT  =    112198.0046  VIRIAL  =    109906.1635  VOLUME     =   4336537.5655
                                                    Density    =         1.0084
 ------------------------------------------------------------------------------


 NSTEP = 14550000   TIME(PS) =   29675.000  TEMP(K) =   299.47  PRESS =   -46.5
 Etot   =  -1017330.4877  EKtot   =    262756.5625  EPtot      =  -1280087.0502
 BOND   =     10514.6678  ANGLE   =     27792.9067  DIHED      =     33091.5843
 1-4 NB =     12435.3143  1-4 EEL =    135064.3837  VDWAALS    =    152359.0966
 EELEC  =  -1651345.0037  EHBOND  =         0.0000  RESTRAINT  =         0.0000
 EKCMT  =    111898.1142  VIRIAL  =    116246.6215  VOLUME     =   4334197.2509
                                                    Density    =         1.0089
 ------------------------------------------------------------------------------


 NSTEP = 14600000   TIME(PS) =   29775.000  TEMP(K) =   299.96  PRESS =   -20.8
 Etot   =  -1017305.6234  EKtot   =    263184.2812  EPtot      =  -1280489.9046
 BOND   =     10490.6300  ANGLE   =     27915.4230  DIHED      =     33034.3157
 1-4 NB =     12371.7961  1-4 EEL =    135017.0130  VDWAALS    =    152305.0634
 EELEC  =  -1651624.1459  EHBOND  =         0.0000  RESTRAINT  =         0.0000
 EKCMT  =    112092.2543  VIRIAL  =    114035.5683  VOLUME     =   4337094.1175
                                                    Density    =         1.0082
 ------------------------------------------------------------------------------


 NSTEP = 14650000   TIME(PS) =   29875.000  TEMP(K) =   300.30  PRESS =   -17.9
 Etot   =  -1015566.2981  EKtot   =    263479.0938  EPtot      =  -1279045.3918
 BOND   =     10360.1740  ANGLE   =     28076.6030  DIHED      =     33077.6782
 1-4 NB =     12454.0776  1-4 EEL =    135235.0493  VDWAALS    =    151412.8215
 EELEC  =  -1649661.7954  EHBOND  =         0.0000  RESTRAINT  =         0.0000
 EKCMT  =    112239.1783  VIRIAL  =    113913.6280  VOLUME     =   4338334.9599
                                                    Density    =         1.0079
 ------------------------------------------------------------------------------


 NSTEP = 14700000   TIME(PS) =   29975.000  TEMP(K) =   300.17  PRESS =   -56.4
 Etot   =  -1017032.4059  EKtot   =    263371.1562  EPtot      =  -1280403.5621
 BOND   =     10499.9685  ANGLE   =     27774.1540  DIHED      =     33161.9375
 1-4 NB =     12418.8122  1-4 EEL =    135021.4129  VDWAALS    =    152555.0905
 EELEC  =  -1651834.9379  EHBOND  =         0.0000  RESTRAINT  =         0.0000
 EKCMT  =    112354.1204  VIRIAL  =    117635.3712  VOLUME     =   4335795.9255
                                                    Density    =         1.0085
 ------------------------------------------------------------------------------


 NSTEP = 14750000   TIME(PS) =   30075.000  TEMP(K) =   300.29  PRESS =   -62.5
 Etot   =  -1016725.7124  EKtot   =    263474.0000  EPtot      =  -1280199.7124
 BOND   =     10520.5155  ANGLE   =     27858.4401  DIHED      =     32947.3128
 1-4 NB =     12407.4922  1-4 EEL =    135187.9770  VDWAALS    =    152265.3581
 EELEC  =  -1651386.8081  EHBOND  =         0.0000  RESTRAINT  =         0.0000
 EKCMT  =    112190.9565  VIRIAL  =    118037.7100  VOLUME     =   4334697.9153
                                                    Density    =         1.0088
 ------------------------------------------------------------------------------


 NSTEP = 14800000   TIME(PS) =   30175.000  TEMP(K) =   300.05  PRESS =   -28.2
 Etot   =  -1015908.0586  EKtot   =    263261.4688  EPtot      =  -1279169.5273
 BOND   =     10340.5222  ANGLE   =     27956.8017  DIHED      =     33178.5139
 1-4 NB =     12423.9557  1-4 EEL =    135123.8252  VDWAALS    =    152112.9205
 EELEC  =  -1650306.0665  EHBOND  =         0.0000  RESTRAINT  =         0.0000
 EKCMT  =    112281.4458  VIRIAL  =    114918.5149  VOLUME     =   4334287.5003
                                                    Density    =         1.0089
 ------------------------------------------------------------------------------


 NSTEP = 14850000   TIME(PS) =   30275.000  TEMP(K) =   301.03  PRESS =    -3.9
 Etot   =  -1016752.5383  EKtot   =    264120.8750  EPtot      =  -1280873.4133
 BOND   =     10467.8455  ANGLE   =     27797.3920  DIHED      =     33083.6469
 1-4 NB =     12380.4992  1-4 EEL =    135252.1088  VDWAALS    =    153063.3773
 EELEC  =  -1652918.2829  EHBOND  =         0.0000  RESTRAINT  =         0.0000
 EKCMT  =    112554.4265  VIRIAL  =    112921.2586  VOLUME     =   4333988.5220
                                                    Density    =         1.0089
 ------------------------------------------------------------------------------


 NSTEP = 14900000   TIME(PS) =   30375.000  TEMP(K) =   299.99  PRESS =   -48.9
 Etot   =  -1017005.5627  EKtot   =    263210.2188  EPtot      =  -1280215.7815
 BOND   =     10290.2090  ANGLE   =     27851.6255  DIHED      =     33130.2170
 1-4 NB =     12437.3074  1-4 EEL =    135198.4906  VDWAALS    =    153337.1670
 EELEC  =  -1652460.7979  EHBOND  =         0.0000  RESTRAINT  =         0.0000
 EKCMT  =    112028.7145  VIRIAL  =    116604.0906  VOLUME     =   4335957.6715
                                                    Density    =         1.0085
 ------------------------------------------------------------------------------


 NSTEP = 14950000   TIME(PS) =   30475.000  TEMP(K) =   300.56  PRESS =   -23.8
 Etot   =  -1016558.8768  EKtot   =    263712.0312  EPtot      =  -1280270.9080
 BOND   =     10469.4134  ANGLE   =     27770.1234  DIHED      =     33053.2195
 1-4 NB =     12391.1241  1-4 EEL =    135316.2704  VDWAALS    =    152907.0847
 EELEC  =  -1652178.1433  EHBOND  =         0.0000  RESTRAINT  =         0.0000
 EKCMT  =    112338.0088  VIRIAL  =    114569.1184  VOLUME     =   4336367.9077
                                                    Density    =         1.0084
 ------------------------------------------------------------------------------


 NSTEP = 15000000   TIME(PS) =   30575.000  TEMP(K) =   300.84  PRESS =     6.6
 Etot   =  -1016564.6014  EKtot   =    263960.3438  EPtot      =  -1280524.9452
 BOND   =     10368.4454  ANGLE   =     27972.9668  DIHED      =     33167.6309
 1-4 NB =     12391.2434  1-4 EEL =    135287.3050  VDWAALS    =    153547.5347
 EELEC  =  -1653260.0714  EHBOND  =         0.0000  RESTRAINT  =         0.0000
 EKCMT  =    112060.5140  VIRIAL  =    111447.3922  VOLUME     =   4334475.6649
                                                    Density    =         1.0088
 ------------------------------------------------------------------------------


 NSTEP = 15050000   TIME(PS) =   30675.000  TEMP(K) =   299.59  PRESS =    14.6
 Etot   =  -1017541.8299  EKtot   =    262861.4688  EPtot      =  -1280403.2986
 BOND   =     10439.0968  ANGLE   =     27992.0943  DIHED      =     33006.0755
 1-4 NB =     12443.1395  1-4 EEL =    135055.2539  VDWAALS    =    152820.4679
 EELEC  =  -1652159.4265  EHBOND  =         0.0000  RESTRAINT  =         0.0000
 EKCMT  =    111914.5397  VIRIAL  =    110546.0217  VOLUME     =   4333435.8670
                                                    Density    =         1.0091
 ------------------------------------------------------------------------------


 NSTEP = 15100000   TIME(PS) =   30775.000  TEMP(K) =   299.67  PRESS =    33.3
 Etot   =  -1017249.5427  EKtot   =    262931.0312  EPtot      =  -1280180.5740
 BOND   =     10382.4099  ANGLE   =     27889.5990  DIHED      =     33068.1678
 1-4 NB =     12317.6619  1-4 EEL =    134991.0998  VDWAALS    =    153643.9968
 EELEC  =  -1652473.5092  EHBOND  =         0.0000  RESTRAINT  =         0.0000
 EKCMT  =    111951.3629  VIRIAL  =    108837.1679  VOLUME     =   4335328.6591
                                                    Density    =         1.0086
 ------------------------------------------------------------------------------


 NSTEP = 15150000   TIME(PS) =   30875.000  TEMP(K) =   299.33  PRESS =    51.2
 Etot   =  -1017404.2653  EKtot   =    262632.7188  EPtot      =  -1280036.9840
 BOND   =     10307.5888  ANGLE   =     27867.0762  DIHED      =     32999.0366
 1-4 NB =     12355.4912  1-4 EEL =    135323.9370  VDWAALS    =    153275.0137
 EELEC  =  -1652165.1277  EHBOND  =         0.0000  RESTRAINT  =         0.0000
 EKCMT  =    111776.2392  VIRIAL  =    106982.5577  VOLUME     =   4334199.1001
                                                    Density    =         1.0089
 ------------------------------------------------------------------------------


 NSTEP = 15200000   TIME(PS) =   30975.000  TEMP(K) =   300.27  PRESS =    11.4
 Etot   =  -1016623.9612  EKtot   =    263455.3438  EPtot      =  -1280079.3050
 BOND   =     10518.2374  ANGLE   =     27762.0594  DIHED      =     33041.3343
 1-4 NB =     12413.5983  1-4 EEL =    135385.2864  VDWAALS    =    152444.4643
 EELEC  =  -1651644.2851  EHBOND  =         0.0000  RESTRAINT  =         0.0000
 EKCMT  =    112168.0198  VIRIAL  =    111102.0149  VOLUME     =   4336031.3975
                                                    Density    =         1.0085
 ------------------------------------------------------------------------------


 NSTEP = 15250000   TIME(PS) =   31075.000  TEMP(K) =   300.01  PRESS =   -96.7
 Etot   =  -1016486.6978  EKtot   =    263226.3438  EPtot      =  -1279713.0416
 BOND   =     10467.4455  ANGLE   =     27771.8670  DIHED      =     33012.8707
 1-4 NB =     12328.8839  1-4 EEL =    135355.0839  VDWAALS    =    151971.3563
 EELEC  =  -1650620.5488  EHBOND  =         0.0000  RESTRAINT  =         0.0000
 EKCMT  =    111760.4396  VIRIAL  =    120817.3099  VOLUME     =   4335768.2817
                                                    Density    =         1.0085
 ------------------------------------------------------------------------------


 NSTEP = 15300000   TIME(PS) =   31175.000  TEMP(K) =   299.18  PRESS =    13.8
 Etot   =  -1017356.9045  EKtot   =    262504.4688  EPtot      =  -1279861.3732
 BOND   =     10539.2464  ANGLE   =     27855.3455  DIHED      =     33026.5193
 1-4 NB =     12425.3728  1-4 EEL =    135399.0761  VDWAALS    =    152540.4169
 EELEC  =  -1651647.3503  EHBOND  =         0.0000  RESTRAINT  =         0.0000
 EKCMT  =    111707.0235  VIRIAL  =    110419.1429  VOLUME     =   4335365.6180
                                                    Density    =         1.0086
 ------------------------------------------------------------------------------


 NSTEP = 15350000   TIME(PS) =   31275.000  TEMP(K) =   299.72  PRESS =    99.3
 Etot   =  -1016722.8824  EKtot   =    262976.9062  EPtot      =  -1279699.7887
 BOND   =     10514.5238  ANGLE   =     28012.2410  DIHED      =     32882.5900
 1-4 NB =     12391.8952  1-4 EEL =    135477.4629  VDWAALS    =    152771.1079
 EELEC  =  -1651749.6094  EHBOND  =         0.0000  RESTRAINT  =         0.0000
 EKCMT  =    112336.2327  VIRIAL  =    103038.6551  VOLUME     =   4335551.3939
                                                    Density    =         1.0086
 ------------------------------------------------------------------------------


 NSTEP = 15400000   TIME(PS) =   31375.000  TEMP(K) =   299.30  PRESS =    26.9
 Etot   =  -1016954.2796  EKtot   =    262609.0625  EPtot      =  -1279563.3421
 BOND   =     10520.6172  ANGLE   =     28004.3366  DIHED      =     33055.8354
 1-4 NB =     12340.5350  1-4 EEL =    135049.0999  VDWAALS    =    152708.7797
 EELEC  =  -1651242.5458  EHBOND  =         0.0000  RESTRAINT  =         0.0000
 EKCMT  =    111824.2315  VIRIAL  =    109306.2268  VOLUME     =   4334092.3123
                                                    Density    =         1.0089
 ------------------------------------------------------------------------------


 NSTEP = 15450000   TIME(PS) =   31475.000  TEMP(K) =   300.13  PRESS =     1.6
 Etot   =  -1016664.4779  EKtot   =    263337.7812  EPtot      =  -1280002.2592
 BOND   =     10375.3001  ANGLE   =     27914.0747  DIHED      =     33146.4368
 1-4 NB =     12457.0611  1-4 EEL =    135325.7233  VDWAALS    =    152948.1902
 EELEC  =  -1652169.0454  EHBOND  =         0.0000  RESTRAINT  =         0.0000
 EKCMT  =    112130.1735  VIRIAL  =    111979.1322  VOLUME     =   4334825.4300
                                                    Density    =         1.0088
 ------------------------------------------------------------------------------


 NSTEP = 15500000   TIME(PS) =   31575.000  TEMP(K) =   299.05  PRESS =   -56.9
 Etot   =  -1017200.0172  EKtot   =    262385.4375  EPtot      =  -1279585.4547
 BOND   =     10333.8226  ANGLE   =     27848.2495  DIHED      =     33115.6664
 1-4 NB =     12384.9035  1-4 EEL =    135220.4124  VDWAALS    =    153143.9107
 EELEC  =  -1651632.4198  EHBOND  =         0.0000  RESTRAINT  =         0.0000
 EKCMT  =    111884.2252  VIRIAL  =    117208.2029  VOLUME     =   4334695.2638
                                                    Density    =         1.0088
 ------------------------------------------------------------------------------


 NSTEP = 15550000   TIME(PS) =   31675.000  TEMP(K) =   300.40  PRESS =    36.9
 Etot   =  -1016577.8432  EKtot   =    263572.1562  EPtot      =  -1280149.9995
 BOND   =     10435.8448  ANGLE   =     27919.7100  DIHED      =     33030.5057
 1-4 NB =     12333.8434  1-4 EEL =    135049.8681  VDWAALS    =    153089.5170
 EELEC  =  -1652009.2885  EHBOND  =         0.0000  RESTRAINT  =         0.0000
 EKCMT  =    112254.2764  VIRIAL  =    108801.0154  VOLUME     =   4332931.0430
                                                    Density    =         1.0092
 ------------------------------------------------------------------------------


 NSTEP = 15600000   TIME(PS) =   31775.000  TEMP(K) =   300.64  PRESS =   -17.1
 Etot   =  -1015856.1245  EKtot   =    263781.3750  EPtot      =  -1279637.4995
 BOND   =     10520.1302  ANGLE   =     28104.1478  DIHED      =     33051.1916
 1-4 NB =     12398.7515  1-4 EEL =    135324.8243  VDWAALS    =    153154.8206
 EELEC  =  -1652191.3656  EHBOND  =         0.0000  RESTRAINT  =         0.0000
 EKCMT  =    112726.4975  VIRIAL  =    114329.1848  VOLUME     =   4334882.7840
                                                    Density    =         1.0087
 ------------------------------------------------------------------------------


 NSTEP = 15650000   TIME(PS) =   31875.000  TEMP(K) =   300.47  PRESS =     7.8
 Etot   =  -1014980.4664  EKtot   =    263633.5625  EPtot      =  -1278614.0289
 BOND   =     10414.4274  ANGLE   =     27896.8403  DIHED      =     32911.4793
 1-4 NB =     12472.2515  1-4 EEL =    135261.4764  VDWAALS    =    152241.7822
 EELEC  =  -1649812.2860  EHBOND  =         0.0000  RESTRAINT  =         0.0000
 EKCMT  =    112399.7231  VIRIAL  =    111668.9473  VOLUME     =   4334367.0193
                                                    Density    =         1.0089
 ------------------------------------------------------------------------------


 NSTEP = 15700000   TIME(PS) =   31975.000  TEMP(K) =   299.56  PRESS =   -68.8
 Etot   =  -1016599.9575  EKtot   =    262835.9688  EPtot      =  -1279435.9263
 BOND   =     10521.3011  ANGLE   =     28113.9834  DIHED      =     33005.0739
 1-4 NB =     12401.0337  1-4 EEL =    135242.8927  VDWAALS    =    152286.0007
 EELEC  =  -1651006.2119  EHBOND  =         0.0000  RESTRAINT  =         0.0000
 EKCMT  =    112258.9294  VIRIAL  =    118696.3682  VOLUME     =   4335404.2771
                                                    Density    =         1.0086
 ------------------------------------------------------------------------------


 NSTEP = 15750000   TIME(PS) =   32075.000  TEMP(K) =   299.71  PRESS =    45.1
 Etot   =  -1017972.2921  EKtot   =    262964.4688  EPtot      =  -1280936.7608
 BOND   =     10447.2729  ANGLE   =     27960.2809  DIHED      =     33004.6938
 1-4 NB =     12304.8697  1-4 EEL =    135111.0401  VDWAALS    =    152866.5601
 EELEC  =  -1652631.4785  EHBOND  =         0.0000  RESTRAINT  =         0.0000
 EKCMT  =    112135.8925  VIRIAL  =    107912.7329  VOLUME     =   4335176.0266
                                                    Density    =         1.0087
 ------------------------------------------------------------------------------


 NSTEP = 15800000   TIME(PS) =   32175.000  TEMP(K) =   300.58  PRESS =    -8.1
 Etot   =  -1016537.7384  EKtot   =    263733.1250  EPtot      =  -1280270.8634
 BOND   =     10432.7231  ANGLE   =     27918.7166  DIHED      =     32927.5837
 1-4 NB =     12269.2655  1-4 EEL =    135027.8663  VDWAALS    =    153479.0392
 EELEC  =  -1652326.0578  EHBOND  =         0.0000  RESTRAINT  =         0.0000
 EKCMT  =    112063.5489  VIRIAL  =    112819.8953  VOLUME     =   4337068.1641
                                                    Density    =         1.0082
 ------------------------------------------------------------------------------


 NSTEP = 15850000   TIME(PS) =   32275.000  TEMP(K) =   300.04  PRESS =   -31.1
 Etot   =  -1016886.4544  EKtot   =    263255.9062  EPtot      =  -1280142.3607
 BOND   =     10497.5117  ANGLE   =     28028.4989  DIHED      =     33002.5728
 1-4 NB =     12298.4499  1-4 EEL =    134806.6299  VDWAALS    =    152380.8272
 EELEC  =  -1651156.8510  EHBOND  =         0.0000  RESTRAINT  =         0.0000
 EKCMT  =    112333.7659  VIRIAL  =    115248.4884  VOLUME     =   4334655.5843
                                                    Density    =         1.0088
 ------------------------------------------------------------------------------


 NSTEP = 15900000   TIME(PS) =   32375.000  TEMP(K) =   299.92  PRESS =     1.0
 Etot   =  -1016208.9880  EKtot   =    263152.0000  EPtot      =  -1279360.9880
 BOND   =     10478.6588  ANGLE   =     27964.2380  DIHED      =     32936.7431
 1-4 NB =     12342.0270  1-4 EEL =    135184.6106  VDWAALS    =    152424.2025
 EELEC  =  -1650691.4681  EHBOND  =         0.0000  RESTRAINT  =         0.0000
 EKCMT  =    112386.9692  VIRIAL  =    112297.2121  VOLUME     =   4336333.5494
                                                    Density    =         1.0084
 ------------------------------------------------------------------------------


 NSTEP = 15950000   TIME(PS) =   32475.000  TEMP(K) =   299.58  PRESS =   -33.7
 Etot   =  -1015751.1877  EKtot   =    262854.5938  EPtot      =  -1278605.7815
 BOND   =     10533.3473  ANGLE   =     28102.4775  DIHED      =     33055.7973
 1-4 NB =     12356.1524  1-4 EEL =    135069.0973  VDWAALS    =    151966.1410
 EELEC  =  -1649688.7943  EHBOND  =         0.0000  RESTRAINT  =         0.0000
 EKCMT  =    111995.1610  VIRIAL  =    115146.3913  VOLUME     =   4333605.4021
                                                    Density    =         1.0090
 ------------------------------------------------------------------------------


 NSTEP = 16000000   TIME(PS) =   32575.000  TEMP(K) =   299.86  PRESS =  -109.3
 Etot   =  -1017972.1343  EKtot   =    263099.4375  EPtot      =  -1281071.5718
 BOND   =     10450.0935  ANGLE   =     27916.8125  DIHED      =     33048.1007
 1-4 NB =     12400.5751  1-4 EEL =    135318.0337  VDWAALS    =    152268.9397
 EELEC  =  -1652474.1270  EHBOND  =         0.0000  RESTRAINT  =         0.0000
 EKCMT  =    111730.6620  VIRIAL  =    121959.7690  VOLUME     =   4332554.8158
                                                    Density    =         1.0093
 ------------------------------------------------------------------------------


 NSTEP = 16050000   TIME(PS) =   32675.000  TEMP(K) =   300.69  PRESS =    46.0
 Etot   =  -1016892.2440  EKtot   =    263824.0000  EPtot      =  -1280716.2440
 BOND   =     10389.3971  ANGLE   =     27906.4367  DIHED      =     32959.7968
 1-4 NB =     12349.6710  1-4 EEL =    135293.5939  VDWAALS    =    153454.9612
 EELEC  =  -1653070.1008  EHBOND  =         0.0000  RESTRAINT  =         0.0000
 EKCMT  =    112687.2577  VIRIAL  =    108380.1786  VOLUME     =   4335657.0839
                                                    Density    =         1.0086
 ------------------------------------------------------------------------------


 NSTEP = 16100000   TIME(PS) =   32775.000  TEMP(K) =   300.45  PRESS =    15.2
 Etot   =  -1015826.6564  EKtot   =    263610.8125  EPtot      =  -1279437.4689
 BOND   =     10406.8965  ANGLE   =     27846.7914  DIHED      =     33044.4503
 1-4 NB =     12400.3230  1-4 EEL =    135111.3062  VDWAALS    =    151737.2136
 EELEC  =  -1649984.4499  EHBOND  =         0.0000  RESTRAINT  =         0.0000
 EKCMT  =    112422.9929  VIRIAL  =    110998.1535  VOLUME     =   4336834.4974
                                                    Density    =         1.0083
 ------------------------------------------------------------------------------


 NSTEP = 16150000   TIME(PS) =   32875.000  TEMP(K) =   299.38  PRESS =    84.1
 Etot   =  -1017326.1636  EKtot   =    262674.2500  EPtot      =  -1280000.4136
 BOND   =     10492.3500  ANGLE   =     27896.5252  DIHED      =     33041.2492
 1-4 NB =     12329.6542  1-4 EEL =    135079.7398  VDWAALS    =    152320.1705
 EELEC  =  -1651160.1026  EHBOND  =         0.0000  RESTRAINT  =         0.0000
 EKCMT  =    111454.7181  VIRIAL  =    103587.1658  VOLUME     =   4334154.4068
                                                    Density    =         1.0089
 ------------------------------------------------------------------------------


 NSTEP = 16200000   TIME(PS) =   32975.000  TEMP(K) =   300.19  PRESS =    44.1
 Etot   =  -1017120.4950  EKtot   =    263390.6875  EPtot      =  -1280511.1825
 BOND   =     10548.9270  ANGLE   =     27921.7898  DIHED      =     32980.0267
 1-4 NB =     12415.8341  1-4 EEL =    135147.4328  VDWAALS    =    152120.3256
 EELEC  =  -1651645.5186  EHBOND  =         0.0000  RESTRAINT  =         0.0000
 EKCMT  =    112030.8525  VIRIAL  =    107900.4364  VOLUME     =   4333404.0072
                                                    Density    =         1.0091
 ------------------------------------------------------------------------------


 NSTEP = 16250000   TIME(PS) =   33075.000  TEMP(K) =   299.74  PRESS =   -10.9
 Etot   =  -1016396.4050  EKtot   =    262994.0625  EPtot      =  -1279390.4675
 BOND   =     10499.4064  ANGLE   =     27879.1826  DIHED      =     32955.3944
 1-4 NB =     12346.6620  1-4 EEL =    135220.9330  VDWAALS    =    152395.7239
 EELEC  =  -1650687.7698  EHBOND  =         0.0000  RESTRAINT  =         0.0000
 EKCMT  =    112008.6998  VIRIAL  =    113027.1039  VOLUME     =   4335225.2633
                                                    Density    =         1.0087
 ------------------------------------------------------------------------------


 NSTEP = 16300000   TIME(PS) =   33175.000  TEMP(K) =   300.13  PRESS =    69.5
 Etot   =  -1016748.2346  EKtot   =    263334.5938  EPtot      =  -1280082.8283
 BOND   =     10474.8261  ANGLE   =     27747.0928  DIHED      =     33015.8359
 1-4 NB =     12360.1418  1-4 EEL =    135264.8309  VDWAALS    =    152770.9940
 EELEC  =  -1651716.5497  EHBOND  =         0.0000  RESTRAINT  =         0.0000
 EKCMT  =    112394.4749  VIRIAL  =    105882.8134  VOLUME     =   4338488.3702
                                                    Density    =         1.0079
 ------------------------------------------------------------------------------


 NSTEP = 16350000   TIME(PS) =   33275.000  TEMP(K) =   300.10  PRESS =    -2.9
 Etot   =  -1016925.5915  EKtot   =    263306.7500  EPtot      =  -1280232.3415
 BOND   =     10486.5237  ANGLE   =     28084.1161  DIHED      =     32919.6967
 1-4 NB =     12346.6233  1-4 EEL =    135320.5570  VDWAALS    =    153444.7542
 EELEC  =  -1652834.6125  EHBOND  =         0.0000  RESTRAINT  =         0.0000
 EKCMT  =    112108.4903  VIRIAL  =    112378.2030  VOLUME     =   4335759.5512
                                                    Density    =         1.0085
 ------------------------------------------------------------------------------


 NSTEP = 16400000   TIME(PS) =   33375.000  TEMP(K) =   300.64  PRESS =     8.5
 Etot   =  -1016171.7456  EKtot   =    263784.2812  EPtot      =  -1279956.0269
 BOND   =     10626.4497  ANGLE   =     27908.6196  DIHED      =     32931.5438
 1-4 NB =     12413.1314  1-4 EEL =    135421.5096  VDWAALS    =    152630.5712
 EELEC  =  -1651887.8523  EHBOND  =         0.0000  RESTRAINT  =         0.0000
 EKCMT  =    112205.1645  VIRIAL  =    111409.4873  VOLUME     =   4333027.2924
                                                    Density    =         1.0092
 ------------------------------------------------------------------------------


 NSTEP = 16450000   TIME(PS) =   33475.000  TEMP(K) =   300.42  PRESS =    -7.8
 Etot   =  -1016442.5023  EKtot   =    263585.8438  EPtot      =  -1280028.3461
 BOND   =     10501.4965  ANGLE   =     27882.2516  DIHED      =     33075.5841
 1-4 NB =     12287.4395  1-4 EEL =    135093.5082  VDWAALS    =    152498.8697
 EELEC  =  -1651367.4956  EHBOND  =         0.0000  RESTRAINT  =         0.0000
 EKCMT  =    112244.7034  VIRIAL  =    112975.0714  VOLUME     =   4336369.6878
                                                    Density    =         1.0084
 ------------------------------------------------------------------------------


 NSTEP = 16500000   TIME(PS) =   33575.000  TEMP(K) =   299.87  PRESS =   -52.2
 Etot   =  -1017477.7096  EKtot   =    263107.6250  EPtot      =  -1280585.3346
 BOND   =     10367.1229  ANGLE   =     27752.5868  DIHED      =     33063.6200
 1-4 NB =     12314.3157  1-4 EEL =    135280.1605  VDWAALS    =    152357.2336
 EELEC  =  -1651720.3741  EHBOND  =         0.0000  RESTRAINT  =         0.0000
 EKCMT  =    111909.4641  VIRIAL  =    116789.4838  VOLUME     =   4333995.6355
                                                    Density    =         1.0089
 ------------------------------------------------------------------------------


 NSTEP = 16550000   TIME(PS) =   33675.000  TEMP(K) =   300.19  PRESS =   -13.2
 Etot   =  -1016345.6772  EKtot   =    263385.4375  EPtot      =  -1279731.1147
 BOND   =     10453.4270  ANGLE   =     27570.9803  DIHED      =     33045.6932
 1-4 NB =     12482.0861  1-4 EEL =    135255.2247  VDWAALS    =    151655.8593
 EELEC  =  -1650194.3854  EHBOND  =         0.0000  RESTRAINT  =         0.0000
 EKCMT  =    112245.8405  VIRIAL  =    113477.1506  VOLUME     =   4335200.4877
                                                    Density    =         1.0087
 ------------------------------------------------------------------------------


 NSTEP = 16600000   TIME(PS) =   33775.000  TEMP(K) =   300.07  PRESS =   -49.8
 Etot   =  -1017633.0833  EKtot   =    263279.9062  EPtot      =  -1280912.9895
 BOND   =     10440.7907  ANGLE   =     27755.9177  DIHED      =     33010.8387
 1-4 NB =     12479.6215  1-4 EEL =    135271.7325  VDWAALS    =    152529.7515
 EELEC  =  -1652401.6420  EHBOND  =         0.0000  RESTRAINT  =         0.0000
 EKCMT  =    112092.9524  VIRIAL  =    116757.5826  VOLUME     =   4334050.0300
                                                    Density    =         1.0089
 ------------------------------------------------------------------------------


 NSTEP = 16650000   TIME(PS) =   33875.000  TEMP(K) =   300.26  PRESS =   -12.5
 Etot   =  -1016491.2048  EKtot   =    263446.9375  EPtot      =  -1279938.1423
 BOND   =     10523.4255  ANGLE   =     27884.4021  DIHED      =     32985.2352
 1-4 NB =     12303.0805  1-4 EEL =    134937.7584  VDWAALS    =    152471.8414
 EELEC  =  -1651043.8853  EHBOND  =         0.0000  RESTRAINT  =         0.0000
 EKCMT  =    112095.7830  VIRIAL  =    113265.6516  VOLUME     =   4335324.1142
                                                    Density    =         1.0086
 ------------------------------------------------------------------------------


 NSTEP = 16700000   TIME(PS) =   33975.000  TEMP(K) =   300.45  PRESS =   -50.5
 Etot   =  -1015171.6524  EKtot   =    263614.2188  EPtot      =  -1278785.8711
 BOND   =     10583.7668  ANGLE   =     28015.9792  DIHED      =     33095.3944
 1-4 NB =     12354.3519  1-4 EEL =    135072.3312  VDWAALS    =    151807.6212
 EELEC  =  -1649715.3159  EHBOND  =         0.0000  RESTRAINT  =         0.0000
 EKCMT  =    112364.3842  VIRIAL  =    117087.8449  VOLUME     =   4336153.2943
                                                    Density    =         1.0084
 ------------------------------------------------------------------------------


 NSTEP = 16750000   TIME(PS) =   34075.000  TEMP(K) =   300.19  PRESS =     2.3
 Etot   =  -1016504.6939  EKtot   =    263387.4688  EPtot      =  -1279892.1626
 BOND   =     10546.1574  ANGLE   =     27763.4006  DIHED      =     32973.9232
 1-4 NB =     12397.4416  1-4 EEL =    135183.4899  VDWAALS    =    153503.9968
 EELEC  =  -1652260.5722  EHBOND  =         0.0000  RESTRAINT  =         0.0000
 EKCMT  =    112501.4151  VIRIAL  =    112282.0740  VOLUME     =   4338192.4621
                                                    Density    =         1.0080
 ------------------------------------------------------------------------------


 NSTEP = 16800000   TIME(PS) =   34175.000  TEMP(K) =   300.52  PRESS =    40.1
 Etot   =  -1015860.7669  EKtot   =    263676.0938  EPtot      =  -1279536.8606
 BOND   =     10510.8492  ANGLE   =     28209.1066  DIHED      =     33078.6415
 1-4 NB =     12429.9813  1-4 EEL =    134922.0258  VDWAALS    =    152741.3983
 EELEC  =  -1651428.8634  EHBOND  =         0.0000  RESTRAINT  =         0.0000
 EKCMT  =    112368.5995  VIRIAL  =    108609.3631  VOLUME     =   4337430.0094
                                                    Density    =         1.0081
 ------------------------------------------------------------------------------


 NSTEP = 16850000   TIME(PS) =   34275.000  TEMP(K) =   299.85  PRESS =    37.5
 Etot   =  -1017398.4185  EKtot   =    263092.0938  EPtot      =  -1280490.5122
 BOND   =     10457.8658  ANGLE   =     27818.3336  DIHED      =     33046.5001
 1-4 NB =     12343.1498  1-4 EEL =    135390.2051  VDWAALS    =    151988.5441
 EELEC  =  -1651535.1106  EHBOND  =         0.0000  RESTRAINT  =         0.0000
 EKCMT  =    112077.2817  VIRIAL  =    108564.0222  VOLUME     =   4333427.7621
                                                    Density    =         1.0091
 ------------------------------------------------------------------------------


 NSTEP = 16900000   TIME(PS) =   34375.000  TEMP(K) =   299.88  PRESS =    52.6
 Etot   =  -1016979.0521  EKtot   =    263111.9062  EPtot      =  -1280090.9584
 BOND   =     10477.8716  ANGLE   =     27869.1219  DIHED      =     32987.6813
 1-4 NB =     12339.8468  1-4 EEL =    134892.5622  VDWAALS    =    152670.5430
 EELEC  =  -1651328.5852  EHBOND  =         0.0000  RESTRAINT  =         0.0000
 EKCMT  =    111660.5338  VIRIAL  =    106734.7362  VOLUME     =   4334640.4132
                                                    Density    =         1.0088
 ------------------------------------------------------------------------------


 NSTEP = 16950000   TIME(PS) =   34475.000  TEMP(K) =   299.67  PRESS =   -56.6
 Etot   =  -1016178.1454  EKtot   =    262933.9688  EPtot      =  -1279112.1142
 BOND   =     10365.4712  ANGLE   =     27965.8831  DIHED      =     33027.9891
 1-4 NB =     12379.8082  1-4 EEL =    135141.4062  VDWAALS    =    152034.1639
 EELEC  =  -1650026.8358  EHBOND  =         0.0000  RESTRAINT  =         0.0000
 EKCMT  =    111955.8895  VIRIAL  =    117254.6442  VOLUME     =   4334942.4577
                                                    Density    =         1.0087
 ------------------------------------------------------------------------------


 NSTEP = 17000000   TIME(PS) =   34575.000  TEMP(K) =   300.23  PRESS =     0.2
 Etot   =  -1016819.3981  EKtot   =    263423.7812  EPtot      =  -1280243.1793
 BOND   =     10378.7893  ANGLE   =     27850.0160  DIHED      =     32828.7801
 1-4 NB =     12383.1246  1-4 EEL =    135451.2431  VDWAALS    =    151990.5713
 EELEC  =  -1651125.7037  EHBOND  =         0.0000  RESTRAINT  =         0.0000
 EKCMT  =    112267.9620  VIRIAL  =    112247.8294  VOLUME     =   4335663.6348
                                                    Density    =         1.0086
 ------------------------------------------------------------------------------


 NSTEP = 17050000   TIME(PS) =   34675.000  TEMP(K) =   300.30  PRESS =   -18.6
 Etot   =  -1016269.3944  EKtot   =    263487.0625  EPtot      =  -1279756.4569
 BOND   =     10564.4285  ANGLE   =     27992.9006  DIHED      =     33029.5963
 1-4 NB =     12354.6401  1-4 EEL =    134959.1127  VDWAALS    =    152228.1222
 EELEC  =  -1650885.2573  EHBOND  =         0.0000  RESTRAINT  =         0.0000
 EKCMT  =    112182.0428  VIRIAL  =    113926.0537  VOLUME     =   4333116.0260
                                                    Density    =         1.0092
 ------------------------------------------------------------------------------


 NSTEP = 17100000   TIME(PS) =   34775.000  TEMP(K) =   300.31  PRESS =   -34.6
 Etot   =  -1016730.8342  EKtot   =    263488.6875  EPtot      =  -1280219.5217
 BOND   =     10612.9300  ANGLE   =     27933.9936  DIHED      =     33095.1613
 1-4 NB =     12307.7829  1-4 EEL =    135175.2726  VDWAALS    =    152198.4384
 EELEC  =  -1651543.1005  EHBOND  =         0.0000  RESTRAINT  =         0.0000
 EKCMT  =    112288.8142  VIRIAL  =    115528.6719  VOLUME     =   4335025.3153
                                                    Density    =         1.0087
 ------------------------------------------------------------------------------


 NSTEP = 17150000   TIME(PS) =   34875.000  TEMP(K) =   299.67  PRESS =    32.2
 Etot   =  -1017576.0522  EKtot   =    262933.9062  EPtot      =  -1280509.9584
 BOND   =     10442.3911  ANGLE   =     27759.0608  DIHED      =     33063.4522
 1-4 NB =     12413.9598  1-4 EEL =    135286.1861  VDWAALS    =    152951.5804
 EELEC  =  -1652426.5886  EHBOND  =         0.0000  RESTRAINT  =         0.0000
 EKCMT  =    111795.4975  VIRIAL  =    108784.9385  VOLUME     =   4335121.4049
                                                    Density    =         1.0087
 ------------------------------------------------------------------------------


 NSTEP = 17200000   TIME(PS) =   34975.000  TEMP(K) =   299.89  PRESS =    -6.4
 Etot   =  -1017215.1339  EKtot   =    263119.3750  EPtot      =  -1280334.5089
 BOND   =     10506.8163  ANGLE   =     28008.1152  DIHED      =     32992.5487
 1-4 NB =     12353.0721  1-4 EEL =    135043.9293  VDWAALS    =    152794.8220
 EELEC  =  -1652033.8125  EHBOND  =         0.0000  RESTRAINT  =         0.0000
 EKCMT  =    111991.5139  VIRIAL  =    112589.4508  VOLUME     =   4333456.4427
                                                    Density    =         1.0091
 ------------------------------------------------------------------------------


 NSTEP = 17250000   TIME(PS) =   35075.000  TEMP(K) =   300.02  PRESS =   -16.2
 Etot   =  -1016406.1115  EKtot   =    263239.5000  EPtot      =  -1279645.6115
 BOND   =     10593.2185  ANGLE   =     28049.1489  DIHED      =     32942.9587
 1-4 NB =     12388.1789  1-4 EEL =    135181.0523  VDWAALS    =    151526.0483
 EELEC  =  -1650326.2171  EHBOND  =         0.0000  RESTRAINT  =         0.0000
 EKCMT  =    112029.3989  VIRIAL  =    113546.9886  VOLUME     =   4335461.2433
                                                    Density    =         1.0086
 ------------------------------------------------------------------------------


 NSTEP = 17300000   TIME(PS) =   35175.000  TEMP(K) =   299.58  PRESS =   -38.2
 Etot   =  -1017462.5895  EKtot   =    262853.7500  EPtot      =  -1280316.3395
 BOND   =     10678.6919  ANGLE   =     28146.8690  DIHED      =     32976.7090
 1-4 NB =     12387.0634  1-4 EEL =    135374.5272  VDWAALS    =    152597.0622
 EELEC  =  -1652477.2621  EHBOND  =         0.0000  RESTRAINT  =         0.0000
 EKCMT  =    111496.6143  VIRIAL  =    115066.7507  VOLUME     =   4332895.2156
                                                    Density    =         1.0092
 ------------------------------------------------------------------------------


 NSTEP = 17350000   TIME(PS) =   35275.000  TEMP(K) =   301.14  PRESS =     0.2
 Etot   =  -1015124.7272  EKtot   =    264218.8125  EPtot      =  -1279343.5397
 BOND   =     10402.8696  ANGLE   =     28203.9545  DIHED      =     33006.3091
 1-4 NB =     12357.9482  1-4 EEL =    135277.1003  VDWAALS    =    152125.9015
 EELEC  =  -1650717.6228  EHBOND  =         0.0000  RESTRAINT  =         0.0000
 EKCMT  =    112357.2489  VIRIAL  =    112341.1680  VOLUME     =   4336733.3774
                                                    Density    =         1.0083
 ------------------------------------------------------------------------------


 NSTEP = 17400000   TIME(PS) =   35375.000  TEMP(K) =   299.74  PRESS =    78.0
 Etot   =  -1016326.4626  EKtot   =    262995.8438  EPtot      =  -1279322.3063
 BOND   =     10532.6391  ANGLE   =     27840.8559  DIHED      =     33138.1697
 1-4 NB =     12295.1394  1-4 EEL =    135159.9825  VDWAALS    =    152556.5714
 EELEC  =  -1650845.6643  EHBOND  =         0.0000  RESTRAINT  =         0.0000
 EKCMT  =    111895.4014  VIRIAL  =    104597.8547  VOLUME     =   4335543.8607
                                                    Density    =         1.0086
 ------------------------------------------------------------------------------


 NSTEP = 17450000   TIME(PS) =   35475.000  TEMP(K) =   299.92  PRESS =    31.1
 Etot   =  -1016218.5140  EKtot   =    263146.4688  EPtot      =  -1279364.9827
 BOND   =     10631.3024  ANGLE   =     27978.0382  DIHED      =     33001.4544
 1-4 NB =     12301.0333  1-4 EEL =    135132.8210  VDWAALS    =    152838.0911
 EELEC  =  -1651247.7230  EHBOND  =         0.0000  RESTRAINT  =         0.0000
 EKCMT  =    112020.9250  VIRIAL  =    109110.8204  VOLUME     =   4336595.1516
                                                    Density    =         1.0083
 ------------------------------------------------------------------------------


 NSTEP = 17500000   TIME(PS) =   35575.000  TEMP(K) =   300.90  PRESS =    38.9
 Etot   =  -1015262.4554  EKtot   =    264009.0312  EPtot      =  -1279271.4867
 BOND   =     10518.2283  ANGLE   =     27783.1696  DIHED      =     33023.2950
 1-4 NB =     12382.3654  1-4 EEL =    134986.2955  VDWAALS    =    152715.3798
 EELEC  =  -1650680.2203  EHBOND  =         0.0000  RESTRAINT  =         0.0000
 EKCMT  =    112335.5012  VIRIAL  =    108693.9518  VOLUME     =   4334672.8922
                                                    Density    =         1.0088
 ------------------------------------------------------------------------------


 NSTEP = 17550000   TIME(PS) =   35675.000  TEMP(K) =   300.84  PRESS =   125.9
 Etot   =  -1015720.7685  EKtot   =    263959.2500  EPtot      =  -1279680.0185
 BOND   =     10466.3805  ANGLE   =     27775.0568  DIHED      =     32982.1844
 1-4 NB =     12414.4125  1-4 EEL =    135247.8376  VDWAALS    =    153875.7249
 EELEC  =  -1652441.6152  EHBOND  =         0.0000  RESTRAINT  =         0.0000
 EKCMT  =    112510.9376  VIRIAL  =    100724.4519  VOLUME     =   4337377.0544
                                                    Density    =         1.0082
 ------------------------------------------------------------------------------


 NSTEP = 17600000   TIME(PS) =   35775.000  TEMP(K) =   299.38  PRESS =   -64.8
 Etot   =  -1017068.9551  EKtot   =    262679.8125  EPtot      =  -1279748.7676
 BOND   =     10439.5575  ANGLE   =     27843.8278  DIHED      =     32985.4753
 1-4 NB =     12357.5606  1-4 EEL =    135107.1783  VDWAALS    =    151541.1106
 EELEC  =  -1650023.4775  EHBOND  =         0.0000  RESTRAINT  =         0.0000
 EKCMT  =    111733.5279  VIRIAL  =    117792.6920  VOLUME     =   4332732.2390
                                                    Density    =         1.0092
 ------------------------------------------------------------------------------


 NSTEP = 17650000   TIME(PS) =   35875.000  TEMP(K) =   300.13  PRESS =    36.7
 Etot   =  -1016100.5646  EKtot   =    263332.6250  EPtot      =  -1279433.1896
 BOND   =     10446.9044  ANGLE   =     27788.2735  DIHED      =     32804.8945
 1-4 NB =     12395.2177  1-4 EEL =    134809.4216  VDWAALS    =    152905.8378
 EELEC  =  -1650583.7392  EHBOND  =         0.0000  RESTRAINT  =         0.0000
 EKCMT  =    112003.7249  VIRIAL  =    108569.8634  VOLUME     =   4332690.1557
                                                    Density    =         1.0093
 ------------------------------------------------------------------------------


 NSTEP = 17700000   TIME(PS) =   35975.000  TEMP(K) =   300.96  PRESS =   -42.4
 Etot   =  -1016032.8704  EKtot   =    264060.5312  EPtot      =  -1280093.4016
 BOND   =     10490.5574  ANGLE   =     27759.1417  DIHED      =     32979.4006
 1-4 NB =     12326.9054  1-4 EEL =    134907.3915  VDWAALS    =    152243.4108
 EELEC  =  -1650800.2091  EHBOND  =         0.0000  RESTRAINT  =         0.0000
 EKCMT  =    112104.0870  VIRIAL  =    116071.6309  VOLUME     =   4335285.1174
                                                    Density    =         1.0086
 ------------------------------------------------------------------------------


 NSTEP = 17750000   TIME(PS) =   36075.000  TEMP(K) =   300.36  PRESS =    -2.8
 Etot   =  -1016263.6028  EKtot   =    263534.0625  EPtot      =  -1279797.6653
 BOND   =     10520.2199  ANGLE   =     27681.5593  DIHED      =     33106.7394
 1-4 NB =     12376.4207  1-4 EEL =    135282.6744  VDWAALS    =    153266.5875
 EELEC  =  -1652031.8664  EHBOND  =         0.0000  RESTRAINT  =         0.0000
 EKCMT  =    112137.4474  VIRIAL  =    112399.7032  VOLUME     =   4336100.4549
                                                    Density    =         1.0085
 ------------------------------------------------------------------------------


 NSTEP = 17800000   TIME(PS) =   36175.000  TEMP(K) =   300.07  PRESS =   -24.8
 Etot   =  -1016945.0283  EKtot   =    263280.1250  EPtot      =  -1280225.1533
 BOND   =     10338.6709  ANGLE   =     27769.0569  DIHED      =     33166.9782
 1-4 NB =     12426.6180  1-4 EEL =    135186.9092  VDWAALS    =    152902.4627
 EELEC  =  -1652015.8491  EHBOND  =         0.0000  RESTRAINT  =         0.0000
 EKCMT  =    111974.3412  VIRIAL  =    114293.2762  VOLUME     =   4334173.2426
                                                    Density    =         1.0089
 ------------------------------------------------------------------------------


 NSTEP = 17850000   TIME(PS) =   36275.000  TEMP(K) =   299.58  PRESS =    14.6
 Etot   =  -1017260.3620  EKtot   =    262851.1875  EPtot      =  -1280111.5495
 BOND   =     10511.8922  ANGLE   =     27892.1074  DIHED      =     32897.5348
 1-4 NB =     12456.1733  1-4 EEL =    135023.4522  VDWAALS    =    152259.1197
 EELEC  =  -1651151.8292  EHBOND  =         0.0000  RESTRAINT  =         0.0000
 EKCMT  =    111914.1096  VIRIAL  =    110547.8708  VOLUME     =   4334320.9638
                                                    Density    =         1.0089
 ------------------------------------------------------------------------------


 NSTEP = 17900000   TIME(PS) =   36375.000  TEMP(K) =   300.25  PRESS =   -41.3
 Etot   =  -1016185.9007  EKtot   =    263443.6875  EPtot      =  -1279629.5882
 BOND   =     10395.6771  ANGLE   =     27983.1209  DIHED      =     33093.0672
 1-4 NB =     12393.3522  1-4 EEL =    135102.3974  VDWAALS    =    152025.2641
 EELEC  =  -1650622.4671  EHBOND  =         0.0000  RESTRAINT  =         0.0000
 EKCMT  =    112552.3657  VIRIAL  =    116424.3498  VOLUME     =   4336943.1063
                                                    Density    =         1.0083
 ------------------------------------------------------------------------------


 NSTEP = 17950000   TIME(PS) =   36475.000  TEMP(K) =   299.37  PRESS =    -2.5
 Etot   =  -1017665.3821  EKtot   =    262664.6875  EPtot      =  -1280330.0696
 BOND   =     10504.9557  ANGLE   =     27909.5523  DIHED      =     32899.1583
 1-4 NB =     12365.4930  1-4 EEL =    135032.1369  VDWAALS    =    152298.6832
 EELEC  =  -1651340.0489  EHBOND  =         0.0000  RESTRAINT  =         0.0000
 EKCMT  =    111977.1389  VIRIAL  =    112209.8290  VOLUME     =   4334355.6566
                                                    Density    =         1.0089
 ------------------------------------------------------------------------------


 NSTEP = 18000000   TIME(PS) =   36575.000  TEMP(K) =   300.78  PRESS =   -14.1
 Etot   =  -1016347.8651  EKtot   =    263904.0938  EPtot      =  -1280251.9588
 BOND   =     10372.6184  ANGLE   =     28001.9529  DIHED      =     33131.0511
 1-4 NB =     12412.0843  1-4 EEL =    135145.4411  VDWAALS    =    152761.7189
 EELEC  =  -1652076.8254  EHBOND  =         0.0000  RESTRAINT  =         0.0000
 EKCMT  =    112048.9872  VIRIAL  =    113367.4084  VOLUME     =   4335355.5292
                                                    Density    =         1.0086
 ------------------------------------------------------------------------------


 NSTEP = 18050000   TIME(PS) =   36675.000  TEMP(K) =   300.03  PRESS =     8.1
 Etot   =  -1016947.1109  EKtot   =    263249.9688  EPtot      =  -1280197.0797
 BOND   =     10398.5534  ANGLE   =     28042.7794  DIHED      =     32976.0388
 1-4 NB =     12347.1122  1-4 EEL =    135071.1718  VDWAALS    =    151987.0459
 EELEC  =  -1651019.7811  EHBOND  =         0.0000  RESTRAINT  =         0.0000
 EKCMT  =    112222.3054  VIRIAL  =    111460.4161  VOLUME     =   4334534.9869
                                                    Density    =         1.0088
 ------------------------------------------------------------------------------


 NSTEP = 18100000   TIME(PS) =   36775.000  TEMP(K) =   299.97  PRESS =    10.5
 Etot   =  -1017471.2354  EKtot   =    263195.5312  EPtot      =  -1280666.7667
 BOND   =     10480.5918  ANGLE   =     27944.4077  DIHED      =     33042.1428
 1-4 NB =     12333.3217  1-4 EEL =    135083.9269  VDWAALS    =    152611.1256
 EELEC  =  -1652162.2831  EHBOND  =         0.0000  RESTRAINT  =         0.0000
 EKCMT  =    112186.4638  VIRIAL  =    111206.1342  VOLUME     =   4336288.5141
                                                    Density    =         1.0084
 ------------------------------------------------------------------------------


 NSTEP = 18150000   TIME(PS) =   36875.000  TEMP(K) =   300.13  PRESS =    44.2
 Etot   =  -1017151.9933  EKtot   =    263333.1250  EPtot      =  -1280485.1183
 BOND   =     10443.2147  ANGLE   =     27987.9618  DIHED      =     32846.8329
 1-4 NB =     12285.7853  1-4 EEL =    135053.9954  VDWAALS    =    152998.2982
 EELEC  =  -1652101.2066  EHBOND  =         0.0000  RESTRAINT  =         0.0000
 EKCMT  =    112211.4633  VIRIAL  =    108073.7061  VOLUME     =   4334337.9079
                                                    Density    =         1.0089
 ------------------------------------------------------------------------------


 NSTEP = 18200000   TIME(PS) =   36975.000  TEMP(K) =   299.78  PRESS =   -67.1
 Etot   =  -1017202.7004  EKtot   =    263023.4062  EPtot      =  -1280226.1067
 BOND   =     10468.2115  ANGLE   =     27933.8913  DIHED      =     32956.6059
 1-4 NB =     12363.9395  1-4 EEL =    134951.3289  VDWAALS    =    153015.2744
 EELEC  =  -1651915.3583  EHBOND  =         0.0000  RESTRAINT  =         0.0000
 EKCMT  =    111813.9536  VIRIAL  =    118089.0410  VOLUME     =   4334495.4283
                                                    Density    =         1.0088
 ------------------------------------------------------------------------------


 NSTEP = 18250000   TIME(PS) =   37075.000  TEMP(K) =   300.01  PRESS =    70.7
 Etot   =  -1017008.2127  EKtot   =    263224.9375  EPtot      =  -1280233.1502
 BOND   =     10477.3272  ANGLE   =     27903.7061  DIHED      =     32760.0781
 1-4 NB =     12402.7017  1-4 EEL =    135186.0515  VDWAALS    =    153423.9177
 EELEC  =  -1652386.9325  EHBOND  =         0.0000  RESTRAINT  =         0.0000
 EKCMT  =    112199.3522  VIRIAL  =    105582.7921  VOLUME     =   4333870.0308
                                                    Density    =         1.0090
 ------------------------------------------------------------------------------


 NSTEP = 18300000   TIME(PS) =   37175.000  TEMP(K) =   300.66  PRESS =    37.5
 Etot   =  -1016761.8608  EKtot   =    263800.3125  EPtot      =  -1280562.1733
 BOND   =     10606.8330  ANGLE   =     27869.2012  DIHED      =     32948.0394
 1-4 NB =     12366.0160  1-4 EEL =    135095.8558  VDWAALS    =    153434.3414
 EELEC  =  -1652882.4600  EHBOND  =         0.0000  RESTRAINT  =         0.0000
 EKCMT  =    111899.9060  VIRIAL  =    108395.2255  VOLUME     =   4333806.8730
                                                    Density    =         1.0090
 ------------------------------------------------------------------------------


 NSTEP = 18350000   TIME(PS) =   37275.000  TEMP(K) =   299.91  PRESS =   -65.3
 Etot   =  -1017110.3220  EKtot   =    263143.0312  EPtot      =  -1280253.3532
 BOND   =     10476.5077  ANGLE   =     27981.6358  DIHED      =     32989.4141
 1-4 NB =     12271.9448  1-4 EEL =    135165.4364  VDWAALS    =    152946.8591
 EELEC  =  -1652085.1511  EHBOND  =         0.0000  RESTRAINT  =         0.0000
 EKCMT  =    112315.0827  VIRIAL  =    118432.4695  VOLUME     =   4338544.7853
                                                    Density    =         1.0079
 ------------------------------------------------------------------------------


 NSTEP = 18400000   TIME(PS) =   37375.000  TEMP(K) =   300.10  PRESS =    59.0
 Etot   =  -1017527.1556  EKtot   =    263306.0312  EPtot      =  -1280833.1868
 BOND   =     10483.7653  ANGLE   =     27660.0937  DIHED      =     32976.0581
 1-4 NB =     12460.0508  1-4 EEL =    135324.2183  VDWAALS    =    153100.3704
 EELEC  =  -1652837.7434  EHBOND  =         0.0000  RESTRAINT  =         0.0000
 EKCMT  =    112440.4131  VIRIAL  =    106915.9565  VOLUME     =   4336222.4230
                                                    Density    =         1.0084
 ------------------------------------------------------------------------------


 NSTEP = 18450000   TIME(PS) =   37475.000  TEMP(K) =   299.66  PRESS =   -40.5
 Etot   =  -1017145.6110  EKtot   =    262923.9688  EPtot      =  -1280069.5797
 BOND   =     10433.5033  ANGLE   =     27821.9901  DIHED      =     32878.7389
 1-4 NB =     12426.4268  1-4 EEL =    135306.6491  VDWAALS    =    152391.3776
 EELEC  =  -1651328.2656  EHBOND  =         0.0000  RESTRAINT  =         0.0000
 EKCMT  =    112179.5300  VIRIAL  =    115965.6745  VOLUME     =   4332903.3737
                                                    Density    =         1.0092
 ------------------------------------------------------------------------------


 NSTEP = 18500000   TIME(PS) =   37575.000  TEMP(K) =   300.24  PRESS =    26.0
 Etot   =  -1016622.1263  EKtot   =    263430.0000  EPtot      =  -1280052.1263
 BOND   =     10374.9919  ANGLE   =     27947.8330  DIHED      =     32868.5727
 1-4 NB =     12429.2029  1-4 EEL =    135337.4793  VDWAALS    =    152974.5734
 EELEC  =  -1651984.7795  EHBOND  =         0.0000  RESTRAINT  =         0.0000
 EKCMT  =    112166.6592  VIRIAL  =    109731.6278  VOLUME     =   4336263.4529
                                                    Density    =         1.0084
 ------------------------------------------------------------------------------


 NSTEP = 18550000   TIME(PS) =   37675.000  TEMP(K) =   300.01  PRESS =   -17.0
 Etot   =  -1016752.4523  EKtot   =    263233.0938  EPtot      =  -1279985.5461
 BOND   =     10668.0950  ANGLE   =     27940.7948  DIHED      =     32882.1897
 1-4 NB =     12352.3418  1-4 EEL =    135213.5859  VDWAALS    =    152838.5670
 EELEC  =  -1651881.1202  EHBOND  =         0.0000  RESTRAINT  =         0.0000
 EKCMT  =    111931.6121  VIRIAL  =    113525.6726  VOLUME     =   4333563.1273
                                                    Density    =         1.0090
 ------------------------------------------------------------------------------


 NSTEP = 18600000   TIME(PS) =   37775.000  TEMP(K) =   300.22  PRESS =   -31.3
 Etot   =  -1016769.8908  EKtot   =    263412.9688  EPtot      =  -1280182.8596
 BOND   =     10400.5973  ANGLE   =     27815.2299  DIHED      =     33022.6666
 1-4 NB =     12420.0338  1-4 EEL =    135147.2018  VDWAALS    =    152666.7815
 EELEC  =  -1651655.3705  EHBOND  =         0.0000  RESTRAINT  =         0.0000
 EKCMT  =    112087.1090  VIRIAL  =    115021.9905  VOLUME     =   4336722.4925
                                                    Density    =         1.0083
 ------------------------------------------------------------------------------


 NSTEP = 18650000   TIME(PS) =   37875.000  TEMP(K) =   300.08  PRESS =   -45.2
 Etot   =  -1016193.8414  EKtot   =    263286.7188  EPtot      =  -1279480.5602
 BOND   =     10408.5143  ANGLE   =     27815.2934  DIHED      =     33137.5265
 1-4 NB =     12307.6073  1-4 EEL =    135050.0521  VDWAALS    =    152376.1879
 EELEC  =  -1650575.7418  EHBOND  =         0.0000  RESTRAINT  =         0.0000
 EKCMT  =    112051.3064  VIRIAL  =    116280.8500  VOLUME     =   4335558.9122
                                                    Density    =         1.0086
 ------------------------------------------------------------------------------


 NSTEP = 18700000   TIME(PS) =   37975.000  TEMP(K) =   300.32  PRESS =   -12.1
 Etot   =  -1017095.4086  EKtot   =    263499.4375  EPtot      =  -1280594.8461
 BOND   =     10554.5636  ANGLE   =     27831.3755  DIHED      =     33010.7695
 1-4 NB =     12405.0588  1-4 EEL =    135286.7527  VDWAALS    =    152070.4475
 EELEC  =  -1651753.8136  EHBOND  =         0.0000  RESTRAINT  =         0.0000
 EKCMT  =    112173.9453  VIRIAL  =    113311.1492  VOLUME     =   4335263.4398
                                                    Density    =         1.0087
 ------------------------------------------------------------------------------


 NSTEP = 18750000   TIME(PS) =   38075.000  TEMP(K) =   300.09  PRESS =    41.4
 Etot   =  -1017721.5817  EKtot   =    263296.6250  EPtot      =  -1281018.2067
 BOND   =     10461.9045  ANGLE   =     28002.0843  DIHED      =     32886.5496
 1-4 NB =     12422.0113  1-4 EEL =    135014.7248  VDWAALS    =    153523.2107
 EELEC  =  -1653328.6919  EHBOND  =         0.0000  RESTRAINT  =         0.0000
 EKCMT  =    112162.5742  VIRIAL  =    108283.6044  VOLUME     =   4336309.7888
                                                    Density    =         1.0084
 ------------------------------------------------------------------------------


 NSTEP = 18800000   TIME(PS) =   38175.000  TEMP(K) =   299.55  PRESS =    51.8
 Etot   =  -1016853.4834  EKtot   =    262827.3125  EPtot      =  -1279680.7959
 BOND   =     10475.6600  ANGLE   =     27917.8080  DIHED      =     32893.7851
 1-4 NB =     12356.2827  1-4 EEL =    135159.5837  VDWAALS    =    152345.5662
 EELEC  =  -1650829.4815  EHBOND  =         0.0000  RESTRAINT  =         0.0000
 EKCMT  =    111946.9215  VIRIAL  =    107105.9213  VOLUME     =   4332551.6801
                                                    Density    =         1.0093
 ------------------------------------------------------------------------------


 NSTEP = 18850000   TIME(PS) =   38275.000  TEMP(K) =   300.06  PRESS =    10.0
 Etot   =  -1016420.7356  EKtot   =    263276.8438  EPtot      =  -1279697.5794
 BOND   =     10502.9707  ANGLE   =     27881.5093  DIHED      =     32993.2185
 1-4 NB =     12402.4052  1-4 EEL =    135178.9934  VDWAALS    =    152568.0074
 EELEC  =  -1651224.6839  EHBOND  =         0.0000  RESTRAINT  =         0.0000
 EKCMT  =    111614.3924  VIRIAL  =    110676.8535  VOLUME     =   4336103.1860
                                                    Density    =         1.0085
 ------------------------------------------------------------------------------


 NSTEP = 18900000   TIME(PS) =   38375.000  TEMP(K) =   300.52  PRESS =   -40.6
 Etot   =  -1016356.6679  EKtot   =    263677.4688  EPtot      =  -1280034.1366
 BOND   =     10476.6104  ANGLE   =     27914.0060  DIHED      =     32943.0841
 1-4 NB =     12303.0844  1-4 EEL =    135021.5437  VDWAALS    =    152432.4224
 EELEC  =  -1651124.8877  EHBOND  =         0.0000  RESTRAINT  =         0.0000
 EKCMT  =    112027.4989  VIRIAL  =    115820.3578  VOLUME     =   4332033.9458
                                                    Density    =         1.0094
 ------------------------------------------------------------------------------


 NSTEP = 18950000   TIME(PS) =   38475.000  TEMP(K) =   300.27  PRESS =    86.6
 Etot   =  -1016362.6359  EKtot   =    263453.2500  EPtot      =  -1279815.8859
 BOND   =     10334.1871  ANGLE   =     27849.4697  DIHED      =     33161.8493
 1-4 NB =     12465.0963  1-4 EEL =    134971.8259  VDWAALS    =    153294.9989
 EELEC  =  -1651893.3131  EHBOND  =         0.0000  RESTRAINT  =         0.0000
 EKCMT  =    112012.8643  VIRIAL  =    103909.8545  VOLUME     =   4334532.9307
                                                    Density    =         1.0088
 ------------------------------------------------------------------------------


 NSTEP = 19000000   TIME(PS) =   38575.000  TEMP(K) =   300.17  PRESS =   -12.9
 Etot   =  -1015980.5056  EKtot   =    263372.8438  EPtot      =  -1279353.3494
 BOND   =     10475.2428  ANGLE   =     28005.3697  DIHED      =     33098.3657
 1-4 NB =     12334.3071  1-4 EEL =    135066.1542  VDWAALS    =    152739.6856
 EELEC  =  -1651072.4744  EHBOND  =         0.0000  RESTRAINT  =         0.0000
 EKCMT  =    111987.9078  VIRIAL  =    113192.7941  VOLUME     =   4339359.4831
                                                    Density    =         1.0077
 ------------------------------------------------------------------------------


 NSTEP = 19050000   TIME(PS) =   38675.000  TEMP(K) =   299.81  PRESS =    30.8
 Etot   =  -1015806.6628  EKtot   =    263052.0625  EPtot      =  -1278858.7253
 BOND   =     10448.2250  ANGLE   =     27979.2791  DIHED      =     33015.5758
 1-4 NB =     12389.7979  1-4 EEL =    135200.2016  VDWAALS    =    151744.0366
 EELEC  =  -1649635.8412  EHBOND  =         0.0000  RESTRAINT  =         0.0000
 EKCMT  =    111883.1020  VIRIAL  =    108998.0870  VOLUME     =   4337104.5214
                                                    Density    =         1.0082
 ------------------------------------------------------------------------------


 NSTEP = 19100000   TIME(PS) =   38775.000  TEMP(K) =   300.26  PRESS =  -111.2
 Etot   =  -1016934.1253  EKtot   =    263448.1562  EPtot      =  -1280382.2815
 BOND   =     10468.0419  ANGLE   =     27708.1972  DIHED      =     32919.3740
 1-4 NB =     12375.6268  1-4 EEL =    135151.0893  VDWAALS    =    152259.2431
 EELEC  =  -1651263.8541  EHBOND  =         0.0000  RESTRAINT  =         0.0000
 EKCMT  =    112153.7928  VIRIAL  =    122554.5830  VOLUME     =   4333762.4495
                                                    Density    =         1.0090
 ------------------------------------------------------------------------------


 NSTEP = 19150000   TIME(PS) =   38875.000  TEMP(K) =   299.97  PRESS =    29.1
 Etot   =  -1016052.8862  EKtot   =    263195.7500  EPtot      =  -1279248.6362
 BOND   =     10440.8817  ANGLE   =     27915.2650  DIHED      =     32944.4515
 1-4 NB =     12342.0654  1-4 EEL =    135304.6859  VDWAALS    =    152372.1087
 EELEC  =  -1650568.0944  EHBOND  =         0.0000  RESTRAINT  =         0.0000
 EKCMT  =    111816.9071  VIRIAL  =    109089.8408  VOLUME     =   4336787.8977
                                                    Density    =         1.0083
 ------------------------------------------------------------------------------


 NSTEP = 19200000   TIME(PS) =   38975.000  TEMP(K) =   300.32  PRESS =    14.1
 Etot   =  -1016264.0503  EKtot   =    263504.2188  EPtot      =  -1279768.2690
 BOND   =     10365.8266  ANGLE   =     27811.2780  DIHED      =     32965.9121
 1-4 NB =     12338.4112  1-4 EEL =    135411.8566  VDWAALS    =    153209.1868
 EELEC  =  -1651870.7404  EHBOND  =         0.0000  RESTRAINT  =         0.0000
 EKCMT  =    112068.9504  VIRIAL  =    110745.8110  VOLUME     =   4332551.2262
                                                    Density    =         1.0093
 ------------------------------------------------------------------------------


 NSTEP = 19250000   TIME(PS) =   39075.000  TEMP(K) =   300.65  PRESS =    71.8
 Etot   =  -1016004.3181  EKtot   =    263787.2812  EPtot      =  -1279791.5994
 BOND   =     10437.4364  ANGLE   =     28007.3936  DIHED      =     33006.9260
 1-4 NB =     12378.5412  1-4 EEL =    135303.3130  VDWAALS    =    152413.1407
 EELEC  =  -1651338.3502  EHBOND  =         0.0000  RESTRAINT  =         0.0000
 EKCMT  =    112341.0038  VIRIAL  =    105618.0730  VOLUME     =   4338799.3034
                                                    Density    =         1.0078
 ------------------------------------------------------------------------------


 NSTEP = 19300000   TIME(PS) =   39175.000  TEMP(K) =   300.51  PRESS =   -67.4
 Etot   =  -1015919.7213  EKtot   =    263671.8750  EPtot      =  -1279591.5963
 BOND   =     10327.3594  ANGLE   =     28005.7165  DIHED      =     33052.3985
 1-4 NB =     12436.7476  1-4 EEL =    135312.8166  VDWAALS    =    153042.3415
 EELEC  =  -1651768.9766  EHBOND  =         0.0000  RESTRAINT  =         0.0000
 EKCMT  =    112223.9274  VIRIAL  =    118535.7596  VOLUME     =   4335901.0040
                                                    Density    =         1.0085
 ------------------------------------------------------------------------------


 NSTEP = 19350000   TIME(PS) =   39275.000  TEMP(K) =   300.58  PRESS =   -47.5
 Etot   =  -1016711.3233  EKtot   =    263732.4688  EPtot      =  -1280443.7921
 BOND   =     10360.0535  ANGLE   =     28032.9719  DIHED      =     33060.9516
 1-4 NB =     12382.2771  1-4 EEL =    135389.3914  VDWAALS    =    151891.3165
 EELEC  =  -1651560.7542  EHBOND  =         0.0000  RESTRAINT  =         0.0000
 EKCMT  =    112402.4284  VIRIAL  =    116851.9660  VOLUME     =   4336727.6647
                                                    Density    =         1.0083
 ------------------------------------------------------------------------------


 NSTEP = 19400000   TIME(PS) =   39375.000  TEMP(K) =   300.49  PRESS =    -9.0
 Etot   =  -1015852.0474  EKtot   =    263653.5938  EPtot      =  -1279505.6412
 BOND   =     10553.7938  ANGLE   =     28118.9479  DIHED      =     32965.6026
 1-4 NB =     12274.2282  1-4 EEL =    135251.9481  VDWAALS    =    153230.6471
 EELEC  =  -1651900.8090  EHBOND  =         0.0000  RESTRAINT  =         0.0000
 EKCMT  =    112219.3126  VIRIAL  =    113061.3153  VOLUME     =   4334920.8322
                                                    Density    =         1.0087
 ------------------------------------------------------------------------------


 NSTEP = 19450000   TIME(PS) =   39475.000  TEMP(K) =   299.82  PRESS =    89.0
 Etot   =  -1016798.3492  EKtot   =    263061.5312  EPtot      =  -1279859.8804
 BOND   =     10478.6633  ANGLE   =     28362.7372  DIHED      =     33099.7502
 1-4 NB =     12317.3708  1-4 EEL =    134960.4181  VDWAALS    =    152224.9410
 EELEC  =  -1651303.7611  EHBOND  =         0.0000  RESTRAINT  =         0.0000
 EKCMT  =    112448.0097  VIRIAL  =    104119.8517  VOLUME     =   4334705.8160
                                                    Density    =         1.0088
 ------------------------------------------------------------------------------


 NSTEP = 19500000   TIME(PS) =   39575.000  TEMP(K) =   300.09  PRESS =    27.4
 Etot   =  -1016562.3232  EKtot   =    263294.8750  EPtot      =  -1279857.1982
 BOND   =     10443.6920  ANGLE   =     27850.0695  DIHED      =     32907.0288
 1-4 NB =     12348.7028  1-4 EEL =    135372.2377  VDWAALS    =    152636.6926
 EELEC  =  -1651415.6216  EHBOND  =         0.0000  RESTRAINT  =         0.0000
 EKCMT  =    111826.7731  VIRIAL  =    109259.1281  VOLUME     =   4333888.0809
                                                    Density    =         1.0090
 ------------------------------------------------------------------------------


 NSTEP = 19550000   TIME(PS) =   39675.000  TEMP(K) =   299.95  PRESS =   -41.6
 Etot   =  -1017108.7361  EKtot   =    263173.3750  EPtot      =  -1280282.1111
 BOND   =     10528.6375  ANGLE   =     27926.1525  DIHED      =     32836.0399
 1-4 NB =     12295.1435  1-4 EEL =    135125.4023  VDWAALS    =    152678.1449
 EELEC  =  -1651671.6317  EHBOND  =         0.0000  RESTRAINT  =         0.0000
 EKCMT  =    111994.3943  VIRIAL  =    115885.8500  VOLUME     =   4334929.3845
                                                    Density    =         1.0087
 ------------------------------------------------------------------------------


 NSTEP = 19600000   TIME(PS) =   39775.000  TEMP(K) =   299.72  PRESS =    44.8
 Etot   =  -1017451.1023  EKtot   =    262970.2500  EPtot      =  -1280421.3523
 BOND   =     10444.0975  ANGLE   =     27682.9323  DIHED      =     33039.6635
 1-4 NB =     12429.2202  1-4 EEL =    135316.4762  VDWAALS    =    152369.1667
 EELEC  =  -1651702.9087  EHBOND  =         0.0000  RESTRAINT  =         0.0000
 EKCMT  =    112139.4085  VIRIAL  =    107945.4627  VOLUME     =   4336916.0453
                                                    Density    =         1.0083
 ------------------------------------------------------------------------------


 NSTEP = 19650000   TIME(PS) =   39875.000  TEMP(K) =   300.46  PRESS =   -52.3
 Etot   =  -1016422.0240  EKtot   =    263626.5312  EPtot      =  -1280048.5553
 BOND   =     10470.9726  ANGLE   =     27851.4190  DIHED      =     32996.2198
 1-4 NB =     12340.8054  1-4 EEL =    135052.8667  VDWAALS    =    152362.3577
 EELEC  =  -1651123.1965  EHBOND  =         0.0000  RESTRAINT  =         0.0000
 EKCMT  =    112258.3218  VIRIAL  =    117148.3152  VOLUME     =   4333642.5369
                                                    Density    =         1.0090
 ------------------------------------------------------------------------------


 NSTEP = 19700000   TIME(PS) =   39975.000  TEMP(K) =   299.76  PRESS =   -41.8
 Etot   =  -1016649.9544  EKtot   =    263007.5938  EPtot      =  -1279657.5482
 BOND   =     10499.9056  ANGLE   =     27813.5703  DIHED      =     33057.4488
 1-4 NB =     12290.4066  1-4 EEL =    135210.3556  VDWAALS    =    152844.0780
 EELEC  =  -1651373.3131  EHBOND  =         0.0000  RESTRAINT  =         0.0000
 EKCMT  =    111991.1250  VIRIAL  =    115901.2615  VOLUME     =   4336497.6844
                                                    Density    =         1.0084
 ------------------------------------------------------------------------------


 NSTEP = 19750000   TIME(PS) =   40075.000  TEMP(K) =   299.94  PRESS =    84.2
 Etot   =  -1016640.9645  EKtot   =    263167.7500  EPtot      =  -1279808.7145
 BOND   =     10538.8077  ANGLE   =     27957.0582  DIHED      =     32796.4254
 1-4 NB =     12422.1918  1-4 EEL =    135270.2550  VDWAALS    =    152619.0814
 EELEC  =  -1651412.5340  EHBOND  =         0.0000  RESTRAINT  =         0.0000
 EKCMT  =    112089.4957  VIRIAL  =    104210.1305  VOLUME     =   4335227.5231
                                                    Density    =         1.0087
 ------------------------------------------------------------------------------


 NSTEP = 19800000   TIME(PS) =   40175.000  TEMP(K) =   299.58  PRESS =    12.6
 Etot   =  -1016755.1055  EKtot   =    262851.7188  EPtot      =  -1279606.8243
 BOND   =     10376.8879  ANGLE   =     28100.4458  DIHED      =     32975.1563
 1-4 NB =     12386.0036  1-4 EEL =    135171.2997  VDWAALS    =    152499.0384
 EELEC  =  -1651115.6560  EHBOND  =         0.0000  RESTRAINT  =         0.0000
 EKCMT  =    111642.7994  VIRIAL  =    110462.1147  VOLUME     =   4335524.2097
                                                    Density    =         1.0086
 ------------------------------------------------------------------------------


 NSTEP = 19850000   TIME(PS) =   40275.000  TEMP(K) =   299.73  PRESS =    52.7
 Etot   =  -1017760.0782  EKtot   =    262984.0625  EPtot      =  -1280744.1407
 BOND   =     10466.3633  ANGLE   =     27887.8525  DIHED      =     33016.5538
 1-4 NB =     12417.6737  1-4 EEL =    135256.1108  VDWAALS    =    153359.4109
 EELEC  =  -1653148.1058  EHBOND  =         0.0000  RESTRAINT  =         0.0000
 EKCMT  =    111941.0274  VIRIAL  =    107010.0987  VOLUME     =   4334194.4430
                                                    Density    =         1.0089
 ------------------------------------------------------------------------------


 NSTEP = 19900000   TIME(PS) =   40375.000  TEMP(K) =   299.75  PRESS =    20.1
 Etot   =  -1017705.7879  EKtot   =    262998.3438  EPtot      =  -1280704.1316
 BOND   =     10555.5692  ANGLE   =     27655.0050  DIHED      =     33158.6911
 1-4 NB =     12374.0550  1-4 EEL =    135230.8091  VDWAALS    =    152784.4747
 EELEC  =  -1652462.7356  EHBOND  =         0.0000  RESTRAINT  =         0.0000
 EKCMT  =    112055.5208  VIRIAL  =    110176.6099  VOLUME     =   4333832.1818
                                                    Density    =         1.0090
 ------------------------------------------------------------------------------


 NSTEP = 19950000   TIME(PS) =   40475.000  TEMP(K) =   299.66  PRESS =    55.6
 Etot   =  -1017405.2672  EKtot   =    262924.1250  EPtot      =  -1280329.3922
 BOND   =     10416.5332  ANGLE   =     28030.4143  DIHED      =     32838.5539
 1-4 NB =     12407.4281  1-4 EEL =    135271.2263  VDWAALS    =    153236.4453
 EELEC  =  -1652529.9933  EHBOND  =         0.0000  RESTRAINT  =         0.0000
 EKCMT  =    111548.8179  VIRIAL  =    106343.0936  VOLUME     =   4334942.2434
                                                    Density    =         1.0087
 ------------------------------------------------------------------------------


 NSTEP = 20000000   TIME(PS) =   40575.000  TEMP(K) =   300.39  PRESS =   -59.3
 Etot   =  -1017506.0544  EKtot   =    263559.7500  EPtot      =  -1281065.8044
 BOND   =     10356.2934  ANGLE   =     27920.4509  DIHED      =     32989.8748
 1-4 NB =     12415.7819  1-4 EEL =    135287.5032  VDWAALS    =    153269.3169
 EELEC  =  -1653305.0255  EHBOND  =         0.0000  RESTRAINT  =         0.0000
 EKCMT  =    112320.9892  VIRIAL  =    117879.3964  VOLUME     =   4338738.8830
                                                    Density    =         1.0078
 ------------------------------------------------------------------------------


 NSTEP = 20050000   TIME(PS) =   40675.000  TEMP(K) =   299.91  PRESS =   -21.6
 Etot   =  -1018166.7000  EKtot   =    263140.1562  EPtot      =  -1281306.8562
 BOND   =     10356.6484  ANGLE   =     27658.2120  DIHED      =     33045.7481
 1-4 NB =     12437.7930  1-4 EEL =    135308.0045  VDWAALS    =    152212.7029
 EELEC  =  -1652325.9651  EHBOND  =         0.0000  RESTRAINT  =         0.0000
 EKCMT  =    111808.3034  VIRIAL  =    113827.4230  VOLUME     =   4333742.9717
                                                    Density    =         1.0090
 ------------------------------------------------------------------------------


 NSTEP = 20100000   TIME(PS) =   40775.000  TEMP(K) =   300.36  PRESS =   -25.7
 Etot   =  -1016666.3773  EKtot   =    263540.4688  EPtot      =  -1280206.8460
 BOND   =     10446.0460  ANGLE   =     27866.1902  DIHED      =     32890.0741
 1-4 NB =     12440.7349  1-4 EEL =    135459.4683  VDWAALS    =    152451.5074
 EELEC  =  -1651760.8669  EHBOND  =         0.0000  RESTRAINT  =         0.0000
 EKCMT  =    112262.3672  VIRIAL  =    114671.8528  VOLUME     =   4334087.1418
                                                    Density    =         1.0089
 ------------------------------------------------------------------------------


 NSTEP = 20150000   TIME(PS) =   40875.000  TEMP(K) =   299.71  PRESS =   -48.2
 Etot   =  -1017441.0388  EKtot   =    262967.5000  EPtot      =  -1280408.5388
 BOND   =     10448.7659  ANGLE   =     27640.0116  DIHED      =     32933.6648
 1-4 NB =     12327.4739  1-4 EEL =    135142.6897  VDWAALS    =    152063.6010
 EELEC  =  -1650964.7457  EHBOND  =         0.0000  RESTRAINT  =         0.0000
 EKCMT  =    112225.7226  VIRIAL  =    116735.5913  VOLUME     =   4333601.1868
                                                    Density    =         1.0090
 ------------------------------------------------------------------------------


 NSTEP = 20200000   TIME(PS) =   40975.000  TEMP(K) =   300.05  PRESS =    27.8
 Etot   =  -1016919.8402  EKtot   =    263265.7188  EPtot      =  -1280185.5590
 BOND   =     10598.8180  ANGLE   =     28107.2209  DIHED      =     33056.8692
 1-4 NB =     12304.4477  1-4 EEL =    134999.2835  VDWAALS    =    152443.0824
 EELEC  =  -1651695.2807  EHBOND  =         0.0000  RESTRAINT  =         0.0000
 EKCMT  =    111995.4018  VIRIAL  =    109390.2226  VOLUME     =   4335795.6594
                                                    Density    =         1.0085
 ------------------------------------------------------------------------------


 NSTEP = 20250000   TIME(PS) =   41075.000  TEMP(K) =   299.96  PRESS =    35.0
 Etot   =  -1016843.4973  EKtot   =    263185.6875  EPtot      =  -1280029.1848
 BOND   =     10700.6322  ANGLE   =     27731.4980  DIHED      =     32988.5981
 1-4 NB =     12300.0753  1-4 EEL =    135293.9384  VDWAALS    =    152407.4897
 EELEC  =  -1651451.4166  EHBOND  =         0.0000  RESTRAINT  =         0.0000
 EKCMT  =    111871.6773  VIRIAL  =    108593.2883  VOLUME     =   4335104.4503
                                                    Density    =         1.0087
 ------------------------------------------------------------------------------


 NSTEP = 20300000   TIME(PS) =   41175.000  TEMP(K) =   299.39  PRESS =   -59.4
 Etot   =  -1018036.8730  EKtot   =    262689.1250  EPtot      =  -1280725.9980
 BOND   =     10478.3714  ANGLE   =     27926.4637  DIHED      =     33042.9244
 1-4 NB =     12342.5256  1-4 EEL =    135244.3976  VDWAALS    =    153071.5123
 EELEC  =  -1652832.1930  EHBOND  =         0.0000  RESTRAINT  =         0.0000
 EKCMT  =    111634.8767  VIRIAL  =    117190.3966  VOLUME     =   4334673.3072
                                                    Density    =         1.0088
 ------------------------------------------------------------------------------


 NSTEP = 20350000   TIME(PS) =   41275.000  TEMP(K) =   300.59  PRESS =    22.5
 Etot   =  -1015955.3735  EKtot   =    263734.2812  EPtot      =  -1279689.6547
 BOND   =     10394.0696  ANGLE   =     27771.4177  DIHED      =     32910.8884
 1-4 NB =     12366.2033  1-4 EEL =    135270.3576  VDWAALS    =    152820.0628
 EELEC  =  -1651222.6542  EHBOND  =         0.0000  RESTRAINT  =         0.0000
 EKCMT  =    112329.8279  VIRIAL  =    110225.4547  VOLUME     =   4334282.2240
                                                    Density    =         1.0089
 ------------------------------------------------------------------------------


 NSTEP = 20400000   TIME(PS) =   41375.000  TEMP(K) =   298.94  PRESS =     8.0
 Etot   =  -1018780.5366  EKtot   =    262293.0312  EPtot      =  -1281073.5679
 BOND   =     10441.9149  ANGLE   =     27809.5948  DIHED      =     32930.2907
 1-4 NB =     12373.4057  1-4 EEL =    135399.5981  VDWAALS    =    153384.5519
 EELEC  =  -1653412.9240  EHBOND  =         0.0000  RESTRAINT  =         0.0000
 EKCMT  =    111653.8189  VIRIAL  =    110902.0556  VOLUME     =   4334754.5440
                                                    Density    =         1.0088
 ------------------------------------------------------------------------------


 NSTEP = 20450000   TIME(PS) =   41475.000  TEMP(K) =   299.69  PRESS =    15.5
 Etot   =  -1017438.9806  EKtot   =    262946.8125  EPtot      =  -1280385.7931
 BOND   =     10370.3240  ANGLE   =     27894.9982  DIHED      =     33080.1848
 1-4 NB =     12382.2808  1-4 EEL =    135290.3879  VDWAALS    =    152546.6705
 EELEC  =  -1651950.6393  EHBOND  =         0.0000  RESTRAINT  =         0.0000
 EKCMT  =    111870.9034  VIRIAL  =    110416.7781  VOLUME     =   4334768.6776
                                                    Density    =         1.0088
 ------------------------------------------------------------------------------


 NSTEP = 20500000   TIME(PS) =   41575.000  TEMP(K) =   299.77  PRESS =    22.4
 Etot   =  -1017541.3245  EKtot   =    263015.3125  EPtot      =  -1280556.6370
 BOND   =     10547.8547  ANGLE   =     28029.6864  DIHED      =     33043.5431
 1-4 NB =     12368.9326  1-4 EEL =    135212.0149  VDWAALS    =    152634.8601
 EELEC  =  -1652393.5288  EHBOND  =         0.0000  RESTRAINT  =         0.0000
 EKCMT  =    112103.9945  VIRIAL  =    110006.6776  VOLUME     =   4333084.8216
                                                    Density    =         1.0092
 ------------------------------------------------------------------------------


 NSTEP = 20550000   TIME(PS) =   41675.000  TEMP(K) =   299.68  PRESS =    39.8
 Etot   =  -1016782.8515  EKtot   =    262939.8125  EPtot      =  -1279722.6640
 BOND   =     10522.3730  ANGLE   =     27760.7893  DIHED      =     33124.3432
 1-4 NB =     12308.4730  1-4 EEL =    135217.2911  VDWAALS    =    152519.4320
 EELEC  =  -1651175.3657  EHBOND  =         0.0000  RESTRAINT  =         0.0000
 EKCMT  =    112279.4686  VIRIAL  =    108555.0390  VOLUME     =   4332385.4869
                                                    Density    =         1.0093
 ------------------------------------------------------------------------------


 NSTEP = 20600000   TIME(PS) =   41775.000  TEMP(K) =   299.57  PRESS =   -30.1
 Etot   =  -1017870.1856  EKtot   =    262843.9375  EPtot      =  -1280714.1231
 BOND   =     10548.7005  ANGLE   =     27967.9465  DIHED      =     32916.6686
 1-4 NB =     12282.2376  1-4 EEL =    135251.1042  VDWAALS    =    153376.3058
 EELEC  =  -1653057.0863  EHBOND  =         0.0000  RESTRAINT  =         0.0000
 EKCMT  =    112076.2895  VIRIAL  =    114895.9129  VOLUME     =   4334920.5343
                                                    Density    =         1.0087
 ------------------------------------------------------------------------------


 NSTEP = 20650000   TIME(PS) =   41875.000  TEMP(K) =   299.96  PRESS =    -7.7
 Etot   =  -1017796.0666  EKtot   =    263187.6250  EPtot      =  -1280983.6916
 BOND   =     10304.9480  ANGLE   =     27750.8871  DIHED      =     32833.3784
 1-4 NB =     12397.0989  1-4 EEL =    135322.7700  VDWAALS    =    152641.8990
 EELEC  =  -1652234.6729  EHBOND  =         0.0000  RESTRAINT  =         0.0000
 EKCMT  =    112071.6745  VIRIAL  =    112792.3514  VOLUME     =   4334965.7817
                                                    Density    =         1.0087
 ------------------------------------------------------------------------------


 NSTEP = 20700000   TIME(PS) =   41975.000  TEMP(K) =   299.62  PRESS =    47.6
 Etot   =  -1016915.2310  EKtot   =    262885.3125  EPtot      =  -1279800.5435
 BOND   =     10635.2879  ANGLE   =     28085.9050  DIHED      =     33074.6542
 1-4 NB =     12384.4830  1-4 EEL =    135199.1124  VDWAALS    =    153026.8600
 EELEC  =  -1652206.8459  EHBOND  =         0.0000  RESTRAINT  =         0.0000
 EKCMT  =    112180.6579  VIRIAL  =    107722.0168  VOLUME     =   4335035.9634
                                                    Density    =         1.0087
 ------------------------------------------------------------------------------


 NSTEP = 20750000   TIME(PS) =   42075.000  TEMP(K) =   299.58  PRESS =    78.1
 Etot   =  -1017893.8258  EKtot   =    262850.7812  EPtot      =  -1280744.6070
 BOND   =     10265.0764  ANGLE   =     27712.5045  DIHED      =     33039.4247
 1-4 NB =     12367.7370  1-4 EEL =    135149.2489  VDWAALS    =    153821.8246
 EELEC  =  -1653100.4231  EHBOND  =         0.0000  RESTRAINT  =         0.0000
 EKCMT  =    111581.9384  VIRIAL  =    104283.0976  VOLUME     =   4330901.9633
                                                    Density    =         1.0097
 ------------------------------------------------------------------------------


 NSTEP = 20800000   TIME(PS) =   42175.000  TEMP(K) =   300.82  PRESS =     4.9
 Etot   =  -1016515.8462  EKtot   =    263936.1875  EPtot      =  -1280452.0337
 BOND   =     10475.1824  ANGLE   =     27711.9363  DIHED      =     33010.8150
 1-4 NB =     12320.3981  1-4 EEL =    135206.7407  VDWAALS    =    152961.3354
 EELEC  =  -1652138.4415  EHBOND  =         0.0000  RESTRAINT  =         0.0000
 EKCMT  =    112327.9530  VIRIAL  =    111868.9885  VOLUME     =   4333811.5621
                                                    Density    =         1.0090
 ------------------------------------------------------------------------------


 NSTEP = 20850000   TIME(PS) =   42275.000  TEMP(K) =   300.72  PRESS =    17.9
 Etot   =  -1017131.6629  EKtot   =    263850.5625  EPtot      =  -1280982.2254
 BOND   =     10415.9572  ANGLE   =     27842.0996  DIHED      =     33020.6715
 1-4 NB =     12344.0996  1-4 EEL =    135232.2768  VDWAALS    =    152652.0228
 EELEC  =  -1652489.3529  EHBOND  =         0.0000  RESTRAINT  =         0.0000
 EKCMT  =    112208.9976  VIRIAL  =    110538.2904  VOLUME     =   4332908.9432
                                                    Density    =         1.0092
 ------------------------------------------------------------------------------


 NSTEP = 20900000   TIME(PS) =   42375.000  TEMP(K) =   299.72  PRESS =     1.2
 Etot   =  -1016771.0741  EKtot   =    262973.4688  EPtot      =  -1279744.5428
 BOND   =     10589.8271  ANGLE   =     27856.3367  DIHED      =     33122.1392
 1-4 NB =     12390.8524  1-4 EEL =    135129.6744  VDWAALS    =    152821.1885
 EELEC  =  -1651654.5612  EHBOND  =         0.0000  RESTRAINT  =         0.0000
 EKCMT  =    111889.5476  VIRIAL  =    111781.5508  VOLUME     =   4333707.1499
                                                    Density    =         1.0090
 ------------------------------------------------------------------------------


 NSTEP = 20950000   TIME(PS) =   42475.000  TEMP(K) =   300.73  PRESS =    22.8
 Etot   =  -1015293.7712  EKtot   =    263863.0000  EPtot      =  -1279156.7712
 BOND   =     10526.5860  ANGLE   =     27865.9410  DIHED      =     33054.0737
 1-4 NB =     12369.2721  1-4 EEL =    135201.8189  VDWAALS    =    152970.0093
 EELEC  =  -1651144.4722  EHBOND  =         0.0000  RESTRAINT  =         0.0000
 EKCMT  =    112492.6666  VIRIAL  =    110357.7893  VOLUME     =   4337445.1451
                                                    Density    =         1.0081
 ------------------------------------------------------------------------------


 NSTEP = 21000000   TIME(PS) =   42575.000  TEMP(K) =   299.83  PRESS =    54.2
 Etot   =  -1017505.6041  EKtot   =    263069.4375  EPtot      =  -1280575.0416
 BOND   =     10565.3539  ANGLE   =     27745.8344  DIHED      =     33069.7500
 1-4 NB =     12332.3218  1-4 EEL =    135176.3364  VDWAALS    =    153190.4123
 EELEC  =  -1652655.0504  EHBOND  =         0.0000  RESTRAINT  =         0.0000
 EKCMT  =    112086.7426  VIRIAL  =    107011.2931  VOLUME     =   4333885.4656
                                                    Density    =         1.0090
 ------------------------------------------------------------------------------


 NSTEP = 21050000   TIME(PS) =   42675.000  TEMP(K) =   300.17  PRESS =   -59.4
 Etot   =  -1015668.8661  EKtot   =    263366.5938  EPtot      =  -1279035.4599
 BOND   =     10461.0057  ANGLE   =     27923.2037  DIHED      =     33083.3933
 1-4 NB =     12383.3038  1-4 EEL =    135378.5631  VDWAALS    =    152208.2710
 EELEC  =  -1650473.2005  EHBOND  =         0.0000  RESTRAINT  =         0.0000
 EKCMT  =    112330.9845  VIRIAL  =    117893.9595  VOLUME     =   4335278.1087
                                                    Density    =         1.0086
 ------------------------------------------------------------------------------


 NSTEP = 21100000   TIME(PS) =   42775.000  TEMP(K) =   300.06  PRESS =   -52.4
 Etot   =  -1017535.4258  EKtot   =    263271.2188  EPtot      =  -1280806.6446
 BOND   =     10430.8425  ANGLE   =     27775.2098  DIHED      =     32997.3817
 1-4 NB =     12430.3827  1-4 EEL =    135147.4782  VDWAALS    =    152767.0083
 EELEC  =  -1652354.9477  EHBOND  =         0.0000  RESTRAINT  =         0.0000
 EKCMT  =    111824.5246  VIRIAL  =    116731.0128  VOLUME     =   4335733.3440
                                                    Density    =         1.0085
 ------------------------------------------------------------------------------


 NSTEP = 21150000   TIME(PS) =   42875.000  TEMP(K) =   300.19  PRESS =   -25.0
 Etot   =  -1017030.6635  EKtot   =    263386.1250  EPtot      =  -1280416.7885
 BOND   =     10409.0210  ANGLE   =     27799.2308  DIHED      =     32857.1098
 1-4 NB =     12403.8336  1-4 EEL =    135292.4431  VDWAALS    =    153457.7154
 EELEC  =  -1652636.1422  EHBOND  =         0.0000  RESTRAINT  =         0.0000
 EKCMT  =    112089.2851  VIRIAL  =    114428.8032  VOLUME     =   4334414.6721
                                                    Density    =         1.0088
 ------------------------------------------------------------------------------


 NSTEP = 21200000   TIME(PS) =   42975.000  TEMP(K) =   299.79  PRESS =    -0.6
 Etot   =  -1015973.7397  EKtot   =    263034.2500  EPtot      =  -1279007.9897
 BOND   =     10448.9868  ANGLE   =     27900.9012  DIHED      =     33089.0840
 1-4 NB =     12446.7861  1-4 EEL =    134799.1009  VDWAALS    =    152508.1541
 EELEC  =  -1650201.0027  EHBOND  =         0.0000  RESTRAINT  =         0.0000
 EKCMT  =    112110.7714  VIRIAL  =    112171.0800  VOLUME     =   4334533.1775
                                                    Density    =         1.0088
 ------------------------------------------------------------------------------


 NSTEP = 21250000   TIME(PS) =   43075.000  TEMP(K) =   299.30  PRESS =    -8.7
 Etot   =  -1016012.0690  EKtot   =    262603.2812  EPtot      =  -1278615.3502
 BOND   =     10610.6143  ANGLE   =     27830.1442  DIHED      =     33085.1268
 1-4 NB =     12353.9058  1-4 EEL =    134973.8740  VDWAALS    =    152120.2895
 EELEC  =  -1649589.3048  EHBOND  =         0.0000  RESTRAINT  =         0.0000
 EKCMT  =    111712.2338  VIRIAL  =    112530.8957  VOLUME     =   4333921.8293
                                                    Density    =         1.0090
 ------------------------------------------------------------------------------


 NSTEP = 21300000   TIME(PS) =   43175.000  TEMP(K) =   300.05  PRESS =    15.3
 Etot   =  -1016180.6336  EKtot   =    263260.8750  EPtot      =  -1279441.5086
 BOND   =     10506.2714  ANGLE   =     28018.5232  DIHED      =     33129.4319
 1-4 NB =     12370.0131  1-4 EEL =    135132.1399  VDWAALS    =    152846.3916
 EELEC  =  -1651444.2797  EHBOND  =         0.0000  RESTRAINT  =         0.0000
 EKCMT  =    111918.2538  VIRIAL  =    110483.1964  VOLUME     =   4333292.2682
                                                    Density    =         1.0091
 ------------------------------------------------------------------------------


 NSTEP = 21350000   TIME(PS) =   43275.000  TEMP(K) =   300.03  PRESS =   -15.3
 Etot   =  -1016933.3293  EKtot   =    263245.2500  EPtot      =  -1280178.5793
 BOND   =     10320.9351  ANGLE   =     27576.3188  DIHED      =     33035.8810
 1-4 NB =     12441.0290  1-4 EEL =    135423.6857  VDWAALS    =    152437.4224
 EELEC  =  -1651413.8514  EHBOND  =         0.0000  RESTRAINT  =         0.0000
 EKCMT  =    112287.5069  VIRIAL  =    113721.5803  VOLUME     =   4335654.7924
                                                    Density    =         1.0086
 ------------------------------------------------------------------------------


 NSTEP = 21400000   TIME(PS) =   43375.000  TEMP(K) =   300.30  PRESS =    -8.0
 Etot   =  -1016389.5492  EKtot   =    263480.3438  EPtot      =  -1279869.8930
 BOND   =     10404.5262  ANGLE   =     27654.0919  DIHED      =     32855.2833
 1-4 NB =     12440.6043  1-4 EEL =    135291.5063  VDWAALS    =    152444.9704
 EELEC  =  -1650960.8754  EHBOND  =         0.0000  RESTRAINT  =         0.0000
 EKCMT  =    112340.2878  VIRIAL  =    113086.6326  VOLUME     =   4333377.5629
                                                    Density    =         1.0091
 ------------------------------------------------------------------------------


 NSTEP = 21450000   TIME(PS) =   43475.000  TEMP(K) =   299.88  PRESS =     7.9
 Etot   =  -1016491.7179  EKtot   =    263116.0938  EPtot      =  -1279607.8116
 BOND   =     10471.9993  ANGLE   =     27870.9537  DIHED      =     33008.1329
 1-4 NB =     12374.6758  1-4 EEL =    135510.2161  VDWAALS    =    153543.2504
 EELEC  =  -1652387.0398  EHBOND  =         0.0000  RESTRAINT  =         0.0000
 EKCMT  =    111898.1451  VIRIAL  =    111157.8353  VOLUME     =   4335428.6844
                                                    Density    =         1.0086
 ------------------------------------------------------------------------------


 NSTEP = 21500000   TIME(PS) =   43575.000  TEMP(K) =   299.93  PRESS =    10.9
 Etot   =  -1016649.8983  EKtot   =    263155.2812  EPtot      =  -1279805.1795
 BOND   =     10537.0188  ANGLE   =     27781.2894  DIHED      =     32971.8762
 1-4 NB =     12299.3003  1-4 EEL =    135386.1725  VDWAALS    =    152339.9149
 EELEC  =  -1651120.7516  EHBOND  =         0.0000  RESTRAINT  =         0.0000
 EKCMT  =    111972.0846  VIRIAL  =    110951.6025  VOLUME     =   4334877.8042
                                                    Density    =         1.0087
 ------------------------------------------------------------------------------


 NSTEP = 21550000   TIME(PS) =   43675.000  TEMP(K) =   299.32  PRESS =    34.4
 Etot   =  -1017376.0433  EKtot   =    262627.9688  EPtot      =  -1280004.0120
 BOND   =     10411.7659  ANGLE   =     27896.2512  DIHED      =     32876.5447
 1-4 NB =     12382.2646  1-4 EEL =    135427.1203  VDWAALS    =    153472.7981
 EELEC  =  -1652470.7569  EHBOND  =         0.0000  RESTRAINT  =         0.0000
 EKCMT  =    111676.2588  VIRIAL  =    108454.8175  VOLUME     =   4334980.8472
                                                    Density    =         1.0087
 ------------------------------------------------------------------------------


 NSTEP = 21600000   TIME(PS) =   43775.000  TEMP(K) =   299.43  PRESS =    64.6
 Etot   =  -1016434.4828  EKtot   =    262724.0312  EPtot      =  -1279158.5141
 BOND   =     10507.7806  ANGLE   =     28058.5211  DIHED      =     32991.0188
 1-4 NB =     12469.8666  1-4 EEL =    135215.0984  VDWAALS    =    151928.7379
 EELEC  =  -1650329.5374  EHBOND  =         0.0000  RESTRAINT  =         0.0000
 EKCMT  =    111980.9888  VIRIAL  =    105943.7547  VOLUME     =   4331727.9626
                                                    Density    =         1.0095
 ------------------------------------------------------------------------------


 NSTEP = 21650000   TIME(PS) =   43875.000  TEMP(K) =   299.90  PRESS =    56.9
 Etot   =  -1016097.2352  EKtot   =    263133.9688  EPtot      =  -1279231.2039
 BOND   =     10559.5400  ANGLE   =     27858.5470  DIHED      =     32967.0863
 1-4 NB =     12352.3171  1-4 EEL =    135392.4903  VDWAALS    =    152204.2024
 EELEC  =  -1650565.3871  EHBOND  =         0.0000  RESTRAINT  =         0.0000
 EKCMT  =    111845.1565  VIRIAL  =    106519.5767  VOLUME     =   4334798.0261
                                                    Density    =         1.0088
 ------------------------------------------------------------------------------


 NSTEP = 21700000   TIME(PS) =   43975.000  TEMP(K) =   299.22  PRESS =   -48.7
 Etot   =  -1017618.7090  EKtot   =    262532.7812  EPtot      =  -1280151.4902
 BOND   =     10405.0111  ANGLE   =     27811.4878  DIHED      =     33144.2021
 1-4 NB =     12451.9866  1-4 EEL =    135174.0012  VDWAALS    =    152465.8252
 EELEC  =  -1651604.0042  EHBOND  =         0.0000  RESTRAINT  =         0.0000
 EKCMT  =    112280.7263  VIRIAL  =    116835.8207  VOLUME     =   4333585.6336
                                                    Density    =         1.0090
 ------------------------------------------------------------------------------


 NSTEP = 21750000   TIME(PS) =   44075.000  TEMP(K) =   299.28  PRESS =   -13.3
 Etot   =  -1018512.5479  EKtot   =    262589.0312  EPtot      =  -1281101.5791
 BOND   =     10520.3244  ANGLE   =     27796.0161  DIHED      =     32845.2294
 1-4 NB =     12427.7525  1-4 EEL =    135175.5203  VDWAALS    =    152781.0919
 EELEC  =  -1652647.5137  EHBOND  =         0.0000  RESTRAINT  =         0.0000
 EKCMT  =    111711.8431  VIRIAL  =    112958.5571  VOLUME     =   4332975.7053
                                                    Density    =         1.0092
 ------------------------------------------------------------------------------


 NSTEP = 21800000   TIME(PS) =   44175.000  TEMP(K) =   300.07  PRESS =   -36.3
 Etot   =  -1017022.6745  EKtot   =    263283.5312  EPtot      =  -1280306.2058
 BOND   =     10330.2934  ANGLE   =     27886.8732  DIHED      =     32939.3376
 1-4 NB =     12348.2628  1-4 EEL =    135215.3164  VDWAALS    =    151571.0042
 EELEC  =  -1650597.2934  EHBOND  =         0.0000  RESTRAINT  =         0.0000
 EKCMT  =    111947.3845  VIRIAL  =    115347.8120  VOLUME     =   4334281.3412
                                                    Density    =         1.0089
 ------------------------------------------------------------------------------


 NSTEP = 21850000   TIME(PS) =   44275.000  TEMP(K) =   300.39  PRESS =    65.7
 Etot   =  -1015917.7204  EKtot   =    263564.5625  EPtot      =  -1279482.2829
 BOND   =     10483.2172  ANGLE   =     27560.2770  DIHED      =     33045.1775
 1-4 NB =     12347.0095  1-4 EEL =    135311.5927  VDWAALS    =    153411.8273
 EELEC  =  -1651641.3840  EHBOND  =         0.0000  RESTRAINT  =         0.0000
 EKCMT  =    112487.1922  VIRIAL  =    106336.8603  VOLUME     =   4336446.7995
                                                    Density    =         1.0084
 ------------------------------------------------------------------------------


 NSTEP = 21900000   TIME(PS) =   44375.000  TEMP(K) =   299.98  PRESS =   -48.4
 Etot   =  -1016814.1584  EKtot   =    263203.3750  EPtot      =  -1280017.5334
 BOND   =     10537.9061  ANGLE   =     28024.3445  DIHED      =     32960.0866
 1-4 NB =     12476.6364  1-4 EEL =    135229.0724  VDWAALS    =    152653.3415
 EELEC  =  -1651898.9209  EHBOND  =         0.0000  RESTRAINT  =         0.0000
 EKCMT  =    111853.4390  VIRIAL  =    116383.4518  VOLUME     =   4335227.9832
                                                    Density    =         1.0087
 ------------------------------------------------------------------------------


 NSTEP = 21950000   TIME(PS) =   44475.000  TEMP(K) =   299.81  PRESS =    28.8
 Etot   =  -1017687.7236  EKtot   =    263057.0625  EPtot      =  -1280744.7861
 BOND   =     10606.7806  ANGLE   =     27866.6286  DIHED      =     32918.4324
 1-4 NB =     12478.8237  1-4 EEL =    135427.5479  VDWAALS    =    153235.5434
 EELEC  =  -1653278.5427  EHBOND  =         0.0000  RESTRAINT  =         0.0000
 EKCMT  =    112288.4661  VIRIAL  =    109592.1979  VOLUME     =   4335119.0353
                                                    Density    =         1.0087
 ------------------------------------------------------------------------------


 NSTEP = 22000000   TIME(PS) =   44575.000  TEMP(K) =   299.68  PRESS =    53.7
 Etot   =  -1017201.9425  EKtot   =    262937.7500  EPtot      =  -1280139.6925
 BOND   =     10497.6672  ANGLE   =     28125.9032  DIHED      =     33097.8685
 1-4 NB =     12324.8770  1-4 EEL =    135010.5006  VDWAALS    =    152352.3127
 EELEC  =  -1651548.8217  EHBOND  =         0.0000  RESTRAINT  =         0.0000
 EKCMT  =    112139.3989  VIRIAL  =    107111.1817  VOLUME     =   4333872.2065
                                                    Density    =         1.0090
 ------------------------------------------------------------------------------


 NSTEP = 22050000   TIME(PS) =   44675.000  TEMP(K) =   300.74  PRESS =    43.6
 Etot   =  -1015687.8561  EKtot   =    263868.4375  EPtot      =  -1279556.2936
 BOND   =     10547.2760  ANGLE   =     28070.5115  DIHED      =     32911.7552
 1-4 NB =     12374.2611  1-4 EEL =    135286.8323  VDWAALS    =    152637.9568
 EELEC  =  -1651384.8865  EHBOND  =         0.0000  RESTRAINT  =         0.0000
 EKCMT  =    112703.7353  VIRIAL  =    108621.4820  VOLUME     =   4334469.7204
                                                    Density    =         1.0088
 ------------------------------------------------------------------------------


 NSTEP = 22100000   TIME(PS) =   44775.000  TEMP(K) =   300.23  PRESS =   -59.4
 Etot   =  -1016625.3357  EKtot   =    263419.7188  EPtot      =  -1280045.0544
 BOND   =     10466.6846  ANGLE   =     27675.2588  DIHED      =     32923.5029
 1-4 NB =     12507.6342  1-4 EEL =    135532.0800  VDWAALS    =    152447.4731
 EELEC  =  -1651597.6879  EHBOND  =         0.0000  RESTRAINT  =         0.0000
 EKCMT  =    112604.3171  VIRIAL  =    118161.0585  VOLUME     =   4335688.1319
                                                    Density    =         1.0086
 ------------------------------------------------------------------------------


 NSTEP = 22150000   TIME(PS) =   44875.000  TEMP(K) =   299.22  PRESS =     8.9
 Etot   =  -1017362.3219  EKtot   =    262536.4375  EPtot      =  -1279898.7594
 BOND   =     10304.7265  ANGLE   =     27835.9235  DIHED      =     33048.7437
 1-4 NB =     12415.7110  1-4 EEL =    135118.4010  VDWAALS    =    152592.4197
 EELEC  =  -1651214.6848  EHBOND  =         0.0000  RESTRAINT  =         0.0000
 EKCMT  =    111877.8576  VIRIAL  =    111047.7827  VOLUME     =   4334066.6709
                                                    Density    =         1.0089
 ------------------------------------------------------------------------------


 NSTEP = 22200000   TIME(PS) =   44975.000  TEMP(K) =   300.30  PRESS =   -16.1
 Etot   =  -1016590.1628  EKtot   =    263482.0625  EPtot      =  -1280072.2253
 BOND   =     10509.7959  ANGLE   =     27759.3596  DIHED      =     32920.2705
 1-4 NB =     12430.1243  1-4 EEL =    135148.2229  VDWAALS    =    151909.1108
 EELEC  =  -1650749.1093  EHBOND  =         0.0000  RESTRAINT  =         0.0000
 EKCMT  =    112280.3606  VIRIAL  =    113783.2413  VOLUME     =   4333903.4348
                                                    Density    =         1.0090
 ------------------------------------------------------------------------------


 NSTEP = 22250000   TIME(PS) =   45075.000  TEMP(K) =   299.92  PRESS =   -97.4
 Etot   =  -1017318.0156  EKtot   =    263152.5000  EPtot      =  -1280470.5156
 BOND   =     10477.5011  ANGLE   =     27803.4226  DIHED      =     32979.1073
 1-4 NB =     12393.5639  1-4 EEL =    135151.7596  VDWAALS    =    151665.0557
 EELEC  =  -1650940.9258  EHBOND  =         0.0000  RESTRAINT  =         0.0000
 EKCMT  =    111959.2892  VIRIAL  =    121072.0152  VOLUME     =   4334695.5457
                                                    Density    =         1.0088
 ------------------------------------------------------------------------------


 NSTEP = 22300000   TIME(PS) =   45175.000  TEMP(K) =   300.48  PRESS =   -36.1
 Etot   =  -1016283.2621  EKtot   =    263641.7188  EPtot      =  -1279924.9809
 BOND   =     10507.4100  ANGLE   =     28008.2001  DIHED      =     33067.3729
 1-4 NB =     12360.4649  1-4 EEL =    135185.7503  VDWAALS    =    153109.8919
 EELEC  =  -1652164.0711  EHBOND  =         0.0000  RESTRAINT  =         0.0000
 EKCMT  =    112364.9418  VIRIAL  =    115740.6963  VOLUME     =   4335025.6421
                                                    Density    =         1.0087
 ------------------------------------------------------------------------------


 NSTEP = 22350000   TIME(PS) =   45275.000  TEMP(K) =   300.04  PRESS =   -35.8
 Etot   =  -1016849.9287  EKtot   =    263256.9062  EPtot      =  -1280106.8349
 BOND   =     10413.7111  ANGLE   =     27775.1944  DIHED      =     33021.2644
 1-4 NB =     12358.2199  1-4 EEL =    135135.0394  VDWAALS    =    152035.4833
 EELEC  =  -1650845.7475  EHBOND  =         0.0000  RESTRAINT  =         0.0000
 EKCMT  =    112739.4562  VIRIAL  =    116090.6394  VOLUME     =   4333306.0060
                                                    Density    =         1.0091
 ------------------------------------------------------------------------------


 NSTEP = 22400000   TIME(PS) =   45375.000  TEMP(K) =   300.73  PRESS =    37.2
 Etot   =  -1015290.2519  EKtot   =    263863.7188  EPtot      =  -1279153.9706
 BOND   =     10332.3960  ANGLE   =     27979.1145  DIHED      =     33132.2912
 1-4 NB =     12340.9884  1-4 EEL =    134979.8831  VDWAALS    =    152277.8667
 EELEC  =  -1650196.5105  EHBOND  =         0.0000  RESTRAINT  =         0.0000
 EKCMT  =    112457.4697  VIRIAL  =    108978.4139  VOLUME     =   4336633.2543
                                                    Density    =         1.0083
 ------------------------------------------------------------------------------


 NSTEP = 22450000   TIME(PS) =   45475.000  TEMP(K) =   299.79  PRESS =    40.2
 Etot   =  -1017724.8604  EKtot   =    263032.5000  EPtot      =  -1280757.3604
 BOND   =     10501.9400  ANGLE   =     27717.3518  DIHED      =     33130.1027
 1-4 NB =     12364.8389  1-4 EEL =    135303.9362  VDWAALS    =    152623.0842
 EELEC  =  -1652398.6141  EHBOND  =         0.0000  RESTRAINT  =         0.0000
 EKCMT  =    112472.1569  VIRIAL  =    108716.9161  VOLUME     =   4330669.1443
                                                    Density    =         1.0097
 ------------------------------------------------------------------------------


 NSTEP = 22500000   TIME(PS) =   45575.000  TEMP(K) =   300.37  PRESS =    -7.6
 Etot   =  -1015508.5023  EKtot   =    263548.0312  EPtot      =  -1279056.5335
 BOND   =     10492.0221  ANGLE   =     27879.1469  DIHED      =     32889.9878
 1-4 NB =     12474.7784  1-4 EEL =    135314.7715  VDWAALS    =    152447.6023
 EELEC  =  -1650554.8426  EHBOND  =         0.0000  RESTRAINT  =         0.0000
 EKCMT  =    112366.7106  VIRIAL  =    113075.0332  VOLUME     =   4336539.1388
                                                    Density    =         1.0084
 ------------------------------------------------------------------------------


 NSTEP = 22550000   TIME(PS) =   45675.000  TEMP(K) =   300.08  PRESS =    19.4
 Etot   =  -1017481.5239  EKtot   =    263286.7500  EPtot      =  -1280768.2739
 BOND   =     10414.2319  ANGLE   =     27767.3665  DIHED      =     33047.2169
 1-4 NB =     12324.4474  1-4 EEL =    135284.8589  VDWAALS    =    152574.0775
 EELEC  =  -1652180.4730  EHBOND  =         0.0000  RESTRAINT  =         0.0000
 EKCMT  =    112246.3467  VIRIAL  =    110430.8925  VOLUME     =   4333216.4941
                                                    Density    =         1.0091
 ------------------------------------------------------------------------------


 NSTEP = 22600000   TIME(PS) =   45775.000  TEMP(K) =   300.54  PRESS =    31.9
 Etot   =  -1017650.6555  EKtot   =    263697.3438  EPtot      =  -1281347.9992
 BOND   =     10348.8976  ANGLE   =     27877.3624  DIHED      =     32890.6214
 1-4 NB =     12398.6224  1-4 EEL =    135267.2167  VDWAALS    =    153150.1925
 EELEC  =  -1653280.9122  EHBOND  =         0.0000  RESTRAINT  =         0.0000
 EKCMT  =    112240.2159  VIRIAL  =    109256.8810  VOLUME     =   4335227.1437
                                                    Density    =         1.0087
 ------------------------------------------------------------------------------


 NSTEP = 22650000   TIME(PS) =   45875.000  TEMP(K) =   300.11  PRESS =   -22.8
 Etot   =  -1016559.7346  EKtot   =    263320.9688  EPtot      =  -1279880.7033
 BOND   =     10340.1955  ANGLE   =     27855.9048  DIHED      =     32990.4799
 1-4 NB =     12442.0920  1-4 EEL =    135171.0637  VDWAALS    =    152490.0991
 EELEC  =  -1651170.5383  EHBOND  =         0.0000  RESTRAINT  =         0.0000
 EKCMT  =    112713.9669  VIRIAL  =    114847.5782  VOLUME     =   4335113.5652
                                                    Density    =         1.0087
 ------------------------------------------------------------------------------


 NSTEP = 22700000   TIME(PS) =   45975.000  TEMP(K) =   300.21  PRESS =   -24.6
 Etot   =  -1017125.3671  EKtot   =    263407.0625  EPtot      =  -1280532.4296
 BOND   =     10296.4576  ANGLE   =     27679.0150  DIHED      =     33044.1378
 1-4 NB =     12377.8096  1-4 EEL =    135216.5919  VDWAALS    =    152573.0735
 EELEC  =  -1651719.5150  EHBOND  =         0.0000  RESTRAINT  =         0.0000
 EKCMT  =    112122.9551  VIRIAL  =    114425.0951  VOLUME     =   4335005.0672
                                                    Density    =         1.0087
 ------------------------------------------------------------------------------


 NSTEP = 22750000   TIME(PS) =   46075.000  TEMP(K) =   300.35  PRESS =    -6.2
 Etot   =  -1016579.1159  EKtot   =    263524.6875  EPtot      =  -1280103.8034
 BOND   =     10463.7856  ANGLE   =     27720.2990  DIHED      =     32974.5371
 1-4 NB =     12378.8883  1-4 EEL =    135158.5724  VDWAALS    =    152074.9712
 EELEC  =  -1650874.8570  EHBOND  =         0.0000  RESTRAINT  =         0.0000
 EKCMT  =    111996.3564  VIRIAL  =    112574.4120  VOLUME     =   4336285.4210
                                                    Density    =         1.0084
 ------------------------------------------------------------------------------


 NSTEP = 22800000   TIME(PS) =   46175.000  TEMP(K) =   299.27  PRESS =    -5.2
 Etot   =  -1016497.2710  EKtot   =    262578.4375  EPtot      =  -1279075.7085
 BOND   =     10296.9754  ANGLE   =     27870.3970  DIHED      =     33163.4843
 1-4 NB =     12392.2023  1-4 EEL =    135290.1734  VDWAALS    =    152607.9165
 EELEC  =  -1650696.8575  EHBOND  =         0.0000  RESTRAINT  =         0.0000
 EKCMT  =    111907.1702  VIRIAL  =    112394.7862  VOLUME     =   4335770.8950
                                                    Density    =         1.0085
 ------------------------------------------------------------------------------


 NSTEP = 22850000   TIME(PS) =   46275.000  TEMP(K) =   300.19  PRESS =   -51.6
 Etot   =  -1016637.7559  EKtot   =    263390.6562  EPtot      =  -1280028.4121
 BOND   =     10441.6061  ANGLE   =     27760.2224  DIHED      =     33030.7342
 1-4 NB =     12369.2262  1-4 EEL =    135147.7129  VDWAALS    =    152419.9443
 EELEC  =  -1651197.8583  EHBOND  =         0.0000  RESTRAINT  =         0.0000
 EKCMT  =    112097.2858  VIRIAL  =    116931.2093  VOLUME     =   4336504.6813
                                                    Density    =         1.0084
 ------------------------------------------------------------------------------


 NSTEP = 22900000   TIME(PS) =   46375.000  TEMP(K) =   299.59  PRESS =   -12.5
 Etot   =  -1017846.6318  EKtot   =    262861.7500  EPtot      =  -1280708.3818
 BOND   =     10478.7862  ANGLE   =     27956.1967  DIHED      =     32941.6480
 1-4 NB =     12353.6435  1-4 EEL =    135044.9286  VDWAALS    =    152020.0932
 EELEC  =  -1651503.6779  EHBOND  =         0.0000  RESTRAINT  =         0.0000
 EKCMT  =    111953.4312  VIRIAL  =    113125.2464  VOLUME     =   4332435.9836
                                                    Density    =         1.0093
 ------------------------------------------------------------------------------


 NSTEP = 22950000   TIME(PS) =   46475.000  TEMP(K) =   300.08  PRESS =    17.1
 Etot   =  -1016896.4276  EKtot   =    263294.5000  EPtot      =  -1280190.9276
 BOND   =     10448.5261  ANGLE   =     27679.2620  DIHED      =     32840.8626
 1-4 NB =     12307.5850  1-4 EEL =    135373.1524  VDWAALS    =    153224.1683
 EELEC  =  -1652064.4840  EHBOND  =         0.0000  RESTRAINT  =         0.0000
 EKCMT  =    111983.4250  VIRIAL  =    110384.7448  VOLUME     =   4334920.1481
                                                    Density    =         1.0087
 ------------------------------------------------------------------------------


 NSTEP = 23000000   TIME(PS) =   46575.000  TEMP(K) =   300.27  PRESS =    41.4
 Etot   =  -1017328.0533  EKtot   =    263453.6562  EPtot      =  -1280781.7096
 BOND   =     10404.4731  ANGLE   =     27719.2590  DIHED      =     33006.7261
 1-4 NB =     12373.3577  1-4 EEL =    134962.0643  VDWAALS    =    152499.4951
 EELEC  =  -1651747.0849  EHBOND  =         0.0000  RESTRAINT  =         0.0000
 EKCMT  =    112277.3715  VIRIAL  =    108403.0256  VOLUME     =   4334248.1110
                                                    Density    =         1.0089
 ------------------------------------------------------------------------------


 NSTEP = 23050000   TIME(PS) =   46675.000  TEMP(K) =   300.19  PRESS =    69.2
 Etot   =  -1017054.0298  EKtot   =    263383.9062  EPtot      =  -1280437.9361
 BOND   =     10344.5550  ANGLE   =     27883.3645  DIHED      =     32924.8905
 1-4 NB =     12422.8564  1-4 EEL =    135099.9911  VDWAALS    =    153098.5167
 EELEC  =  -1652212.1103  EHBOND  =         0.0000  RESTRAINT  =         0.0000
 EKCMT  =    112222.0396  VIRIAL  =    105745.0692  VOLUME     =   4336164.0815
                                                    Density    =         1.0084
 ------------------------------------------------------------------------------


 NSTEP = 23100000   TIME(PS) =   46775.000  TEMP(K) =   299.94  PRESS =    53.7
 Etot   =  -1016529.9284  EKtot   =    263166.6562  EPtot      =  -1279696.5847
 BOND   =     10501.6283  ANGLE   =     27970.0640  DIHED      =     33088.0046
 1-4 NB =     12429.5338  1-4 EEL =    135020.2670  VDWAALS    =    153133.0794
 EELEC  =  -1651839.1618  EHBOND  =         0.0000  RESTRAINT  =         0.0000
 EKCMT  =    112331.6245  VIRIAL  =    107306.1754  VOLUME     =   4335367.0137
                                                    Density    =         1.0086
 ------------------------------------------------------------------------------


 NSTEP = 23150000   TIME(PS) =   46875.000  TEMP(K) =   300.49  PRESS =    20.3
 Etot   =  -1016928.1945  EKtot   =    263651.3438  EPtot      =  -1280579.5383
 BOND   =     10560.7197  ANGLE   =     27820.8376  DIHED      =     33014.7476
 1-4 NB =     12432.8331  1-4 EEL =    135232.7673  VDWAALS    =    152624.2543
 EELEC  =  -1652265.6979  EHBOND  =         0.0000  RESTRAINT  =         0.0000
 EKCMT  =    112419.1073  VIRIAL  =    110516.8393  VOLUME     =   4336040.9420
                                                    Density    =         1.0085
 ------------------------------------------------------------------------------


 NSTEP = 23200000   TIME(PS) =   46975.000  TEMP(K) =   299.58  PRESS =   -93.8
 Etot   =  -1017107.2000  EKtot   =    262852.3438  EPtot      =  -1279959.5437
 BOND   =     10488.7278  ANGLE   =     27740.0249  DIHED      =     32952.3501
 1-4 NB =     12413.2294  1-4 EEL =    135079.0556  VDWAALS    =    152002.3168
 EELEC  =  -1650635.2483  EHBOND  =         0.0000  RESTRAINT  =         0.0000
 EKCMT  =    112039.9839  VIRIAL  =    120816.5102  VOLUME     =   4334436.4243
                                                    Density    =         1.0088
 ------------------------------------------------------------------------------


 NSTEP = 23250000   TIME(PS) =   47075.000  TEMP(K) =   299.42  PRESS =    -6.6
 Etot   =  -1017184.2992  EKtot   =    262708.5312  EPtot      =  -1279892.8305
 BOND   =     10466.8153  ANGLE   =     27793.1440  DIHED      =     32941.3518
 1-4 NB =     12429.1361  1-4 EEL =    135246.3524  VDWAALS    =    152614.6222
 EELEC  =  -1651384.2523  EHBOND  =         0.0000  RESTRAINT  =         0.0000
 EKCMT  =    112073.1164  VIRIAL  =    112694.9520  VOLUME     =   4334675.0660
                                                    Density    =         1.0088
 ------------------------------------------------------------------------------


 NSTEP = 23300000   TIME(PS) =   47175.000  TEMP(K) =   299.51  PRESS =     9.3
 Etot   =  -1017481.0752  EKtot   =    262789.8750  EPtot      =  -1280270.9502
 BOND   =     10642.3745  ANGLE   =     27879.9881  DIHED      =     32946.8377
 1-4 NB =     12345.7567  1-4 EEL =    135002.2048  VDWAALS    =    153212.4940
 EELEC  =  -1652300.6060  EHBOND  =         0.0000  RESTRAINT  =         0.0000
 EKCMT  =    111622.4846  VIRIAL  =    110749.0906  VOLUME     =   4333299.9404
                                                    Density    =         1.0091
 ------------------------------------------------------------------------------


 NSTEP = 23350000   TIME(PS) =   47275.000  TEMP(K) =   300.15  PRESS =   -20.7
 Etot   =  -1017050.1654  EKtot   =    263349.4688  EPtot      =  -1280399.6342
 BOND   =     10456.7113  ANGLE   =     27888.6418  DIHED      =     32949.2873
 1-4 NB =     12399.7841  1-4 EEL =    134969.7841  VDWAALS    =    153074.7831
 EELEC  =  -1652138.6258  EHBOND  =         0.0000  RESTRAINT  =         0.0000
 EKCMT  =    111931.0908  VIRIAL  =    113867.1791  VOLUME     =   4334289.8489
                                                    Density    =         1.0089
 ------------------------------------------------------------------------------


 NSTEP = 23400000   TIME(PS) =   47375.000  TEMP(K) =   299.87  PRESS =    22.4
 Etot   =  -1016430.4569  EKtot   =    263104.2812  EPtot      =  -1279534.7382
 BOND   =     10583.0626  ANGLE   =     27849.7097  DIHED      =     33002.5919
 1-4 NB =     12372.2967  1-4 EEL =    135160.9999  VDWAALS    =    152627.4061
 EELEC  =  -1651130.8052  EHBOND  =         0.0000  RESTRAINT  =         0.0000
 EKCMT  =    111935.7316  VIRIAL  =    109835.5260  VOLUME     =   4335598.4787
                                                    Density    =         1.0086
 ------------------------------------------------------------------------------


 NSTEP = 23450000   TIME(PS) =   47475.000  TEMP(K) =   300.28  PRESS =  -102.1
 Etot   =  -1016977.4248  EKtot   =    263469.9688  EPtot      =  -1280447.3935
 BOND   =     10428.8543  ANGLE   =     27875.2001  DIHED      =     33116.0699
 1-4 NB =     12346.7166  1-4 EEL =    135191.3846  VDWAALS    =    152359.6128
 EELEC  =  -1651765.2318  EHBOND  =         0.0000  RESTRAINT  =         0.0000
 EKCMT  =    112046.8256  VIRIAL  =    121599.8915  VOLUME     =   4335321.1986
                                                    Density    =         1.0086
 ------------------------------------------------------------------------------


 NSTEP = 23500000   TIME(PS) =   47575.000  TEMP(K) =   299.25  PRESS =   -28.8
 Etot   =  -1017409.6649  EKtot   =    262565.1250  EPtot      =  -1279974.7899
 BOND   =     10464.7171  ANGLE   =     27982.9281  DIHED      =     33003.6389
 1-4 NB =     12356.1126  1-4 EEL =    135084.2873  VDWAALS    =    151835.6181
 EELEC  =  -1650702.0920  EHBOND  =         0.0000  RESTRAINT  =         0.0000
 EKCMT  =    111568.1695  VIRIAL  =    114263.3066  VOLUME     =   4335795.5696
                                                    Density    =         1.0085
 ------------------------------------------------------------------------------


 NSTEP = 23550000   TIME(PS) =   47675.000  TEMP(K) =   300.19  PRESS =   -11.3
 Etot   =  -1015967.6435  EKtot   =    263391.1250  EPtot      =  -1279358.7685
 BOND   =     10510.1067  ANGLE   =     27990.7167  DIHED      =     33043.3172
 1-4 NB =     12284.6957  1-4 EEL =    135036.3525  VDWAALS    =    151935.6557
 EELEC  =  -1650159.6131  EHBOND  =         0.0000  RESTRAINT  =         0.0000
 EKCMT  =    112260.1898  VIRIAL  =    113313.7070  VOLUME     =   4335657.9106
                                                    Density    =         1.0086
 ------------------------------------------------------------------------------


 NSTEP = 23600000   TIME(PS) =   47775.000  TEMP(K) =   299.67  PRESS =   -19.5
 Etot   =  -1017853.5232  EKtot   =    262932.1562  EPtot      =  -1280785.6794
 BOND   =     10425.1097  ANGLE   =     27680.4229  DIHED      =     33081.8165
 1-4 NB =     12432.6611  1-4 EEL =    135205.2847  VDWAALS    =    152743.0332
 EELEC  =  -1652354.0076  EHBOND  =         0.0000  RESTRAINT  =         0.0000
 EKCMT  =    111616.9512  VIRIAL  =    113445.9729  VOLUME     =   4334704.2832
                                                    Density    =         1.0088
 ------------------------------------------------------------------------------


 NSTEP = 23650000   TIME(PS) =   47875.000  TEMP(K) =   299.68  PRESS =    34.5
 Etot   =  -1016827.2458  EKtot   =    262938.6875  EPtot      =  -1279765.9333
 BOND   =     10415.4019  ANGLE   =     27800.9515  DIHED      =     33021.8626
 1-4 NB =     12450.0056  1-4 EEL =    135234.4101  VDWAALS    =    152551.9774
 EELEC  =  -1651240.5424  EHBOND  =         0.0000  RESTRAINT  =         0.0000
 EKCMT  =    112022.0382  VIRIAL  =    108791.3704  VOLUME     =   4335853.8193
                                                    Density    =         1.0085
 ------------------------------------------------------------------------------


 NSTEP = 23700000   TIME(PS) =   47975.000  TEMP(K) =   300.26  PRESS =   -37.7
 Etot   =  -1016950.0847  EKtot   =    263449.2188  EPtot      =  -1280399.3035
 BOND   =     10427.4629  ANGLE   =     27880.8519  DIHED      =     32987.4036
 1-4 NB =     12330.1637  1-4 EEL =    135144.4964  VDWAALS    =    152727.1240
 EELEC  =  -1651896.8059  EHBOND  =         0.0000  RESTRAINT  =         0.0000
 EKCMT  =    112304.7179  VIRIAL  =    115829.9281  VOLUME     =   4335753.7958
                                                    Density    =         1.0085
 ------------------------------------------------------------------------------


 NSTEP = 23750000   TIME(PS) =   48075.000  TEMP(K) =   299.58  PRESS =    17.2
 Etot   =  -1018277.4961  EKtot   =    262848.4375  EPtot      =  -1281125.9336
 BOND   =     10332.6860  ANGLE   =     27906.7629  DIHED      =     33003.9049
 1-4 NB =     12380.9768  1-4 EEL =    135289.2490  VDWAALS    =    153100.2515
 EELEC  =  -1653139.7648  EHBOND  =         0.0000  RESTRAINT  =         0.0000
 EKCMT  =    112018.1673  VIRIAL  =    110408.1198  VOLUME     =   4335085.2599
                                                    Density    =         1.0087
 ------------------------------------------------------------------------------


 NSTEP = 23800000   TIME(PS) =   48175.000  TEMP(K) =   299.60  PRESS =   -31.9
 Etot   =  -1016396.7623  EKtot   =    262872.5938  EPtot      =  -1279269.3561
 BOND   =     10380.3158  ANGLE   =     27961.0418  DIHED      =     33004.3203
 1-4 NB =     12399.9668  1-4 EEL =    135282.8282  VDWAALS    =    152327.2390
 EELEC  =  -1650625.0679  EHBOND  =         0.0000  RESTRAINT  =         0.0000
 EKCMT  =    111994.8154  VIRIAL  =    114981.2666  VOLUME     =   4337284.6712
                                                    Density    =         1.0082
 ------------------------------------------------------------------------------


 NSTEP = 23850000   TIME(PS) =   48275.000  TEMP(K) =   300.37  PRESS =    28.5
 Etot   =  -1016609.3597  EKtot   =    263547.4062  EPtot      =  -1280156.7659
 BOND   =     10501.7476  ANGLE   =     27884.6191  DIHED      =     33012.3176
 1-4 NB =     12356.5784  1-4 EEL =    134951.4390  VDWAALS    =    152430.1848
 EELEC  =  -1651293.6524  EHBOND  =         0.0000  RESTRAINT  =         0.0000
 EKCMT  =    112030.5442  VIRIAL  =    109360.0989  VOLUME     =   4333008.1628
                                                    Density    =         1.0092
 ------------------------------------------------------------------------------


 NSTEP = 23900000   TIME(PS) =   48375.000  TEMP(K) =   300.34  PRESS =    -8.2
 Etot   =  -1015544.5686  EKtot   =    263517.1875  EPtot      =  -1279061.7561
 BOND   =     10452.9790  ANGLE   =     28000.1798  DIHED      =     33004.1715
 1-4 NB =     12336.3895  1-4 EEL =    134948.8069  VDWAALS    =    152409.9857
 EELEC  =  -1650214.2686  EHBOND  =         0.0000  RESTRAINT  =         0.0000
 EKCMT  =    112550.7082  VIRIAL  =    113322.0184  VOLUME     =   4336513.4059
                                                    Density    =         1.0084
 ------------------------------------------------------------------------------


 NSTEP = 23950000   TIME(PS) =   48475.000  TEMP(K) =   299.70  PRESS =    42.3
 Etot   =  -1016066.0268  EKtot   =    262955.5312  EPtot      =  -1279021.5580
 BOND   =     10538.7594  ANGLE   =     27691.2848  DIHED      =     32988.0895
 1-4 NB =     12394.9647  1-4 EEL =    135407.0751  VDWAALS    =    152610.5556
 EELEC  =  -1650652.2871  EHBOND  =         0.0000  RESTRAINT  =         0.0000
 EKCMT  =    111647.9101  VIRIAL  =    107687.9416  VOLUME     =   4336138.1548
                                                    Density    =         1.0084
 ------------------------------------------------------------------------------


 NSTEP = 24000000   TIME(PS) =   48575.000  TEMP(K) =   300.08  PRESS =    61.2
 Etot   =  -1015748.8401  EKtot   =    263294.4375  EPtot      =  -1279043.2776
 BOND   =     10450.2817  ANGLE   =     27712.7162  DIHED      =     33082.1429
 1-4 NB =     12444.2479  1-4 EEL =    135381.1341  VDWAALS    =    153114.0770
 EELEC  =  -1651227.8773  EHBOND  =         0.0000  RESTRAINT  =         0.0000
 EKCMT  =    112008.8861  VIRIAL  =    106280.9780  VOLUME     =   4334550.4056
                                                    Density    =         1.0088
 ------------------------------------------------------------------------------


 NSTEP = 24050000   TIME(PS) =   48675.000  TEMP(K) =   300.01  PRESS =    19.8
 Etot   =  -1017110.6871  EKtot   =    263231.7500  EPtot      =  -1280342.4371
 BOND   =     10380.6007  ANGLE   =     27862.9315  DIHED      =     33014.3046
 1-4 NB =     12438.6922  1-4 EEL =    135320.4919  VDWAALS    =    151920.2259
 EELEC  =  -1651279.6840  EHBOND  =         0.0000  RESTRAINT  =         0.0000
 EKCMT  =    112052.9617  VIRIAL  =    110203.7180  VOLUME     =   4333358.9374
                                                    Density    =         1.0091
 ------------------------------------------------------------------------------


 NSTEP = 24100000   TIME(PS) =   48775.000  TEMP(K) =   300.78  PRESS =   -41.7
 Etot   =  -1015553.0711  EKtot   =    263907.6875  EPtot      =  -1279460.7586
 BOND   =     10475.9960  ANGLE   =     27827.0152  DIHED      =     33120.6119
 1-4 NB =     12375.4906  1-4 EEL =    135216.2912  VDWAALS    =    151855.1727
 EELEC  =  -1650331.3363  EHBOND  =         0.0000  RESTRAINT  =         0.0000
 EKCMT  =    112706.2218  VIRIAL  =    116610.5472  VOLUME     =   4336064.0395
                                                    Density    =         1.0085
 ------------------------------------------------------------------------------


 NSTEP = 24150000   TIME(PS) =   48875.000  TEMP(K) =   300.15  PRESS =   -81.7
 Etot   =  -1016317.6403  EKtot   =    263356.0938  EPtot      =  -1279673.7340
 BOND   =     10434.0278  ANGLE   =     28153.9749  DIHED      =     33048.6554
 1-4 NB =     12345.5243  1-4 EEL =    135261.7467  VDWAALS    =    152099.0163
 EELEC  =  -1651016.6794  EHBOND  =         0.0000  RESTRAINT  =         0.0000
 EKCMT  =    112243.4117  VIRIAL  =    119889.4294  VOLUME     =   4335516.9388
                                                    Density    =         1.0086
 ------------------------------------------------------------------------------


 NSTEP = 24200000   TIME(PS) =   48975.000  TEMP(K) =   299.96  PRESS =   -46.8
 Etot   =  -1016094.3643  EKtot   =    263184.0000  EPtot      =  -1279278.3643
 BOND   =     10509.7728  ANGLE   =     28013.5527  DIHED      =     32958.4764
 1-4 NB =     12373.1594  1-4 EEL =    135138.9089  VDWAALS    =    151945.7714
 EELEC  =  -1650218.0059  EHBOND  =         0.0000  RESTRAINT  =         0.0000
 EKCMT  =    112463.8964  VIRIAL  =    116848.6321  VOLUME     =   4335412.5641
                                                    Density    =         1.0086
 ------------------------------------------------------------------------------


 NSTEP = 24250000   TIME(PS) =   49075.000  TEMP(K) =   300.42  PRESS =    41.8
 Etot   =  -1016044.3761  EKtot   =    263591.1875  EPtot      =  -1279635.5636
 BOND   =     10228.2292  ANGLE   =     27740.7981  DIHED      =     32898.6431
 1-4 NB =     12394.8965  1-4 EEL =    135440.4374  VDWAALS    =    151973.0790
 EELEC  =  -1650311.6468  EHBOND  =         0.0000  RESTRAINT  =         0.0000
 EKCMT  =    112006.9695  VIRIAL  =    108089.4231  VOLUME     =   4337810.0116
                                                    Density    =         1.0081
 ------------------------------------------------------------------------------


 NSTEP = 24300000   TIME(PS) =   49175.000  TEMP(K) =   300.01  PRESS =    43.1
 Etot   =  -1016901.2933  EKtot   =    263232.2500  EPtot      =  -1280133.5433
 BOND   =     10457.6352  ANGLE   =     27842.1957  DIHED      =     33021.3578
 1-4 NB =     12373.2630  1-4 EEL =    135261.2171  VDWAALS    =    153973.0205
 EELEC  =  -1653062.2325  EHBOND  =         0.0000  RESTRAINT  =         0.0000
 EKCMT  =    112002.3775  VIRIAL  =    107970.7930  VOLUME     =   4335376.4892
                                                    Density    =         1.0086
 ------------------------------------------------------------------------------


 NSTEP = 24350000   TIME(PS) =   49275.000  TEMP(K) =   300.13  PRESS =    37.8
 Etot   =  -1016238.5524  EKtot   =    263337.4688  EPtot      =  -1279576.0211
 BOND   =     10411.9071  ANGLE   =     28065.1262  DIHED      =     33047.3218
 1-4 NB =     12345.2092  1-4 EEL =    135212.5997  VDWAALS    =    152202.1869
 EELEC  =  -1650860.3720  EHBOND  =         0.0000  RESTRAINT  =         0.0000
 EKCMT  =    112074.2833  VIRIAL  =    108536.7049  VOLUME     =   4337018.3572
                                                    Density    =         1.0082
 ------------------------------------------------------------------------------


 NSTEP = 24400000   TIME(PS) =   49375.000  TEMP(K) =   300.13  PRESS =    90.8
 Etot   =  -1016588.3643  EKtot   =    263334.0312  EPtot      =  -1279922.3955
 BOND   =     10603.0430  ANGLE   =     27851.6840  DIHED      =     33086.6230
 1-4 NB =     12345.1556  1-4 EEL =    135189.4527  VDWAALS    =    152123.7262
 EELEC  =  -1651122.0800  EHBOND  =         0.0000  RESTRAINT  =         0.0000
 EKCMT  =    112636.0525  VIRIAL  =    104139.7513  VOLUME     =   4333308.0884
                                                    Density    =         1.0091
 ------------------------------------------------------------------------------


 NSTEP = 24450000   TIME(PS) =   49475.000  TEMP(K) =   299.87  PRESS =    43.6
 Etot   =  -1017400.7603  EKtot   =    263105.0938  EPtot      =  -1280505.8541
 BOND   =     10409.0983  ANGLE   =     27935.7362  DIHED      =     32981.4097
 1-4 NB =     12360.4543  1-4 EEL =    135155.9948  VDWAALS    =    153621.8958
 EELEC  =  -1652970.4432  EHBOND  =         0.0000  RESTRAINT  =         0.0000
 EKCMT  =    111847.5665  VIRIAL  =    107766.5888  VOLUME     =   4334254.6216
                                                    Density    =         1.0089
 ------------------------------------------------------------------------------


 NSTEP = 24500000   TIME(PS) =   49575.000  TEMP(K) =   300.56  PRESS =   -16.1
 Etot   =  -1015997.4398  EKtot   =    263708.6250  EPtot      =  -1279706.0648
 BOND   =     10556.1024  ANGLE   =     27812.4628  DIHED      =     33062.2691
 1-4 NB =     12380.5683  1-4 EEL =    135079.8900  VDWAALS    =    152474.5218
 EELEC  =  -1651071.8792  EHBOND  =         0.0000  RESTRAINT  =         0.0000
 EKCMT  =    112176.9696  VIRIAL  =    113681.1726  VOLUME     =   4333260.2995
                                                    Density    =         1.0091
 ------------------------------------------------------------------------------


 NSTEP = 24550000   TIME(PS) =   49675.000  TEMP(K) =   299.68  PRESS =    23.7
 Etot   =  -1016999.0563  EKtot   =    262942.5312  EPtot      =  -1279941.5876
 BOND   =     10543.3240  ANGLE   =     27949.4884  DIHED      =     33078.7137
 1-4 NB =     12436.5675  1-4 EEL =    135269.5924  VDWAALS    =    152495.6479
 EELEC  =  -1651714.9215  EHBOND  =         0.0000  RESTRAINT  =         0.0000
 EKCMT  =    111887.0859  VIRIAL  =    109667.9600  VOLUME     =   4335178.9331
                                                    Density    =         1.0087
 ------------------------------------------------------------------------------


 NSTEP = 24600000   TIME(PS) =   49775.000  TEMP(K) =   300.11  PRESS =    -8.5
 Etot   =  -1017691.2311  EKtot   =    263312.6875  EPtot      =  -1281003.9186
 BOND   =     10559.2253  ANGLE   =     27680.7039  DIHED      =     32883.6030
 1-4 NB =     12372.2946  1-4 EEL =    135071.7548  VDWAALS    =    152639.5272
 EELEC  =  -1652211.0272  EHBOND  =         0.0000  RESTRAINT  =         0.0000
 EKCMT  =    112619.3187  VIRIAL  =    113415.7459  VOLUME     =   4335770.7421
                                                    Density    =         1.0085
 ------------------------------------------------------------------------------


 NSTEP = 24650000   TIME(PS) =   49875.000  TEMP(K) =   299.87  PRESS =     7.9
 Etot   =  -1016145.3849  EKtot   =    263103.5000  EPtot      =  -1279248.8849
 BOND   =     10533.8365  ANGLE   =     27994.5938  DIHED      =     33022.4058
 1-4 NB =     12370.0102  1-4 EEL =    135224.6605  VDWAALS    =    151771.4207
 EELEC  =  -1650165.8124  EHBOND  =         0.0000  RESTRAINT  =         0.0000
 EKCMT  =    111993.3491  VIRIAL  =    111250.4826  VOLUME     =   4334636.0776
                                                    Density    =         1.0088
 ------------------------------------------------------------------------------


 NSTEP = 24700000   TIME(PS) =   49975.000  TEMP(K) =   299.40  PRESS =   -78.3
 Etot   =  -1018317.1274  EKtot   =    262692.4062  EPtot      =  -1281009.5336
 BOND   =     10479.8038  ANGLE   =     27931.5547  DIHED      =     33066.5684
 1-4 NB =     12316.4831  1-4 EEL =    135150.2893  VDWAALS    =    152347.5717
 EELEC  =  -1652301.8046  EHBOND  =         0.0000  RESTRAINT  =         0.0000
 EKCMT  =    111880.2468  VIRIAL  =    119198.9410  VOLUME     =   4331165.0734
                                                    Density    =         1.0096
 ------------------------------------------------------------------------------


 NSTEP = 24750000   TIME(PS) =   50075.000  TEMP(K) =   299.68  PRESS =   -86.9
 Etot   =  -1016998.7898  EKtot   =    262938.8438  EPtot      =  -1279937.6335
 BOND   =     10383.1769  ANGLE   =     27989.9648  DIHED      =     33028.0218
 1-4 NB =     12394.7360  1-4 EEL =    135040.4002  VDWAALS    =    152578.3073
 EELEC  =  -1651352.2406  EHBOND  =         0.0000  RESTRAINT  =         0.0000
 EKCMT  =    112143.0532  VIRIAL  =    120274.4122  VOLUME     =   4334010.4498
                                                    Density    =         1.0089
 ------------------------------------------------------------------------------


 NSTEP = 24800000   TIME(PS) =   50175.000  TEMP(K) =   300.99  PRESS =    39.7
 Etot   =  -1016154.2110  EKtot   =    264089.5938  EPtot      =  -1280243.8048
 BOND   =     10553.0437  ANGLE   =     27891.2449  DIHED      =     32962.3143
 1-4 NB =     12304.4743  1-4 EEL =    135003.7233  VDWAALS    =    152665.7925
 EELEC  =  -1651624.3978  EHBOND  =         0.0000  RESTRAINT  =         0.0000
 EKCMT  =    112420.4898  VIRIAL  =    108706.2010  VOLUME     =   4335686.0043
                                                    Density    =         1.0086
 ------------------------------------------------------------------------------


 NSTEP = 24850000   TIME(PS) =   50275.000  TEMP(K) =   300.10  PRESS =   -18.9
 Etot   =  -1017702.9491  EKtot   =    263304.3438  EPtot      =  -1281007.2928
 BOND   =     10505.4865  ANGLE   =     28031.6060  DIHED      =     32970.4120
 1-4 NB =     12390.1408  1-4 EEL =    135188.3357  VDWAALS    =    153713.4042
 EELEC  =  -1653806.6781  EHBOND  =         0.0000  RESTRAINT  =         0.0000
 EKCMT  =    111949.5885  VIRIAL  =    113720.1202  VOLUME     =   4335158.0120
                                                    Density    =         1.0087
 ------------------------------------------------------------------------------


 NSTEP = 24900000   TIME(PS) =   50375.000  TEMP(K) =   300.36  PRESS =    50.3
 Etot   =  -1016625.8651  EKtot   =    263536.1250  EPtot      =  -1280161.9901
 BOND   =     10431.3787  ANGLE   =     27781.9178  DIHED      =     32942.3039
 1-4 NB =     12446.3736  1-4 EEL =    135020.5053  VDWAALS    =    152663.6390
 EELEC  =  -1651448.1084  EHBOND  =         0.0000  RESTRAINT  =         0.0000
 EKCMT  =    112357.0086  VIRIAL  =    107645.7897  VOLUME     =   4334116.2714
                                                    Density    =         1.0089
 ------------------------------------------------------------------------------


 NSTEP = 24950000   TIME(PS) =   50475.000  TEMP(K) =   300.51  PRESS =    64.4
 Etot   =  -1017115.2601  EKtot   =    263670.5000  EPtot      =  -1280785.7601
 BOND   =     10428.4158  ANGLE   =     27904.9228  DIHED      =     32875.8493
 1-4 NB =     12405.0685  1-4 EEL =    134697.1767  VDWAALS    =    153405.2808
 EELEC  =  -1652502.4740  EHBOND  =         0.0000  RESTRAINT  =         0.0000
 EKCMT  =    112356.3533  VIRIAL  =    106322.6803  VOLUME     =   4336220.1687
                                                    Density    =         1.0084
 ------------------------------------------------------------------------------


 NSTEP = 25000000   TIME(PS) =   50575.000  TEMP(K) =   301.06  PRESS =   -79.8
 Etot   =  -1016428.5887  EKtot   =    264151.7812  EPtot      =  -1280580.3700
 BOND   =     10338.8499  ANGLE   =     28030.9228  DIHED      =     33102.7532
 1-4 NB =     12377.8189  1-4 EEL =    135039.0832  VDWAALS    =    152034.9479
 EELEC  =  -1651504.7459  EHBOND  =         0.0000  RESTRAINT  =         0.0000
 EKCMT  =    112330.0500  VIRIAL  =    119801.3205  VOLUME     =   4337159.8759
                                                    Density    =         1.0082
 ------------------------------------------------------------------------------


      A V E R A G E S   O V E R     500 S T E P S


 NSTEP = 25000000   TIME(PS) =   50575.000  TEMP(K) =   300.02  PRESS =     2.5
 Etot   =  -1016218.6837  EKtot   =    263237.9672  EPtot      =  -1279456.6509
 BOND   =     10460.5662  ANGLE   =     27881.7434  DIHED      =     33154.1188
 1-4 NB =     12374.7780  1-4 EEL =    135054.4495  VDWAALS    =    152670.8780
 EELEC  =  -1651053.1849  EHBOND  =         0.0000  RESTRAINT  =         0.0000
 EKCMT  =    112124.1662  VIRIAL  =    111890.9484  VOLUME     =   4336625.8414
                                                    Density    =         1.0083
 ------------------------------------------------------------------------------


      R M S  F L U C T U A T I O N S


 NSTEP = 25000000   TIME(PS) =   50575.000  TEMP(K) =     0.44  PRESS =    44.7
 Etot   =       929.5067  EKtot   =       383.2461  EPtot      =       870.8784
 BOND   =        84.3959  ANGLE   =       129.2831  DIHED      =       202.3469
 1-4 NB =        48.0341  1-4 EEL =       189.2355  VDWAALS    =       528.1677
 EELEC  =      1018.7226  EHBOND  =         0.0000  RESTRAINT  =         0.0000
 EKCMT  =       264.6584  VIRIAL  =      4195.5486  VOLUME     =      2511.6169
                                                    Density    =         0.0006
 ------------------------------------------------------------------------------

--------------------------------------------------------------------------------
   5.  TIMINGS
--------------------------------------------------------------------------------

|  NonSetup CPU Time in Major Routines:
|
|     Routine           Sec        %
|     ------------------------------
|     Nonbond      188853.33   73.51
|     Bond              0.00    0.00
|     Angle             0.00    0.00
|     Dihedral          0.00    0.00
|     Shake           175.05    0.07
|     RunMD         67840.51   26.41
|     Other            47.94    0.02
|     ------------------------------
|     Total        256916.82

|  PME Nonbond Pairlist CPU Time:
|
|     Routine              Sec        %
|     ---------------------------------
|     Set Up Cit           0.00    0.00
|     Build List           0.00    0.00
|     ---------------------------------
|     Total                0.00    0.00

|  PME Direct Force CPU Time:
|
|     Routine              Sec        %
|     ---------------------------------
|     NonBonded Calc       0.00    0.00
|     Exclude Masked       0.00    0.00
|     Other               28.02    0.01
|     ---------------------------------
|     Total               28.02    0.01

|  PME Reciprocal Force CPU Time:
|
|     Routine              Sec        %
|     ---------------------------------
|     1D bspline           0.00    0.00
|     Grid Charges         0.00    0.00
|     Scalar Sum           0.00    0.00
|     Gradient Sum         0.00    0.00
|     FFT                  0.00    0.00
|     ---------------------------------
|     Total                0.00    0.00

|  Final Performance Info:
|     -----------------------------------------------------
|     Average timings for last       1 steps:
|     Elapsed(s) =       0.00 Per Step(ms) =       0.18
|         ns/day =     938.71   seconds/ns =      92.04
|
|     Average timings for all steps:
|     Elapsed(s) =  257018.07 Per Step(ms) =      10.28
|         ns/day =      16.81   seconds/ns =    5140.36
|     -----------------------------------------------------

|  Setup CPU time:            2.92 seconds
|  NonSetup CPU time:    256916.82 seconds
|  Total CPU time:       256919.74 seconds    71.37 hours

|  Setup wall time:           3    seconds
|  NonSetup wall time:   257018    seconds
|  Total wall time:      257021    seconds    71.39 hours
